match_id,date,home_team,home_id,home_short,away_team,away_id,away_short,home_goals,away_goals,home_xg,away_xg,forecast_win,forecast_draw,forecast_loss,season,Match
26602,2024-08-16 19:00:00,Manchester United,89,MUN,Fulham,228,FLH,1,0,2.04268,0.418711,0.8069,0.1489,0.0442,2024,Manchester United v Fulham
26603,2024-08-17 11:30:00,Ipswich,285,IPS,Liverpool,87,LIV,0,2,0.342601,3.92906,0.0026,0.018,0.9794,2024,Ipswich v Liverpool
26604,2024-08-17 14:00:00,Arsenal,83,ARS,Wolverhampton Wanderers,229,WOL,2,0,1.6283,0.575835,0.6528,0.231,0.1162,2024,Arsenal v Wolverhampton Wanderers
26605,2024-08-17 14:00:00,Everton,72,EVE,Brighton,220,BRI,0,3,0.405325,1.79083,0.0481,0.1635,0.7884,2024,Everton v Brighton
26606,2024-08-17 14:00:00,Newcastle United,86,NEW,Southampton,74,SOU,1,0,0.433489,1.95483,0.0378,0.164,0.7982,2024,Newcastle United v Southampton
26607,2024-08-17 14:00:00,Nottingham Forest,249,NOT,Bournemouth,73,BOU,1,1,1.24405,1.90915,0.1994,0.2537,0.5469,2024,Nottingham Forest v Bournemouth
26608,2024-08-17 16:30:00,West Ham,81,WHU,Aston Villa,71,AVL,1,2,2.8047,2.6703,0.4123,0.2321,0.3556,2024,West Ham v Aston Villa
26609,2024-08-18 13:00:00,Brentford,244,BRE,Crystal Palace,78,CRY,2,1,1.38064,1.14757,0.4248,0.3141,0.2611,2024,Brentford v Crystal Palace
26610,2024-08-18 15:30:00,Chelsea,80,CHE,Manchester City,88,MCI,0,2,1.06123,1.18038,0.3036,0.3245,0.3719,2024,Chelsea v Manchester City
26611,2024-08-19 19:00:00,Leicester,75,LEI,Tottenham,82,TOT,1,1,1.02614,1.40775,0.2541,0.2951,0.4508,2024,Leicester v Tottenham
26612,2024-08-24 11:30:00,Brighton,220,BRI,Manchester United,89,MUN,2,1,2.14153,1.28556,0.601,0.2392,0.1598,2024,Brighton v Manchester United
26613,2024-08-24 14:00:00,Crystal Palace,78,CRY,West Ham,81,WHU,0,2,1.3761,1.53421,0.3315,0.2678,0.4007,2024,Crystal Palace v West Ham
26614,2024-08-24 14:00:00,Fulham,228,FLH,Leicester,75,LEI,2,1,1.96218,0.857005,0.6596,0.215,0.1254,2024,Fulham v Leicester
26615,2024-08-24 14:00:00,Manchester City,88,MCI,Ipswich,285,IPS,4,1,3.07818,0.479999,0.9435,0.0503,0.0062,2024,Manchester City v Ipswich
26616,2024-08-24 14:00:00,Southampton,74,SOU,Nottingham Forest,249,NOT,0,1,0.214952,2.86475,0.0067,0.0496,0.9437,2024,Southampton v Nottingham Forest
26617,2024-08-24 14:00:00,Tottenham,82,TOT,Everton,72,EVE,4,0,2.61143,0.648869,0.8398,0.1124,0.0478,2024,Tottenham v Everton
26618,2024-08-24 16:30:00,Aston Villa,71,AVL,Arsenal,83,ARS,0,2,1.31664,1.41399,0.3113,0.3023,0.3864,2024,Aston Villa v Arsenal
26619,2024-08-25 13:00:00,Wolverhampton Wanderers,229,WOL,Chelsea,80,CHE,2,6,2.4181,2.02935,0.4888,0.2228,0.2884,2024,Wolverhampton Wanderers v Chelsea
26620,2024-08-25 13:00:00,Bournemouth,73,BOU,Newcastle United,86,NEW,1,1,2.53513,1.89287,0.5396,0.2334,0.227,2024,Bournemouth v Newcastle United
26621,2024-08-25 15:30:00,Liverpool,87,LIV,Brentford,244,BRE,2,0,2.71877,0.457239,0.8893,0.0893,0.0214,2024,Liverpool v Brentford
26622,2024-08-31 11:30:00,Arsenal,83,ARS,Brighton,220,BRI,1,1,2.41798,1.81748,0.5278,0.2236,0.2486,2024,Arsenal v Brighton
26623,2024-08-31 14:00:00,Brentford,244,BRE,Southampton,74,SOU,3,1,3.86281,1.64713,0.8348,0.1027,0.0625,2024,Brentford v Southampton
26624,2024-08-31 14:00:00,Everton,72,EVE,Bournemouth,73,BOU,2,3,2.55629,2.95688,0.3027,0.216,0.4813,2024,Everton v Bournemouth
26625,2024-08-31 14:00:00,Ipswich,285,IPS,Fulham,228,FLH,1,1,0.707048,1.18883,0.2034,0.3116,0.485,2024,Ipswich v Fulham
26626,2024-08-31 14:00:00,Leicester,75,LEI,Aston Villa,71,AVL,1,2,0.774741,2.16385,0.0646,0.1791,0.7563,2024,Leicester v Aston Villa
26627,2024-08-31 14:00:00,Nottingham Forest,249,NOT,Wolverhampton Wanderers,229,WOL,1,1,1.41069,0.937632,0.4728,0.3229,0.2043,2024,Nottingham Forest v Wolverhampton Wanderers
26628,2024-08-31 16:30:00,West Ham,81,WHU,Manchester City,88,MCI,1,3,0.947201,3.19297,0.0483,0.1075,0.8442,2024,West Ham v Manchester City
26629,2024-09-01 12:30:00,Newcastle United,86,NEW,Tottenham,82,TOT,2,1,1.58694,1.63304,0.3519,0.2857,0.3624,2024,Newcastle United v Tottenham
26630,2024-09-01 12:30:00,Chelsea,80,CHE,Crystal Palace,78,CRY,1,1,2.97743,0.459708,0.9429,0.0461,0.011,2024,Chelsea v Crystal Palace
26631,2024-09-01 15:00:00,Manchester United,89,MUN,Liverpool,87,LIV,0,3,1.50087,2.10397,0.2409,0.2462,0.5129,2024,Manchester United v Liverpool
26632,2024-09-14 11:30:00,Southampton,74,SOU,Manchester United,89,MUN,0,3,1.35593,3.02693,0.0634,0.1533,0.7833,2024,Southampton v Manchester United
26633,2024-09-14 14:00:00,Brighton,220,BRI,Ipswich,285,IPS,0,0,1.75696,0.721323,0.6638,0.2448,0.0914,2024,Brighton v Ipswich
26634,2024-09-14 14:00:00,Fulham,228,FLH,West Ham,81,WHU,1,1,2.88601,0.682719,0.8681,0.0971,0.0348,2024,Fulham v West Ham
26635,2024-09-14 14:00:00,Liverpool,87,LIV,Nottingham Forest,249,NOT,0,1,1.17044,0.589532,0.5221,0.3244,0.1535,2024,Liverpool v Nottingham Forest
26636,2024-09-14 14:00:00,Crystal Palace,78,CRY,Leicester,75,LEI,2,2,2.88716,1.65187,0.6779,0.1869,0.1352,2024,Crystal Palace v Leicester
26637,2024-09-14 14:00:00,Manchester City,88,MCI,Brentford,244,BRE,2,1,1.55279,1.05094,0.4771,0.2847,0.2382,2024,Manchester City v Brentford
26638,2024-09-14 16:30:00,Aston Villa,71,AVL,Everton,72,EVE,3,2,3.15876,0.852158,0.8919,0.0838,0.0243,2024,Aston Villa v Everton
26639,2024-09-14 19:00:00,Bournemouth,73,BOU,Chelsea,80,CHE,0,1,1.53731,0.932726,0.5298,0.2902,0.18,2024,Bournemouth v Chelsea
26640,2024-09-15 13:00:00,Tottenham,82,TOT,Arsenal,83,ARS,0,1,0.792595,1.1209,0.234,0.3157,0.4503,2024,Tottenham v Arsenal
26641,2024-09-15 15:30:00,Wolverhampton Wanderers,229,WOL,Newcastle United,86,NEW,1,2,1.46969,1.48343,0.3576,0.2692,0.3732,2024,Wolverhampton Wanderers v Newcastle United
26642,2024-09-21 11:30:00,West Ham,81,WHU,Chelsea,80,CHE,0,3,0.758267,2.39727,0.0778,0.15,0.7722,2024,West Ham v Chelsea
26643,2024-09-21 14:00:00,Southampton,74,SOU,Ipswich,285,IPS,1,1,2.89813,1.645,0.6951,0.1778,0.1271,2024,Southampton v Ipswich
26644,2024-09-21 14:00:00,Leicester,75,LEI,Everton,72,EVE,1,1,1.33793,1.82377,0.2591,0.2621,0.4788,2024,Leicester v Everton
26645,2024-09-21 14:00:00,Liverpool,87,LIV,Bournemouth,73,BOU,3,0,2.43731,1.46979,0.597,0.2063,0.1967,2024,Liverpool v Bournemouth
26646,2024-09-21 14:00:00,Fulham,228,FLH,Newcastle United,86,NEW,3,1,3.21141,1.09768,0.8274,0.1124,0.0602,2024,Fulham v Newcastle United
26647,2024-09-21 14:00:00,Aston Villa,71,AVL,Wolverhampton Wanderers,229,WOL,3,1,2.37351,0.520117,0.8449,0.1134,0.0417,2024,Aston Villa v Wolverhampton Wanderers
26648,2024-09-21 14:00:00,Tottenham,82,TOT,Brentford,244,BRE,3,1,3.89481,0.893565,0.9397,0.0464,0.0139,2024,Tottenham v Brentford
26649,2024-09-21 16:30:00,Crystal Palace,78,CRY,Manchester United,89,MUN,0,0,1.66928,2.35056,0.2248,0.2317,0.5435,2024,Crystal Palace v Manchester United
26650,2024-09-22 13:00:00,Brighton,220,BRI,Nottingham Forest,249,NOT,2,2,1.56836,1.36923,0.3886,0.31,0.3014,2024,Brighton v Nottingham Forest
26651,2024-09-22 15:30:00,Manchester City,88,MCI,Arsenal,83,ARS,2,2,2.75588,1.28411,0.72,0.1782,0.1018,2024,Manchester City v Arsenal
26652,2024-09-28 11:30:00,Newcastle United,86,NEW,Manchester City,88,MCI,1,1,1.34344,1.26516,0.3867,0.2946,0.3187,2024,Newcastle United v Manchester City
26653,2024-09-28 14:00:00,Nottingham Forest,249,NOT,Fulham,228,FLH,0,1,0.614351,1.43592,0.1181,0.2591,0.6228,2024,Nottingham Forest v Fulham
26654,2024-09-28 14:00:00,Everton,72,EVE,Crystal Palace,78,CRY,2,1,1.10959,1.12358,0.3388,0.3145,0.3467,2024,Everton v Crystal Palace
26655,2024-09-28 14:00:00,Arsenal,83,ARS,Leicester,75,LEI,4,2,6.05305,0.337909,0.9988,0.0009,0.0003,2024,Arsenal v Leicester
26656,2024-09-28 14:00:00,Brentford,244,BRE,West Ham,81,WHU,1,1,0.370222,0.878617,0.1512,0.3899,0.4589,2024,Brentford v West Ham
26657,2024-09-28 14:00:00,Chelsea,80,CHE,Brighton,220,BRI,4,2,3.65839,1.20712,0.8777,0.0846,0.0377,2024,Chelsea v Brighton
26658,2024-09-28 16:30:00,Wolverhampton Wanderers,229,WOL,Liverpool,87,LIV,1,2,0.748925,2.11724,0.0583,0.1722,0.7695,2024,Wolverhampton Wanderers v Liverpool
26659,2024-09-29 13:00:00,Ipswich,285,IPS,Aston Villa,71,AVL,2,2,1.84608,1.14494,0.5579,0.2508,0.1913,2024,Ipswich v Aston Villa
26660,2024-09-29 15:30:00,Manchester United,89,MUN,Tottenham,82,TOT,0,3,0.600721,5.4072,0.0007,0.0037,0.9956,2024,Manchester United v Tottenham
26661,2024-09-30 19:00:00,Bournemouth,73,BOU,Southampton,74,SOU,3,1,1.44215,0.696068,0.5743,0.2732,0.1525,2024,Bournemouth v Southampton
26662,2024-10-05 11:30:00,Crystal Palace,78,CRY,Liverpool,87,LIV,0,1,0.609481,2.07332,0.0716,0.1652,0.7632,2024,Crystal Palace v Liverpool
26663,2024-10-05 14:00:00,Leicester,75,LEI,Bournemouth,73,BOU,1,0,0.912063,1.94963,0.1209,0.225,0.6541,2024,Leicester v Bournemouth
26664,2024-10-05 14:00:00,Manchester City,88,MCI,Fulham,228,FLH,3,2,1.36684,2.75846,0.1266,0.1656,0.7078,2024,Manchester City v Fulham
26665,2024-10-05 14:00:00,West Ham,81,WHU,Ipswich,285,IPS,4,1,4.39402,1.18463,0.9499,0.0394,0.0107,2024,West Ham v Ipswich
26666,2024-10-05 14:00:00,Arsenal,83,ARS,Southampton,74,SOU,3,1,3.25165,1.27313,0.8063,0.1259,0.0678,2024,Arsenal v Southampton
26667,2024-10-05 14:00:00,Brentford,244,BRE,Wolverhampton Wanderers,229,WOL,5,3,4.13513,0.696254,0.9617,0.03,0.0083,2024,Brentford v Wolverhampton Wanderers
26669,2024-10-05 16:30:00,Everton,72,EVE,Newcastle United,86,NEW,0,0,0.692214,1.79048,0.0811,0.2469,0.672,2024,Everton v Newcastle United
26668,2024-10-06 13:00:00,Chelsea,80,CHE,Nottingham Forest,249,NOT,1,1,2.27752,1.66654,0.5362,0.2216,0.2422,2024,Chelsea v Nottingham Forest
26670,2024-10-06 13:00:00,Aston Villa,71,AVL,Manchester United,89,MUN,0,0,0.532809,0.448537,0.2909,0.4681,0.241,2024,Aston Villa v Manchester United
26671,2024-10-06 15:30:00,Brighton,220,BRI,Tottenham,82,TOT,3,2,1.97217,1.09279,0.6114,0.2216,0.167,2024,Brighton v Tottenham
26672,2024-10-19 11:30:00,Tottenham,82,TOT,West Ham,81,WHU,4,1,1.44052,0.858803,0.5079,0.2755,0.2166,2024,Tottenham v West Ham
26673,2024-10-19 14:00:00,Fulham,228,FLH,Aston Villa,71,AVL,1,3,2.63074,1.43595,0.6895,0.1842,0.1263,2024,Fulham v Aston Villa
26674,2024-10-19 14:00:00,Ipswich,285,IPS,Everton,72,EVE,0,2,1.174,1.60804,0.2478,0.2698,0.4824,2024,Ipswich v Everton
26675,2024-10-19 14:00:00,Manchester United,89,MUN,Brentford,244,BRE,2,1,1.76555,0.892843,0.5945,0.2395,0.166,2024,Manchester United v Brentford
26676,2024-10-19 14:00:00,Newcastle United,86,NEW,Brighton,220,BRI,0,1,1.93657,1.6779,0.4377,0.2411,0.3212,2024,Newcastle United v Brighton
26678,2024-10-19 14:00:00,Southampton,74,SOU,Leicester,75,LEI,2,3,2.42776,2.83826,0.2806,0.241,0.4784,2024,Southampton v Leicester
26680,2024-10-19 16:30:00,Bournemouth,73,BOU,Arsenal,83,ARS,2,0,2.18419,0.740758,0.762,0.1786,0.0594,2024,Bournemouth v Arsenal
26681,2024-10-20 13:00:00,Wolverhampton Wanderers,229,WOL,Manchester City,88,MCI,1,2,0.761217,1.36569,0.2016,0.2881,0.5103,2024,Wolverhampton Wanderers v Manchester City
26679,2024-10-20 15:30:00,Liverpool,87,LIV,Chelsea,80,CHE,2,1,2.22517,1.33904,0.6225,0.2262,0.1513,2024,Liverpool v Chelsea
26677,2024-10-21 19:00:00,Nottingham Forest,249,NOT,Crystal Palace,78,CRY,1,0,1.88573,0.835001,0.6418,0.2131,0.1451,2024,Nottingham Forest v Crystal Palace
26682,2024-10-25 19:00:00,Leicester,75,LEI,Nottingham Forest,249,NOT,1,3,0.832415,2.54488,0.0468,0.1406,0.8126,2024,Leicester v Nottingham Forest
26683,2024-10-26 14:00:00,Manchester City,88,MCI,Southampton,74,SOU,1,0,3.16286,0.369989,0.9467,0.0452,0.0081,2024,Manchester City v Southampton
26684,2024-10-26 14:00:00,Aston Villa,71,AVL,Bournemouth,73,BOU,1,1,1.974,0.328651,0.8162,0.1422,0.0416,2024,Aston Villa v Bournemouth
26685,2024-10-26 14:00:00,Brentford,244,BRE,Ipswich,285,IPS,4,3,4.09663,1.65698,0.8503,0.0898,0.0599,2024,Brentford v Ipswich
26686,2024-10-26 14:00:00,Brighton,220,BRI,Wolverhampton Wanderers,229,WOL,2,2,1.51347,1.11074,0.4662,0.2703,0.2635,2024,Brighton v Wolverhampton Wanderers
26687,2024-10-26 16:30:00,Everton,72,EVE,Fulham,228,FLH,1,1,0.884845,1.49531,0.1867,0.2839,0.5294,2024,Everton v Fulham
26688,2024-10-27 14:00:00,Chelsea,80,CHE,Newcastle United,86,NEW,2,1,1.61794,1.74225,0.317,0.2757,0.4073,2024,Chelsea v Newcastle United
26689,2024-10-27 14:00:00,Crystal Palace,78,CRY,Tottenham,82,TOT,1,0,0.978611,1.0192,0.3194,0.3264,0.3542,2024,Crystal Palace v Tottenham
26690,2024-10-27 14:00:00,West Ham,81,WHU,Manchester United,89,MUN,2,1,2.99312,2.62598,0.4816,0.2222,0.2962,2024,West Ham v Manchester United
26691,2024-10-27 16:30:00,Arsenal,83,ARS,Liverpool,87,LIV,2,2,1.0883,1.35346,0.2606,0.3127,0.4267,2024,Arsenal v Liverpool
26694,2024-11-02 12:30:00,Newcastle United,86,NEW,Arsenal,83,ARS,1,0,0.859715,0.911305,0.3122,0.3446,0.3432,2024,Newcastle United v Arsenal
26692,2024-11-02 15:00:00,Bournemouth,73,BOU,Manchester City,88,MCI,2,1,2.4493,2.3527,0.4071,0.2358,0.3571,2024,Bournemouth v Manchester City
26695,2024-11-02 15:00:00,Ipswich,285,IPS,Leicester,75,LEI,1,1,1.33617,2.33858,0.162,0.2044,0.6336,2024,Ipswich v Leicester
26696,2024-11-02 15:00:00,Liverpool,87,LIV,Brighton,220,BRI,2,1,1.81037,1.01568,0.5793,0.2344,0.1863,2024,Liverpool v Brighton
26698,2024-11-02 15:00:00,Nottingham Forest,249,NOT,West Ham,81,WHU,3,0,2.35011,0.132317,0.9176,0.0732,0.0092,2024,Nottingham Forest v West Ham
26699,2024-11-02 15:00:00,Southampton,74,SOU,Everton,72,EVE,1,0,0.540345,1.78581,0.0769,0.2034,0.7197,2024,Southampton v Everton
26701,2024-11-02 17:30:00,Wolverhampton Wanderers,229,WOL,Crystal Palace,78,CRY,2,2,1.65018,2.64849,0.1625,0.2097,0.6278,2024,Wolverhampton Wanderers v Crystal Palace
26700,2024-11-03 14:00:00,Tottenham,82,TOT,Aston Villa,71,AVL,4,1,2.09751,2.48749,0.268,0.2601,0.4719,2024,Tottenham v Aston Villa
26697,2024-11-03 16:30:00,Manchester United,89,MUN,Chelsea,80,CHE,1,1,2.1605,1.21071,0.6277,0.2289,0.1434,2024,Manchester United v Chelsea
26693,2024-11-04 20:00:00,Fulham,228,FLH,Brentford,244,BRE,2,1,1.43017,0.739231,0.5292,0.2933,0.1775,2024,Fulham v Brentford
26702,2024-11-09 15:00:00,Brentford,244,BRE,Bournemouth,73,BOU,3,2,1.56474,2.49234,0.1761,0.2142,0.6097,2024,Brentford v Bournemouth
26706,2024-11-09 15:00:00,Crystal Palace,78,CRY,Fulham,228,FLH,0,2,1.96037,2.25331,0.3182,0.233,0.4488,2024,Crystal Palace v Fulham
26710,2024-11-09 15:00:00,West Ham,81,WHU,Everton,72,EVE,0,0,1.1237,0.865983,0.4316,0.3045,0.2639,2024,West Ham v Everton
26711,2024-11-09 15:00:00,Wolverhampton Wanderers,229,WOL,Southampton,74,SOU,2,0,0.912781,0.792655,0.3679,0.3593,0.2728,2024,Wolverhampton Wanderers v Southampton
26703,2024-11-09 17:30:00,Brighton,220,BRI,Manchester City,88,MCI,2,1,2.87116,2.60334,0.4425,0.2309,0.3266,2024,Brighton v Manchester City
26707,2024-11-09 20:00:00,Liverpool,87,LIV,Aston Villa,71,AVL,2,0,2.68196,1.66337,0.6245,0.2004,0.1751,2024,Liverpool v Aston Villa
26704,2024-11-10 14:00:00,Nottingham Forest,249,NOT,Newcastle United,86,NEW,1,3,1.17852,1.86904,0.1929,0.2586,0.5485,2024,Nottingham Forest v Newcastle United
26708,2024-11-10 14:00:00,Manchester United,89,MUN,Leicester,75,LEI,3,0,1.2369,0.417295,0.5982,0.2945,0.1073,2024,Manchester United v Leicester
26709,2024-11-10 14:00:00,Tottenham,82,TOT,Ipswich,285,IPS,1,2,1.75088,2.18392,0.2526,0.2562,0.4912,2024,Tottenham v Ipswich
26705,2024-11-10 16:30:00,Chelsea,80,CHE,Arsenal,83,ARS,1,1,1.24067,1.9605,0.2027,0.2425,0.5548,2024,Chelsea v Arsenal
26719,2024-11-23 12:30:00,Leicester,75,LEI,Chelsea,80,CHE,1,2,0.967987,2.81658,0.0341,0.1172,0.8487,2024,Leicester v Chelsea
26712,2024-11-23 15:00:00,Bournemouth,73,BOU,Brighton,220,BRI,1,2,1.91157,1.23059,0.5236,0.2614,0.215,2024,Bournemouth v Brighton
26714,2024-11-23 15:00:00,Arsenal,83,ARS,Nottingham Forest,249,NOT,3,0,1.66016,0.403136,0.7179,0.2107,0.0714,2024,Arsenal v Nottingham Forest
26715,2024-11-23 15:00:00,Everton,72,EVE,Brentford,244,BRE,0,0,1.5951,1.34314,0.4084,0.2773,0.3143,2024,Everton v Brentford
26716,2024-11-23 15:00:00,Aston Villa,71,AVL,Crystal Palace,78,CRY,2,2,3.04455,1.61437,0.7188,0.1649,0.1163,2024,Aston Villa v Crystal Palace
26717,2024-11-23 15:00:00,Fulham,228,FLH,Wolverhampton Wanderers,229,WOL,1,4,0.717158,1.33903,0.173,0.3006,0.5264,2024,Fulham v Wolverhampton Wanderers
26720,2024-11-23 17:30:00,Manchester City,88,MCI,Tottenham,82,TOT,0,4,2.15899,3.30449,0.167,0.1774,0.6556,2024,Manchester City v Tottenham
26721,2024-11-24 14:00:00,Southampton,74,SOU,Liverpool,87,LIV,2,3,1.53985,3.18835,0.0739,0.155,0.7711,2024,Southampton v Liverpool
26718,2024-11-24 16:30:00,Ipswich,285,IPS,Manchester United,89,MUN,1,1,1.98714,1.26912,0.5708,0.244,0.1852,2024,Ipswich v Manchester United
26713,2024-11-25 20:00:00,Newcastle United,86,NEW,West Ham,81,WHU,0,2,1.49781,0.942824,0.5237,0.2649,0.2114,2024,Newcastle United v West Ham
26723,2024-11-29 20:00:00,Brighton,220,BRI,Southampton,74,SOU,1,1,1.86986,0.934969,0.6061,0.2296,0.1643,2024,Brighton v Southampton
26722,2024-11-30 15:00:00,Brentford,244,BRE,Leicester,75,LEI,4,1,2.21885,0.907555,0.7088,0.1969,0.0943,2024,Brentford v Leicester
26725,2024-11-30 15:00:00,Crystal Palace,78,CRY,Newcastle United,86,NEW,1,1,2.29595,0.020989,0.9419,0.0569,0.0012,2024,Crystal Palace v Newcastle United
26728,2024-11-30 15:00:00,Nottingham Forest,249,NOT,Ipswich,285,IPS,1,0,1.76587,0.462771,0.7632,0.18,0.0568,2024,Nottingham Forest v Ipswich
26731,2024-11-30 15:00:00,Wolverhampton Wanderers,229,WOL,Bournemouth,73,BOU,2,4,0.866034,3.07901,0.0264,0.0766,0.897,2024,Wolverhampton Wanderers v Bournemouth
26730,2024-11-30 17:30:00,West Ham,81,WHU,Arsenal,83,ARS,2,5,1.23539,3.99935,0.0221,0.0602,0.9177,2024,West Ham v Arsenal
26724,2024-12-01 13:30:00,Chelsea,80,CHE,Aston Villa,71,AVL,3,0,1.94939,0.875443,0.6442,0.2183,0.1375,2024,Chelsea v Aston Villa
26727,2024-12-01 13:30:00,Manchester United,89,MUN,Everton,72,EVE,4,0,1.76161,0.766749,0.6464,0.2311,0.1225,2024,Manchester United v Everton
26729,2024-12-01 13:30:00,Tottenham,82,TOT,Fulham,228,FLH,1,1,1.01086,1.57274,0.2101,0.279,0.5109,2024,Tottenham v Fulham
26726,2024-12-01 16:00:00,Liverpool,87,LIV,Manchester City,88,MCI,2,0,3.70054,0.745015,0.9556,0.0348,0.0096,2024,Liverpool v Manchester City
26737,2024-12-03 19:30:00,Ipswich,285,IPS,Crystal Palace,78,CRY,0,1,0.471708,1.65422,0.0817,0.2191,0.6992,2024,Ipswich v Crystal Palace
26738,2024-12-03 20:15:00,Leicester,75,LEI,West Ham,81,WHU,3,1,2.78061,2.87716,0.3889,0.1982,0.4129,2024,Leicester v West Ham
26735,2024-12-04 19:30:00,Everton,72,EVE,Wolverhampton Wanderers,229,WOL,4,0,1.49904,0.847724,0.5314,0.2926,0.176,2024,Everton v Wolverhampton Wanderers
26739,2024-12-04 19:30:00,Manchester City,88,MCI,Nottingham Forest,249,NOT,3,0,3.20169,0.802155,0.8848,0.0839,0.0313,2024,Manchester City v Nottingham Forest
26740,2024-12-04 19:30:00,Newcastle United,86,NEW,Liverpool,87,LIV,3,3,1.52057,2.22766,0.2287,0.224,0.5473,2024,Newcastle United v Liverpool
26741,2024-12-04 19:30:00,Southampton,74,SOU,Chelsea,80,CHE,1,5,1.91014,5.8331,0.0093,0.0242,0.9665,2024,Southampton v Chelsea
26733,2024-12-04 20:15:00,Arsenal,83,ARS,Manchester United,89,MUN,2,0,2.96684,0.256083,0.9711,0.0262,0.0027,2024,Arsenal v Manchester United
26734,2024-12-04 20:15:00,Aston Villa,71,AVL,Brentford,244,BRE,3,1,3.21673,1.13266,0.8304,0.1131,0.0565,2024,Aston Villa v Brentford
26736,2024-12-05 19:30:00,Fulham,228,FLH,Brighton,220,BRI,3,1,0.666644,1.09939,0.2013,0.3279,0.4708,2024,Fulham v Brighton
26732,2024-12-05 20:15:00,Bournemouth,73,BOU,Tottenham,82,TOT,1,0,3.27716,0.623934,0.9101,0.0674,0.0225,2024,Bournemouth v Tottenham
26742,2024-12-07 15:00:00,Aston Villa,71,AVL,Southampton,74,SOU,1,0,2.51338,0.385832,0.886,0.0919,0.0221,2024,Aston Villa v Southampton
26743,2024-12-07 15:00:00,Brentford,244,BRE,Newcastle United,86,NEW,4,2,1.746,1.95645,0.3256,0.2421,0.4323,2024,Brentford v Newcastle United
26747,2024-12-07 15:00:00,Crystal Palace,78,CRY,Manchester City,88,MCI,2,2,1.21476,1.5846,0.2665,0.2649,0.4686,2024,Crystal Palace v Manchester City
26744,2024-12-07 17:30:00,Manchester United,89,MUN,Nottingham Forest,249,NOT,2,3,1.4697,0.651217,0.6066,0.2619,0.1315,2024,Manchester United v Nottingham Forest
26749,2024-12-08 14:00:00,Fulham,228,FLH,Arsenal,83,ARS,1,1,0.150988,2.4333,0.0014,0.0264,0.9722,2024,Fulham v Arsenal
26750,2024-12-08 14:00:00,Ipswich,285,IPS,Bournemouth,73,BOU,1,2,1.5668,3.49127,0.0631,0.1127,0.8242,2024,Ipswich v Bournemouth
26751,2024-12-08 14:00:00,Leicester,75,LEI,Brighton,220,BRI,2,2,1.42438,1.12184,0.4514,0.2857,0.2629,2024,Leicester v Brighton
26745,2024-12-08 16:30:00,Tottenham,82,TOT,Chelsea,80,CHE,3,4,3.25488,2.57326,0.5345,0.2066,0.2589,2024,Tottenham v Chelsea
26746,2024-12-09 20:00:00,West Ham,81,WHU,Wolverhampton Wanderers,229,WOL,2,1,1.19808,1.47567,0.2929,0.2694,0.4377,2024,West Ham v Wolverhampton Wanderers
26752,2024-12-14 15:00:00,Liverpool,87,LIV,Fulham,228,FLH,2,2,2.09698,1.2862,0.5821,0.2262,0.1917,2024,Liverpool v Fulham
26755,2024-12-14 15:00:00,Arsenal,83,ARS,Everton,72,EVE,0,0,1.30865,0.132166,0.7239,0.2452,0.0309,2024,Arsenal v Everton
26758,2024-12-14 15:00:00,Wolverhampton Wanderers,229,WOL,Ipswich,285,IPS,1,2,1.23748,1.73349,0.2239,0.2569,0.5192,2024,Wolverhampton Wanderers v Ipswich
26760,2024-12-14 15:00:00,Newcastle United,86,NEW,Leicester,75,LEI,4,0,3.95461,0.186759,0.9912,0.0083,0.0005,2024,Newcastle United v Leicester
26761,2024-12-14 17:30:00,Nottingham Forest,249,NOT,Aston Villa,71,AVL,2,1,2.2861,0.389423,0.8602,0.1107,0.0291,2024,Nottingham Forest v Aston Villa
26756,2024-12-15 14:00:00,Brighton,220,BRI,Crystal Palace,78,CRY,1,3,1.32323,3.00618,0.0853,0.1405,0.7742,2024,Brighton v Crystal Palace
26753,2024-12-15 16:30:00,Manchester City,88,MCI,Manchester United,89,MUN,1,2,0.638103,2.04662,0.0592,0.1626,0.7782,2024,Manchester City v Manchester United
26757,2024-12-15 19:00:00,Chelsea,80,CHE,Brentford,244,BRE,2,1,2.59146,1.65861,0.586,0.2134,0.2006,2024,Chelsea v Brentford
26759,2024-12-15 19:00:00,Southampton,74,SOU,Tottenham,82,TOT,0,5,1.27356,3.89322,0.0241,0.0666,0.9093,2024,Southampton v Tottenham
26754,2024-12-16 20:00:00,Bournemouth,73,BOU,West Ham,81,WHU,1,1,2.04842,1.81827,0.4208,0.2448,0.3344,2024,Bournemouth v West Ham
26762,2024-12-21 12:30:00,Aston Villa,71,AVL,Manchester City,88,MCI,2,1,2.05988,1.09627,0.625,0.2175,0.1575,2024,Aston Villa v Manchester City
26766,2024-12-21 15:00:00,Brentford,244,BRE,Nottingham Forest,249,NOT,0,2,0.769004,0.964897,0.2696,0.3449,0.3855,2024,Brentford v Nottingham Forest
26767,2024-12-21 15:00:00,West Ham,81,WHU,Brighton,220,BRI,1,1,1.22937,1.34379,0.3078,0.2958,0.3964,2024,West Ham v Brighton
26771,2024-12-21 15:00:00,Ipswich,285,IPS,Newcastle United,86,NEW,0,4,1.06427,3.23386,0.0493,0.1079,0.8428,2024,Ipswich v Newcastle United
26765,2024-12-21 17:30:00,Crystal Palace,78,CRY,Arsenal,83,ARS,1,5,1.6052,3.05434,0.0889,0.1591,0.752,2024,Crystal Palace v Arsenal
26763,2024-12-22 14:00:00,Fulham,228,FLH,Southampton,74,SOU,0,0,1.25255,0.280031,0.6439,0.2824,0.0737,2024,Fulham v Southampton
26764,2024-12-22 14:00:00,Everton,72,EVE,Chelsea,80,CHE,0,0,1.07081,1.51591,0.2011,0.3143,0.4846,2024,Everton v Chelsea
26769,2024-12-22 14:00:00,Manchester United,89,MUN,Bournemouth,73,BOU,0,3,2.28533,1.82831,0.4755,0.2552,0.2693,2024,Manchester United v Bournemouth
26770,2024-12-22 14:00:00,Leicester,75,LEI,Wolverhampton Wanderers,229,WOL,0,3,0.78868,1.13531,0.2316,0.3222,0.4462,2024,Leicester v Wolverhampton Wanderers
26768,2024-12-22 16:30:00,Tottenham,82,TOT,Liverpool,87,LIV,3,6,1.20245,5.20214,0.0035,0.0181,0.9784,2024,Tottenham v Liverpool
26777,2024-12-26 12:30:00,Manchester City,88,MCI,Everton,72,EVE,1,1,2.51965,0.653289,0.8257,0.1319,0.0424,2024,Manchester City v Everton
26772,2024-12-26 15:00:00,Bournemouth,73,BOU,Crystal Palace,78,CRY,0,0,1.20189,0.500066,0.5459,0.3067,0.1474,2024,Bournemouth v Crystal Palace
26775,2024-12-26 15:00:00,Chelsea,80,CHE,Fulham,228,FLH,1,2,1.55626,1.77929,0.3046,0.2616,0.4338,2024,Chelsea v Fulham
26778,2024-12-26 15:00:00,Newcastle United,86,NEW,Aston Villa,71,AVL,3,0,2.82867,0.225522,0.9441,0.0485,0.0074,2024,Newcastle United v Aston Villa
26779,2024-12-26 15:00:00,Nottingham Forest,249,NOT,Tottenham,82,TOT,1,0,1.30018,1.05758,0.423,0.3077,0.2693,2024,Nottingham Forest v Tottenham
26780,2024-12-26 15:00:00,Southampton,74,SOU,West Ham,81,WHU,0,1,2.19833,1.90111,0.4419,0.2527,0.3054,2024,Southampton v West Ham
26781,2024-12-26 17:30:00,Wolverhampton Wanderers,229,WOL,Manchester United,89,MUN,2,0,0.826489,0.358876,0.5212,0.3572,0.1216,2024,Wolverhampton Wanderers v Manchester United
26776,2024-12-26 20:00:00,Liverpool,87,LIV,Leicester,75,LEI,3,1,1.89935,0.22097,0.8314,0.1415,0.0271,2024,Liverpool v Leicester
26774,2024-12-27 19:30:00,Brighton,220,BRI,Brentford,244,BRE,0,0,1.33538,0.961233,0.4464,0.2933,0.2603,2024,Brighton v Brentford
26773,2024-12-27 20:15:00,Arsenal,83,ARS,Ipswich,285,IPS,1,0,2.16462,0.0783327,0.9234,0.0721,0.0045,2024,Arsenal v Ipswich
26788,2024-12-29 14:30:00,Leicester,75,LEI,Manchester City,88,MCI,0,2,1.84208,1.58002,0.4402,0.2635,0.2963,2024,Leicester v Manchester City
26784,2024-12-29 15:00:00,Crystal Palace,78,CRY,Southampton,74,SOU,2,1,3.05417,1.21853,0.808,0.1392,0.0528,2024,Crystal Palace v Southampton
26785,2024-12-29 15:00:00,Everton,72,EVE,Nottingham Forest,249,NOT,0,2,0.615191,2.02753,0.0727,0.1666,0.7607,2024,Everton v Nottingham Forest
26786,2024-12-29 15:00:00,Fulham,228,FLH,Bournemouth,73,BOU,2,2,0.961566,1.70692,0.1906,0.2453,0.5641,2024,Fulham v Bournemouth
26790,2024-12-29 15:00:00,Tottenham,82,TOT,Wolverhampton Wanderers,229,WOL,2,2,2.28433,0.640697,0.8038,0.1449,0.0513,2024,Tottenham v Wolverhampton Wanderers
26791,2024-12-29 17:15:00,West Ham,81,WHU,Liverpool,87,LIV,0,5,0.518279,3.29868,0.0128,0.0578,0.9294,2024,West Ham v Liverpool
26782,2024-12-30 19:45:00,Aston Villa,71,AVL,Brighton,220,BRI,2,2,1.87997,0.938042,0.6329,0.2256,0.1415,2024,Aston Villa v Brighton
26787,2024-12-30 19:45:00,Ipswich,285,IPS,Chelsea,80,CHE,2,0,1.50093,1.60622,0.3269,0.2809,0.3922,2024,Ipswich v Chelsea
26789,2024-12-30 20:00:00,Manchester United,89,MUN,Newcastle United,86,NEW,0,2,1.00073,2.2424,0.1201,0.1881,0.6918,2024,Manchester United v Newcastle United
26783,2025-01-01 17:30:00,Brentford,244,BRE,Arsenal,83,ARS,1,3,0.272604,1.99848,0.0169,0.0986,0.8845,2024,Brentford v Arsenal
26800,2025-01-04 12:30:00,Tottenham,82,TOT,Newcastle United,86,NEW,1,2,1.00333,2.42963,0.0901,0.1716,0.7383,2024,Tottenham v Newcastle United
26792,2025-01-04 15:00:00,Bournemouth,73,BOU,Everton,72,EVE,1,0,2.61852,0.561015,0.8834,0.0878,0.0288,2024,Bournemouth v Everton
26793,2025-01-04 15:00:00,Aston Villa,71,AVL,Leicester,75,LEI,2,1,2.3456,0.81548,0.7996,0.1585,0.0419,2024,Aston Villa v Leicester
26795,2025-01-04 15:00:00,Crystal Palace,78,CRY,Chelsea,80,CHE,1,1,1.2766,1.51541,0.299,0.2753,0.4257,2024,Crystal Palace v Chelsea
26798,2025-01-04 15:00:00,Manchester City,88,MCI,West Ham,81,WHU,4,1,1.97986,1.53286,0.4955,0.241,0.2635,2024,Manchester City v West Ham
26799,2025-01-04 15:00:00,Southampton,74,SOU,Brentford,244,BRE,0,5,0.249614,5.54874,0,0.0018,0.9982,2024,Southampton v Brentford
26794,2025-01-04 17:30:00,Brighton,220,BRI,Arsenal,83,ARS,1,1,1.76513,1.81142,0.3579,0.2825,0.3596,2024,Brighton v Arsenal
26796,2025-01-05 14:00:00,Fulham,228,FLH,Ipswich,285,IPS,2,2,2.65469,1.4434,0.6982,0.1994,0.1024,2024,Fulham v Ipswich
26797,2025-01-05 16:30:00,Liverpool,87,LIV,Manchester United,89,MUN,2,2,2.862,1.67469,0.6561,0.1928,0.1511,2024,Liverpool v Manchester United
26801,2025-01-06 20:00:00,Wolverhampton Wanderers,229,WOL,Nottingham Forest,249,NOT,0,3,1.90463,2.57227,0.2109,0.2442,0.5449,2024,Wolverhampton Wanderers v Nottingham Forest
26803,2025-01-14 19:30:00,Brentford,244,BRE,Manchester City,88,MCI,2,2,2.39088,2.65315,0.344,0.2081,0.4479,2024,Brentford v Manchester City
26808,2025-01-14 19:30:00,West Ham,81,WHU,Fulham,228,FLH,3,2,0.937322,2.83581,0.0454,0.1195,0.8351,2024,West Ham v Fulham
26809,2025-01-14 19:30:00,Chelsea,80,CHE,Bournemouth,73,BOU,2,2,2.53808,1.14845,0.7303,0.1818,0.0879,2024,Chelsea v Bournemouth
26807,2025-01-14 20:00:00,Nottingham Forest,249,NOT,Liverpool,87,LIV,1,1,0.5292,2.72291,0.0251,0.0922,0.8827,2024,Nottingham Forest v Liverpool
26804,2025-01-15 19:30:00,Everton,72,EVE,Aston Villa,71,AVL,0,1,1.23126,1.28522,0.3421,0.2933,0.3646,2024,Everton v Aston Villa
26806,2025-01-15 19:30:00,Leicester,75,LEI,Crystal Palace,78,CRY,0,2,2.09904,2.2647,0.332,0.242,0.426,2024,Leicester v Crystal Palace
26810,2025-01-15 19:30:00,Newcastle United,86,NEW,Wolverhampton Wanderers,229,WOL,3,0,2.13327,1.47433,0.5366,0.2243,0.2391,2024,Newcastle United v Wolverhampton Wanderers
26802,2025-01-15 20:00:00,Arsenal,83,ARS,Tottenham,82,TOT,2,1,2.25501,0.777071,0.7393,0.1752,0.0855,2024,Arsenal v Tottenham
26805,2025-01-16 19:30:00,Ipswich,285,IPS,Brighton,220,BRI,0,2,0.268127,1.06343,0.0804,0.3326,0.587,2024,Ipswich v Brighton
26811,2025-01-16 20:00:00,Manchester United,89,MUN,Southampton,74,SOU,3,1,3.10847,1.36705,0.7548,0.145,0.1002,2024,Manchester United v Southampton
26819,2025-01-18 12:30:00,Newcastle United,86,NEW,Bournemouth,73,BOU,1,4,0.837801,2.70174,0.0695,0.1343,0.7962,2024,Newcastle United v Bournemouth
26813,2025-01-18 15:00:00,Brentford,244,BRE,Liverpool,87,LIV,0,2,1.20021,4.16249,0.0249,0.0644,0.9107,2024,Brentford v Liverpool
26817,2025-01-18 15:00:00,Leicester,75,LEI,Fulham,228,FLH,0,2,0.676934,2.36823,0.0384,0.1352,0.8264,2024,Leicester v Fulham
26821,2025-01-18 15:00:00,West Ham,81,WHU,Crystal Palace,78,CRY,0,2,0.221062,1.62561,0.0243,0.152,0.8237,2024,West Ham v Crystal Palace
26812,2025-01-18 17:30:00,Arsenal,83,ARS,Aston Villa,71,AVL,2,2,1.64458,1.20602,0.4688,0.2781,0.2531,2024,Arsenal v Aston Villa
26815,2025-01-19 14:00:00,Everton,72,EVE,Tottenham,82,TOT,3,2,2.56089,1.35719,0.6673,0.1943,0.1384,2024,Everton v Tottenham
26818,2025-01-19 14:00:00,Manchester United,89,MUN,Brighton,220,BRI,1,3,1.31823,2.17172,0.1466,0.2332,0.6202,2024,Manchester United v Brighton
26820,2025-01-19 14:00:00,Nottingham Forest,249,NOT,Southampton,74,SOU,3,2,2.36419,1.25922,0.7025,0.2129,0.0846,2024,Nottingham Forest v Southampton
26816,2025-01-19 16:30:00,Ipswich,285,IPS,Manchester City,88,MCI,0,6,0.795637,3.20228,0.0313,0.0809,0.8878,2024,Ipswich v Manchester City
26814,2025-01-20 20:00:00,Chelsea,80,CHE,Wolverhampton Wanderers,229,WOL,3,1,3.14882,1.06726,0.8751,0.0966,0.0283,2024,Chelsea v Wolverhampton Wanderers
26822,2025-01-25 15:00:00,Bournemouth,73,BOU,Nottingham Forest,249,NOT,5,0,2.8254,0.996166,0.8133,0.1202,0.0665,2024,Bournemouth v Nottingham Forest
26824,2025-01-25 15:00:00,Brighton,220,BRI,Everton,72,EVE,0,1,0.64378,0.870883,0.2006,0.3683,0.4311,2024,Brighton v Everton
26827,2025-01-25 15:00:00,Liverpool,87,LIV,Ipswich,285,IPS,4,1,2.16809,0.804707,0.7524,0.1872,0.0604,2024,Liverpool v Ipswich
26829,2025-01-25 15:00:00,Southampton,74,SOU,Newcastle United,86,NEW,1,3,0.825621,3.08319,0.0343,0.0917,0.874,2024,Southampton v Newcastle United
26831,2025-01-25 15:00:00,Wolverhampton Wanderers,229,WOL,Arsenal,83,ARS,0,1,0.514724,0.887358,0.1951,0.3648,0.4401,2024,Wolverhampton Wanderers v Arsenal
26828,2025-01-25 17:30:00,Manchester City,88,MCI,Chelsea,80,CHE,3,1,2.23213,1.49843,0.5598,0.2262,0.214,2024,Manchester City v Chelsea
26825,2025-01-26 14:00:00,Crystal Palace,78,CRY,Brentford,244,BRE,1,2,1.23177,1.92037,0.1717,0.2637,0.5646,2024,Crystal Palace v Brentford
26830,2025-01-26 14:00:00,Tottenham,82,TOT,Leicester,75,LEI,1,2,1.27483,1.40469,0.2769,0.3568,0.3663,2024,Tottenham v Leicester
26823,2025-01-26 16:30:00,Aston Villa,71,AVL,West Ham,81,WHU,1,1,0.907851,1.67886,0.1721,0.2404,0.5875,2024,Aston Villa v West Ham
26826,2025-01-26 19:00:00,Fulham,228,FLH,Manchester United,89,MUN,0,1,0.560571,0.201988,0.3804,0.5075,0.1121,2024,Fulham v Manchester United
26840,2025-02-01 12:30:00,Nottingham Forest,249,NOT,Brighton,220,BRI,7,0,4.0677,0.756296,0.969,0.0256,0.0054,2024,Nottingham Forest v Brighton
26832,2025-02-01 15:00:00,Bournemouth,73,BOU,Liverpool,87,LIV,0,2,1.65273,2.7219,0.1696,0.1937,0.6367,2024,Bournemouth v Liverpool
26836,2025-02-01 15:00:00,Everton,72,EVE,Leicester,75,LEI,4,0,3.11261,0.447136,0.9305,0.0535,0.016,2024,Everton v Leicester
26837,2025-02-01 15:00:00,Ipswich,285,IPS,Southampton,74,SOU,1,2,1.94845,1.17566,0.5756,0.2593,0.1651,2024,Ipswich v Southampton
26839,2025-02-01 15:00:00,Newcastle United,86,NEW,Fulham,228,FLH,1,2,1.22716,1.60881,0.2568,0.2823,0.4609,2024,Newcastle United v Fulham
26841,2025-02-01 17:30:00,Wolverhampton Wanderers,229,WOL,Aston Villa,71,AVL,2,0,2.00146,0.742809,0.7201,0.194,0.0859,2024,Wolverhampton Wanderers v Aston Villa
26834,2025-02-02 14:00:00,Brentford,244,BRE,Tottenham,82,TOT,0,2,1.66475,0.945355,0.5556,0.2508,0.1936,2024,Brentford v Tottenham
26838,2025-02-02 14:00:00,Manchester United,89,MUN,Crystal Palace,78,CRY,0,2,1.50706,2.44633,0.1555,0.2072,0.6373,2024,Manchester United v Crystal Palace
26833,2025-02-02 16:30:00,Arsenal,83,ARS,Manchester City,88,MCI,5,1,1.53202,0.743191,0.5825,0.2677,0.1498,2024,Arsenal v Manchester City
26835,2025-02-03 20:00:00,Chelsea,80,CHE,West Ham,81,WHU,2,1,1.39066,1.1868,0.4124,0.2751,0.3125,2024,Chelsea v West Ham
26748,2025-02-12 19:30:00,Everton,72,EVE,Liverpool,87,LIV,2,2,0.910523,0.929103,0.3088,0.35,0.3412,2024,Everton v Liverpool
26843,2025-02-14 20:00:00,Brighton,220,BRI,Chelsea,80,CHE,3,0,2.06892,0.649788,0.7552,0.1726,0.0722,2024,Brighton v Chelsea
26846,2025-02-15 12:30:00,Leicester,75,LEI,Arsenal,83,ARS,0,2,0.233209,1.75,0.028,0.1538,0.8182,2024,Leicester v Arsenal
26842,2025-02-15 15:00:00,Aston Villa,71,AVL,Ipswich,285,IPS,1,1,2.89841,0.332864,0.9322,0.0564,0.0114,2024,Aston Villa v Ipswich
26845,2025-02-15 15:00:00,Fulham,228,FLH,Nottingham Forest,249,NOT,2,1,2.20993,0.331301,0.8401,0.1266,0.0333,2024,Fulham v Nottingham Forest
26848,2025-02-15 15:00:00,Manchester City,88,MCI,Newcastle United,86,NEW,4,0,2.12004,0.157211,0.8953,0.0917,0.013,2024,Manchester City v Newcastle United
26849,2025-02-15 15:00:00,Southampton,74,SOU,Bournemouth,73,BOU,1,3,0.974418,2.08722,0.1063,0.2076,0.6861,2024,Southampton v Bournemouth
26851,2025-02-15 15:00:00,West Ham,81,WHU,Brentford,244,BRE,0,1,0.673466,1.96499,0.0938,0.1906,0.7156,2024,West Ham v Brentford
26844,2025-02-15 17:30:00,Crystal Palace,78,CRY,Everton,72,EVE,1,2,2.30646,1.01565,0.7009,0.1861,0.113,2024,Crystal Palace v Everton
26847,2025-02-16 14:00:00,Liverpool,87,LIV,Wolverhampton Wanderers,229,WOL,2,1,1.86758,1.05329,0.6122,0.2355,0.1523,2024,Liverpool v Wolverhampton Wanderers
26850,2025-02-16 16:30:00,Tottenham,82,TOT,Manchester United,89,MUN,1,0,1.97109,1.42652,0.5145,0.2364,0.2491,2024,Tottenham v Manchester United
26884,2025-02-19 15:00:00,Aston Villa,71,AVL,Liverpool,87,LIV,2,2,1.02269,2.04279,0.1458,0.2222,0.632,2024,Aston Villa v Liverpool
26858,2025-02-21 20:00:00,Leicester,75,LEI,Brentford,244,BRE,0,4,0.727901,2.03465,0.0917,0.1945,0.7138,2024,Leicester v Brentford
26855,2025-02-22 12:30:00,Everton,72,EVE,Manchester United,89,MUN,2,2,2.10444,0.645685,0.7638,0.1698,0.0664,2024,Everton v Manchester United
26852,2025-02-22 15:00:00,Bournemouth,73,BOU,Wolverhampton Wanderers,229,WOL,0,1,0.629691,2.10124,0.0614,0.1686,0.77,2024,Bournemouth v Wolverhampton Wanderers
26853,2025-02-22 15:00:00,Arsenal,83,ARS,West Ham,81,WHU,0,1,1.37264,1.02684,0.4239,0.3113,0.2648,2024,Arsenal v West Ham
26856,2025-02-22 15:00:00,Fulham,228,FLH,Crystal Palace,78,CRY,0,2,0.23426,1.46203,0.0391,0.2007,0.7602,2024,Fulham v Crystal Palace
26857,2025-02-22 15:00:00,Ipswich,285,IPS,Tottenham,82,TOT,1,4,1.15389,1.58741,0.2241,0.2857,0.4902,2024,Ipswich v Tottenham
26861,2025-02-22 15:00:00,Southampton,74,SOU,Brighton,220,BRI,0,4,0.154147,5.12018,0,0.0021,0.9979,2024,Southampton v Brighton
26854,2025-02-22 17:30:00,Aston Villa,71,AVL,Chelsea,80,CHE,2,1,2.69413,2.17418,0.5071,0.2492,0.2437,2024,Aston Villa v Chelsea
26860,2025-02-23 14:00:00,Newcastle United,86,NEW,Nottingham Forest,249,NOT,4,3,3.45858,2.38603,0.6361,0.2024,0.1615,2024,Newcastle United v Nottingham Forest
26859,2025-02-23 16:30:00,Manchester City,88,MCI,Liverpool,87,LIV,0,2,0.58248,0.807058,0.2307,0.3757,0.3936,2024,Manchester City v Liverpool
26863,2025-02-25 19:30:00,Brighton,220,BRI,Bournemouth,73,BOU,2,1,2.57927,1.70169,0.5925,0.2144,0.1931,2024,Brighton v Bournemouth
26867,2025-02-25 19:30:00,Wolverhampton Wanderers,229,WOL,Fulham,228,FLH,1,2,0.928973,1.43473,0.2308,0.264,0.5052,2024,Wolverhampton Wanderers v Fulham
26868,2025-02-25 19:30:00,Crystal Palace,78,CRY,Aston Villa,71,AVL,4,1,4.02522,0.667217,0.9849,0.0127,0.0024,2024,Crystal Palace v Aston Villa
26869,2025-02-25 20:15:00,Chelsea,80,CHE,Southampton,74,SOU,4,0,2.98234,0.845039,0.8414,0.1106,0.048,2024,Chelsea v Southampton
26862,2025-02-26 19:30:00,Brentford,244,BRE,Everton,72,EVE,1,1,1.34009,1.44955,0.3083,0.3272,0.3645,2024,Brentford v Everton
26864,2025-02-26 19:30:00,Nottingham Forest,249,NOT,Arsenal,83,ARS,0,0,0.508611,1.31766,0.1237,0.2822,0.5941,2024,Nottingham Forest v Arsenal
26865,2025-02-26 19:30:00,Tottenham,82,TOT,Manchester City,88,MCI,0,1,1.28426,2.38641,0.1445,0.1966,0.6589,2024,Tottenham v Manchester City
26871,2025-02-26 19:30:00,Manchester United,89,MUN,Ipswich,285,IPS,3,2,1.40202,1.04498,0.4582,0.3388,0.203,2024,Manchester United v Ipswich
26870,2025-02-26 20:15:00,Liverpool,87,LIV,Newcastle United,86,NEW,2,0,1.40027,0.45882,0.6317,0.2727,0.0956,2024,Liverpool v Newcastle United
26866,2025-02-27 20:00:00,West Ham,81,WHU,Leicester,75,LEI,2,0,1.70437,0.289578,0.844,0.1313,0.0247,2024,West Ham v Leicester
26878,2025-03-08 12:30:00,Nottingham Forest,249,NOT,Manchester City,88,MCI,1,0,0.501476,0.721234,0.2224,0.4104,0.3672,2024,Nottingham Forest v Manchester City
26873,2025-03-08 15:00:00,Brighton,220,BRI,Fulham,228,FLH,2,1,1.94417,0.708227,0.7336,0.201,0.0654,2024,Brighton v Fulham
26875,2025-03-08 15:00:00,Crystal Palace,78,CRY,Ipswich,285,IPS,1,0,3.13879,1.63282,0.7226,0.1671,0.1103,2024,Crystal Palace v Ipswich
26876,2025-03-08 15:00:00,Liverpool,87,LIV,Southampton,74,SOU,3,1,4.98996,0.511566,0.9927,0.0062,0.0011,2024,Liverpool v Southampton
26872,2025-03-08 17:30:00,Brentford,244,BRE,Aston Villa,71,AVL,0,1,0.637743,1.29638,0.1633,0.2951,0.5416,2024,Brentford v Aston Villa
26881,2025-03-08 20:00:00,Wolverhampton Wanderers,229,WOL,Everton,72,EVE,1,1,0.812432,1.3672,0.194,0.2875,0.5185,2024,Wolverhampton Wanderers v Everton
26874,2025-03-09 14:00:00,Chelsea,80,CHE,Leicester,75,LEI,1,0,1.76844,0.108487,0.8869,0.1028,0.0103,2024,Chelsea v Leicester
26879,2025-03-09 14:00:00,Tottenham,82,TOT,Bournemouth,73,BOU,2,2,1.35053,2.22536,0.1689,0.2356,0.5955,2024,Tottenham v Bournemouth
26877,2025-03-09 16:30:00,Manchester United,89,MUN,Arsenal,83,ARS,1,1,1.31107,1.82996,0.2494,0.2503,0.5003,2024,Manchester United v Arsenal
26880,2025-03-10 20:00:00,West Ham,81,WHU,Newcastle United,86,NEW,0,1,0.823986,1.62976,0.1317,0.2723,0.596,2024,West Ham v Newcastle United
26885,2025-03-15 15:00:00,Everton,72,EVE,West Ham,81,WHU,1,1,1.189,0.516029,0.5617,0.2988,0.1395,2024,Everton v West Ham
26887,2025-03-15 15:00:00,Ipswich,285,IPS,Nottingham Forest,249,NOT,2,4,0.520839,1.30722,0.1282,0.2796,0.5922,2024,Ipswich v Nottingham Forest
26889,2025-03-15 15:00:00,Manchester City,88,MCI,Brighton,220,BRI,2,2,2.02642,2.11119,0.3549,0.2457,0.3994,2024,Manchester City v Brighton
26891,2025-03-15 15:00:00,Southampton,74,SOU,Wolverhampton Wanderers,229,WOL,1,2,1.2821,0.540718,0.5861,0.2875,0.1264,2024,Southampton v Wolverhampton Wanderers
26882,2025-03-15 17:30:00,Bournemouth,73,BOU,Brentford,244,BRE,1,2,2.02714,1.60321,0.4739,0.2501,0.276,2024,Bournemouth v Brentford
26883,2025-03-16 13:30:00,Arsenal,83,ARS,Chelsea,80,CHE,1,0,0.695725,0.286036,0.4147,0.45,0.1353,2024,Arsenal v Chelsea
26886,2025-03-16 13:30:00,Fulham,228,FLH,Tottenham,82,TOT,2,0,1.03966,1.40865,0.2471,0.284,0.4689,2024,Fulham v Tottenham
26888,2025-03-16 19:00:00,Leicester,75,LEI,Manchester United,89,MUN,0,3,1.30455,1.13892,0.4016,0.2898,0.3086,2024,Leicester v Manchester United
26892,2025-04-01 19:45:00,Arsenal,83,ARS,Fulham,228,FLH,2,1,2.30189,1.44206,0.5873,0.2548,0.1579,2024,Arsenal v Fulham
26895,2025-04-01 19:45:00,Wolverhampton Wanderers,229,WOL,West Ham,81,WHU,1,0,1.10359,1.73057,0.1952,0.2691,0.5357,2024,Wolverhampton Wanderers v West Ham
26894,2025-04-01 20:00:00,Nottingham Forest,249,NOT,Manchester United,89,MUN,1,0,0.512063,1.86688,0.077,0.191,0.732,2024,Nottingham Forest v Manchester United
26893,2025-04-02 19:45:00,Brighton,220,BRI,Aston Villa,71,AVL,0,3,0.558009,1.20715,0.1514,0.2948,0.5538,2024,Brighton v Aston Villa
26896,2025-04-02 19:45:00,Bournemouth,73,BOU,Ipswich,285,IPS,1,2,1.99637,1.41263,0.5322,0.248,0.2198,2024,Bournemouth v Ipswich
26898,2025-04-02 19:45:00,Manchester City,88,MCI,Leicester,75,LEI,2,0,2.07165,0.104741,0.8769,0.1115,0.0116,2024,Manchester City v Leicester
26899,2025-04-02 19:45:00,Newcastle United,86,NEW,Brentford,244,BRE,2,1,2.26584,1.53201,0.5477,0.2381,0.2142,2024,Newcastle United v Brentford
26900,2025-04-02 19:45:00,Southampton,74,SOU,Crystal Palace,78,CRY,1,1,0.687304,0.93776,0.2392,0.3508,0.41,2024,Southampton v Crystal Palace
26901,2025-04-02 20:00:00,Liverpool,87,LIV,Everton,72,EVE,1,0,1.29718,0.823136,0.4792,0.3008,0.22,2024,Liverpool v Everton
26897,2025-04-03 19:00:00,Chelsea,80,CHE,Tottenham,82,TOT,1,0,1.30443,1.40274,0.3193,0.3011,0.3796,2024,Chelsea v Tottenham
26905,2025-04-05 11:30:00,Everton,72,EVE,Arsenal,83,ARS,1,1,1.22875,1.4031,0.3191,0.3028,0.3781,2024,Everton v Arsenal
26904,2025-04-05 14:00:00,Crystal Palace,78,CRY,Brighton,220,BRI,2,1,0.443965,1.27226,0.1042,0.2649,0.6309,2024,Crystal Palace v Brighton
26907,2025-04-05 14:00:00,Ipswich,285,IPS,Wolverhampton Wanderers,229,WOL,1,2,0.872356,2.8096,0.035,0.1224,0.8426,2024,Ipswich v Wolverhampton Wanderers
26911,2025-04-05 14:00:00,West Ham,81,WHU,Bournemouth,73,BOU,2,2,0.907832,1.94869,0.1035,0.2145,0.682,2024,West Ham v Bournemouth
26902,2025-04-05 16:30:00,Aston Villa,71,AVL,Nottingham Forest,249,NOT,2,1,2.63349,0.96769,0.7726,0.1407,0.0867,2024,Aston Villa v Nottingham Forest
26903,2025-04-06 13:00:00,Brentford,244,BRE,Chelsea,80,CHE,0,0,1.36123,1.47829,0.3449,0.2702,0.3849,2024,Brentford v Chelsea
26906,2025-04-06 13:00:00,Fulham,228,FLH,Liverpool,87,LIV,3,2,1.72764,1.40638,0.4558,0.2602,0.284,2024,Fulham v Liverpool
26910,2025-04-06 13:00:00,Tottenham,82,TOT,Southampton,74,SOU,3,1,2.648,0.780439,0.8259,0.1232,0.0509,2024,Tottenham v Southampton
26909,2025-04-06 15:30:00,Manchester United,89,MUN,Manchester City,88,MCI,0,0,1.23317,0.687894,0.5013,0.3126,0.1861,2024,Manchester United v Manchester City
26908,2025-04-07 19:00:00,Leicester,75,LEI,Newcastle United,86,NEW,0,3,0.354575,3.44111,0.0023,0.0173,0.9804,2024,Leicester v Newcastle United
26917,2025-04-12 11:30:00,Manchester City,88,MCI,Crystal Palace,78,CRY,5,2,4.59724,1.33808,0.953,0.0375,0.0095,2024,Manchester City v Crystal Palace
26914,2025-04-12 14:00:00,Brighton,220,BRI,Leicester,75,LEI,2,2,3.6978,1.98444,0.757,0.1406,0.1024,2024,Brighton v Leicester
26920,2025-04-12 14:00:00,Nottingham Forest,249,NOT,Everton,72,EVE,0,1,0.423949,1.26036,0.1152,0.2812,0.6036,2024,Nottingham Forest v Everton
26921,2025-04-12 14:00:00,Southampton,74,SOU,Aston Villa,71,AVL,0,3,0.412256,2.99927,0.0067,0.0401,0.9532,2024,Southampton v Aston Villa
26913,2025-04-12 16:30:00,Arsenal,83,ARS,Brentford,244,BRE,1,1,0.767369,0.588583,0.3528,0.3931,0.2541,2024,Arsenal v Brentford
26915,2025-04-13 13:00:00,Chelsea,80,CHE,Ipswich,285,IPS,2,2,2.90758,1.60301,0.683,0.1687,0.1483,2024,Chelsea v Ipswich
26916,2025-04-13 13:00:00,Liverpool,87,LIV,West Ham,81,WHU,2,1,1.42902,1.46598,0.3477,0.2738,0.3785,2024,Liverpool v West Ham
26919,2025-04-13 13:00:00,Wolverhampton Wanderers,229,WOL,Tottenham,82,TOT,4,2,2.22977,1.62887,0.5173,0.2576,0.2251,2024,Wolverhampton Wanderers v Tottenham
26918,2025-04-13 15:30:00,Newcastle United,86,NEW,Manchester United,89,MUN,4,1,2.6383,0.786568,0.8412,0.1171,0.0417,2024,Newcastle United v Manchester United
26912,2025-04-14 19:00:00,Bournemouth,73,BOU,Fulham,228,FLH,1,0,1.8577,1.07203,0.5849,0.252,0.1631,2024,Bournemouth v Fulham
26890,2025-04-16 18:30:00,Newcastle United,86,NEW,Crystal Palace,78,CRY,5,0,2.32947,2.37548,0.3579,0.2435,0.3986,2024,Newcastle United v Crystal Palace
26923,2025-04-19 14:00:00,Brentford,244,BRE,Brighton,220,BRI,4,2,2.95516,1.24107,0.7701,0.1388,0.0911,2024,Brentford v Brighton
26924,2025-04-19 14:00:00,Crystal Palace,78,CRY,Bournemouth,73,BOU,0,0,0.337818,0.664093,0.1637,0.455,0.3813,2024,Crystal Palace v Bournemouth
26925,2025-04-19 14:00:00,Everton,72,EVE,Manchester City,88,MCI,0,2,0.81683,1.87989,0.1104,0.2189,0.6707,2024,Everton v Manchester City
26931,2025-04-19 14:00:00,West Ham,81,WHU,Southampton,74,SOU,1,1,0.98423,0.922877,0.3491,0.3248,0.3261,2024,West Ham v Southampton
26922,2025-04-19 16:30:00,Aston Villa,71,AVL,Newcastle United,86,NEW,4,1,3.05371,1.27176,0.7759,0.1423,0.0818,2024,Aston Villa v Newcastle United
26926,2025-04-20 13:00:00,Fulham,228,FLH,Chelsea,80,CHE,1,2,0.306122,0.75172,0.1302,0.4303,0.4395,2024,Fulham v Chelsea
26927,2025-04-20 13:00:00,Ipswich,285,IPS,Arsenal,83,ARS,0,4,0.192879,2.81362,0.0072,0.0553,0.9375,2024,Ipswich v Arsenal
26929,2025-04-20 13:00:00,Manchester United,89,MUN,Wolverhampton Wanderers,229,WOL,0,1,1.13966,0.187814,0.6609,0.2871,0.052,2024,Manchester United v Wolverhampton Wanderers
26928,2025-04-20 15:30:00,Leicester,75,LEI,Liverpool,87,LIV,0,1,0.232205,4.52706,0.0008,0.0076,0.9916,2024,Leicester v Liverpool
26930,2025-04-21 19:00:00,Tottenham,82,TOT,Nottingham Forest,249,NOT,1,2,2.4024,0.557682,0.8257,0.1354,0.0389,2024,Tottenham v Nottingham Forest
26937,2025-04-22 19:00:00,Manchester City,88,MCI,Aston Villa,71,AVL,2,1,1.36232,1.85906,0.2418,0.2563,0.5019,2024,Manchester City v Aston Villa
26933,2025-04-23 19:00:00,Arsenal,83,ARS,Crystal Palace,78,CRY,2,2,1.92149,2.50515,0.246,0.2422,0.5118,2024,Arsenal v Crystal Palace
26935,2025-04-26 11:30:00,Chelsea,80,CHE,Everton,72,EVE,1,0,0.768313,0.916838,0.2698,0.3471,0.3831,2024,Chelsea v Everton
26934,2025-04-26 14:00:00,Brighton,220,BRI,West Ham,81,WHU,3,2,1.29433,1.24134,0.3616,0.3042,0.3342,2024,Brighton v West Ham
26938,2025-04-26 14:00:00,Newcastle United,86,NEW,Ipswich,285,IPS,3,0,4.11539,0.127203,0.9957,0.0042,0.0001,2024,Newcastle United v Ipswich
26940,2025-04-26 14:00:00,Southampton,74,SOU,Fulham,228,FLH,1,2,0.935581,1.9956,0.1505,0.2297,0.6198,2024,Southampton v Fulham
26941,2025-04-26 14:00:00,Wolverhampton Wanderers,229,WOL,Leicester,75,LEI,3,0,2.57666,1.04978,0.7706,0.1808,0.0486,2024,Wolverhampton Wanderers v Leicester
26932,2025-04-27 13:00:00,Bournemouth,73,BOU,Manchester United,89,MUN,1,1,0.60995,1.91039,0.0921,0.1962,0.7117,2024,Bournemouth v Manchester United
26936,2025-04-27 15:30:00,Liverpool,87,LIV,Tottenham,82,TOT,5,1,2.51104,0.512812,0.8573,0.1117,0.031,2024,Liverpool v Tottenham
26939,2025-05-01 18:30:00,Nottingham Forest,249,NOT,Brentford,244,BRE,0,2,0.670607,1.52054,0.1438,0.2489,0.6073,2024,Nottingham Forest v Brentford
26942,2025-05-02 19:00:00,Manchester City,88,MCI,Wolverhampton Wanderers,229,WOL,1,0,0.859463,0.622455,0.3848,0.3891,0.2261,2024,Manchester City v Wolverhampton Wanderers
26946,2025-05-03 11:30:00,Aston Villa,71,AVL,Fulham,228,FLH,1,0,1.29013,0.702787,0.5348,0.2908,0.1744,2024,Aston Villa v Fulham
26950,2025-05-03 14:00:00,Everton,72,EVE,Ipswich,285,IPS,2,2,0.808481,1.14351,0.2298,0.3338,0.4364,2024,Everton v Ipswich
26951,2025-05-03 14:00:00,Leicester,75,LEI,Southampton,74,SOU,2,0,1.60739,0.550774,0.6624,0.2346,0.103,2024,Leicester v Southampton
26945,2025-05-03 16:30:00,Arsenal,83,ARS,Bournemouth,73,BOU,1,2,2.05484,1.41783,0.5211,0.2557,0.2232,2024,Arsenal v Bournemouth
26943,2025-05-04 13:00:00,West Ham,81,WHU,Tottenham,82,TOT,1,1,1.15166,0.847022,0.4364,0.3336,0.23,2024,West Ham v Tottenham
26944,2025-05-04 13:00:00,Brighton,220,BRI,Newcastle United,86,NEW,1,1,0.687863,1.63777,0.1051,0.2547,0.6402,2024,Brighton v Newcastle United
26947,2025-05-04 13:00:00,Brentford,244,BRE,Manchester United,89,MUN,4,3,3.58737,1.13404,0.8872,0.0801,0.0327,2024,Brentford v Manchester United
26948,2025-05-04 15:30:00,Chelsea,80,CHE,Liverpool,87,LIV,3,1,3.51944,1.4267,0.8324,0.1076,0.06,2024,Chelsea v Liverpool
26949,2025-05-05 19:00:00,Crystal Palace,78,CRY,Nottingham Forest,249,NOT,1,1,2.34037,0.63684,0.8147,0.1331,0.0522,2024,Crystal Palace v Nottingham Forest
26953,2025-05-10 14:00:00,Fulham,228,FLH,Everton,72,EVE,1,3,1.20869,1.32604,0.3218,0.296,0.3822,2024,Fulham v Everton
26954,2025-05-10 14:00:00,Ipswich,285,IPS,Brentford,244,BRE,0,1,0.717433,1.32077,0.1823,0.2938,0.5239,2024,Ipswich v Brentford
26959,2025-05-10 14:00:00,Southampton,74,SOU,Manchester City,88,MCI,0,0,0.136995,1.58463,0.0229,0.2094,0.7677,2024,Southampton v Manchester City
26961,2025-05-10 14:00:00,Wolverhampton Wanderers,229,WOL,Brighton,220,BRI,0,2,0.73395,1.41254,0.1305,0.2918,0.5777,2024,Wolverhampton Wanderers v Brighton
26955,2025-05-10 16:30:00,Bournemouth,73,BOU,Aston Villa,71,AVL,0,1,1.02272,1.12376,0.274,0.3837,0.3423,2024,Bournemouth v Aston Villa
26957,2025-05-11 11:00:00,Newcastle United,86,NEW,Chelsea,80,CHE,2,0,1.6703,0.646426,0.6582,0.2315,0.1103,2024,Newcastle United v Chelsea
26956,2025-05-11 13:15:00,Manchester United,89,MUN,West Ham,81,WHU,0,2,2.31287,2.15985,0.399,0.2482,0.3528,2024,Manchester United v West Ham
26958,2025-05-11 13:15:00,Nottingham Forest,249,NOT,Leicester,75,LEI,2,2,1.76909,1.22949,0.5061,0.2652,0.2287,2024,Nottingham Forest v Leicester
26960,2025-05-11 13:15:00,Tottenham,82,TOT,Crystal Palace,78,CRY,0,2,0.806792,3.98546,0.0142,0.0453,0.9405,2024,Tottenham v Crystal Palace
26952,2025-05-11 15:30:00,Liverpool,87,LIV,Arsenal,83,ARS,2,2,2.74682,2.18795,0.5145,0.2225,0.263,2024,Liverpool v Arsenal
26963,2025-05-16 18:30:00,Aston Villa,71,AVL,Tottenham,82,TOT,2,0,1.69061,0.523016,0.6815,0.2339,0.0846,2024,Aston Villa v Tottenham
26966,2025-05-16 19:15:00,Chelsea,80,CHE,Manchester United,89,MUN,1,0,1.29571,0.337632,0.663,0.2621,0.0749,2024,Chelsea v Manchester United
26968,2025-05-18 11:00:00,Everton,72,EVE,Southampton,74,SOU,2,0,2.67793,1.05025,0.8042,0.1512,0.0446,2024,Everton v Southampton
26971,2025-05-18 13:15:00,West Ham,81,WHU,Nottingham Forest,249,NOT,1,2,0.850457,2.14756,0.1065,0.1841,0.7094,2024,West Ham v Nottingham Forest
26964,2025-05-18 14:00:00,Brentford,244,BRE,Fulham,228,FLH,2,3,2.43045,1.61741,0.6007,0.2318,0.1675,2024,Brentford v Fulham
26969,2025-05-18 14:00:00,Leicester,75,LEI,Ipswich,285,IPS,2,0,0.788544,1.36957,0.2047,0.2845,0.5108,2024,Leicester v Ipswich
26962,2025-05-18 15:30:00,Arsenal,83,ARS,Newcastle United,86,NEW,1,0,1.15958,2.24634,0.1377,0.2035,0.6588,2024,Arsenal v Newcastle United
26965,2025-05-19 19:00:00,Brighton,220,BRI,Liverpool,87,LIV,3,2,2.17789,3.065,0.2057,0.1973,0.597,2024,Brighton v Liverpool
26967,2025-05-20 19:00:00,Crystal Palace,78,CRY,Wolverhampton Wanderers,229,WOL,4,2,1.68451,1.42886,0.4333,0.2618,0.3049,2024,Crystal Palace v Wolverhampton Wanderers
26970,2025-05-20 19:00:00,Manchester City,88,MCI,Bournemouth,73,BOU,3,1,1.59779,0.962014,0.5444,0.2663,0.1893,2024,Manchester City v Bournemouth
26972,2025-05-25 15:00:00,Nottingham Forest,249,NOT,Chelsea,80,CHE,0,1,1.58014,1.30874,0.4164,0.3092,0.2744,2024,Nottingham Forest v Chelsea
26973,2025-05-25 15:00:00,Newcastle United,86,NEW,Everton,72,EVE,0,1,1.1591,1.07279,0.3642,0.3114,0.3244,2024,Newcastle United v Everton
26974,2025-05-25 15:00:00,Manchester United,89,MUN,Aston Villa,71,AVL,2,0,2.96259,0.335222,0.9378,0.0534,0.0088,2024,Manchester United v Aston Villa
26975,2025-05-25 15:00:00,Liverpool,87,LIV,Crystal Palace,78,CRY,1,1,1.92122,1.4144,0.4965,0.2624,0.2411,2024,Liverpool v Crystal Palace
26976,2025-05-25 15:00:00,Tottenham,82,TOT,Brighton,220,BRI,1,4,1.85265,3.11624,0.1249,0.1908,0.6843,2024,Tottenham v Brighton
26977,2025-05-25 15:00:00,Southampton,74,SOU,Arsenal,83,ARS,1,2,0.598144,2.40711,0.0582,0.1366,0.8052,2024,Southampton v Arsenal
26978,2025-05-25 15:00:00,Wolverhampton Wanderers,229,WOL,Brentford,244,BRE,1,1,1.10889,1.97196,0.1792,0.2217,0.5991,2024,Wolverhampton Wanderers v Brentford
26979,2025-05-25 15:00:00,Bournemouth,73,BOU,Leicester,75,LEI,2,0,2.72449,0.156702,0.9369,0.058,0.0051,2024,Bournemouth v Leicester
26980,2025-05-25 15:00:00,Ipswich,285,IPS,West Ham,81,WHU,1,3,0.893095,0.967379,0.3083,0.339,0.3527,2024,Ipswich v West Ham
26981,2025-05-25 15:00:00,Fulham,228,FLH,Manchester City,88,MCI,0,2,2.21797,2.45923,0.336,0.2351,0.4289,2024,Fulham v Manchester City
