join_key,league,season,game,league_id,season_id,game_id,date,home_team_id,away_team_id,home_team,away_team,away_team_code,home_team_code,home_goals,away_goals,home_xg,away_xg,is_result,has_data,url,home_team_shortened,referee,Match Week,status
2025-08-15_Liverpool,ENG-Premier League,2526,2025-08-15 Liverpool-Bournemouth,1,2025,28778,2025-08-15,87,73,Liverpool,Bournemouth,BOU,LIV,4.0,2.0,2.33007,1.57303,True,True,https://understat.com/match/28778,Liverpool,Anthony Taylor,1.0,FINISHED
2025-08-16_Aston,ENG-Premier League,2526,2025-08-16 Aston Villa-Newcastle United,1,2025,28779,2025-08-16,71,86,Aston Villa,Newcastle United,NEW,AVL,0.0,0.0,0.318601,1.40098,True,True,https://understat.com/match/28779,Aston,Craig Pawson,1.0,FINISHED
2025-08-16_Brighton,ENG-Premier League,2526,2025-08-16 Brighton-Fulham,1,2025,28780,2025-08-16,220,228,Brighton,Fulham,FLH,BRI,1.0,1.0,1.44008,0.902883,True,True,https://understat.com/match/28780,Brighton,Sam Barrott,1.0,FINISHED
2025-08-16_Sunderland,ENG-Premier League,2526,2025-08-16 Sunderland-West Ham,1,2025,28781,2025-08-16,77,81,Sunderland,West Ham,WHU,SUN,3.0,0.0,0.724368,0.558948,True,True,https://understat.com/match/28781,Sunderland,Robert Jones,1.0,FINISHED
2025-08-16_Tottenham,ENG-Premier League,2526,2025-08-16 Tottenham-Burnley,1,2025,28782,2025-08-16,82,92,Tottenham,Burnley,BUR,TOT,3.0,0.0,1.97858,0.734138,True,True,https://understat.com/match/28782,Tottenham,Michael Oliver,1.0,FINISHED
2025-08-16_Wolverhampton,ENG-Premier League,2526,2025-08-16 Wolverhampton Wanderers-Manchester City,1,2025,28783,2025-08-16,229,88,Wolverhampton Wanderers,Manchester City,MCI,WOL,0.0,4.0,0.519436,2.29903,True,True,https://understat.com/match/28783,Wolverhampton,Jarred Gillett,1.0,FINISHED
2025-08-17_Chelsea,ENG-Premier League,2526,2025-08-17 Chelsea-Crystal Palace,1,2025,28784,2025-08-17,80,78,Chelsea,Crystal Palace,CRY,CHE,0.0,0.0,1.36793,1.03414,True,True,https://understat.com/match/28784,Chelsea,Darren England,1.0,FINISHED
2025-08-17_Manchester,ENG-Premier League,2526,2025-08-17 Manchester United-Arsenal,1,2025,28786,2025-08-17,89,83,Manchester United,Arsenal,ARS,MUN,0.0,1.0,1.37653,1.3304,True,True,https://understat.com/match/28786,Manchester,Simon Hooper,1.0,FINISHED
2025-08-17_Nottingham,ENG-Premier League,2526,2025-08-17 Nottingham Forest-Brentford,1,2025,28785,2025-08-17,249,244,Nottingham Forest,Brentford,BRE,NOT,3.0,1.0,1.7555,1.32516,True,True,https://understat.com/match/28785,Nottingham,Peter Bankes,1.0,FINISHED
2025-08-18_Leeds,ENG-Premier League,2526,2025-08-18 Leeds-Everton,1,2025,28787,2025-08-18,245,72,Leeds,Everton,EVE,LED,1.0,0.0,2.3812,0.674338,True,True,https://understat.com/match/28787,Leeds,Chris Kavanagh,1.0,FINISHED
2025-08-22_West,ENG-Premier League,2526,2025-08-22 West Ham-Chelsea,1,2025,28788,2025-08-22,81,80,West Ham,Chelsea,CHE,WHU,1.0,5.0,0.978572,3.94997,True,True,https://understat.com/match/28788,West,Michael Oliver,2.0,FINISHED
2025-08-23_Arsenal,ENG-Premier League,2526,2025-08-23 Arsenal-Leeds,1,2025,28793,2025-08-23,83,245,Arsenal,Leeds,LED,ARS,5.0,0.0,2.73761,0.156761,True,True,https://understat.com/match/28793,Arsenal,Jarred Gillett,2.0,FINISHED
2025-08-23_Bournemouth,ENG-Premier League,2526,2025-08-23 Bournemouth-Wolverhampton Wanderers,1,2025,28792,2025-08-23,73,229,Bournemouth,Wolverhampton Wanderers,WOL,BOU,1.0,0.0,1.78462,0.373367,True,True,https://understat.com/match/28792,Bournemouth,Thomas Bramall,2.0,FINISHED
2025-08-23_Brentford,ENG-Premier League,2526,2025-08-23 Brentford-Aston Villa,1,2025,28790,2025-08-23,244,71,Brentford,Aston Villa,AVL,BRE,1.0,0.0,1.12964,0.976852,True,True,https://understat.com/match/28790,Brentford,Tony Harrington,2.0,FINISHED
2025-08-23_Burnley,ENG-Premier League,2526,2025-08-23 Burnley-Sunderland,1,2025,28791,2025-08-23,92,77,Burnley,Sunderland,SUN,BUR,2.0,0.0,1.00381,1.12127,True,True,https://understat.com/match/28791,Burnley,Michael Salisbury,2.0,FINISHED
2025-08-23_Manchester,ENG-Premier League,2526,2025-08-23 Manchester City-Tottenham,1,2025,28789,2025-08-23,88,82,Manchester City,Tottenham,TOT,MCI,0.0,2.0,1.2475,1.28015,True,True,https://understat.com/match/28789,Manchester,Peter Bankes,2.0,FINISHED
2025-08-24_Crystal,ENG-Premier League,2526,2025-08-24 Crystal Palace-Nottingham Forest,1,2025,28794,2025-08-24,78,249,Crystal Palace,Nottingham Forest,NOT,CRY,1.0,1.0,1.10188,1.32987,True,True,https://understat.com/match/28794,Crystal,Anthony Taylor,2.0,FINISHED
2025-08-24_Everton,ENG-Premier League,2526,2025-08-24 Everton-Brighton,1,2025,28795,2025-08-24,72,220,Everton,Brighton,BRI,EVE,2.0,0.0,1.80116,2.08487,True,True,https://understat.com/match/28795,Everton,Stuart Attwell,2.0,FINISHED
2025-08-24_Fulham,ENG-Premier League,2526,2025-08-24 Fulham-Manchester United,1,2025,28796,2025-08-24,228,89,Fulham,Manchester United,MUN,FLH,1.0,1.0,1.65333,1.54603,True,True,https://understat.com/match/28796,Fulham,Chris Kavanagh,2.0,FINISHED
2025-08-25_Newcastle,ENG-Premier League,2526,2025-08-25 Newcastle United-Liverpool,1,2025,28797,2025-08-25,86,87,Newcastle United,Liverpool,LIV,NEW,2.0,3.0,1.96342,0.646559,True,True,https://understat.com/match/28797,Newcastle,Simon Hooper,2.0,FINISHED
2025-08-30_Chelsea,ENG-Premier League,2526,2025-08-30 Chelsea-Fulham,1,2025,28798,2025-08-30,80,228,Chelsea,Fulham,FLH,CHE,2.0,0.0,2.4324,0.736228,True,True,https://understat.com/match/28798,Chelsea,Robert Jones,3.0,FINISHED
2025-08-30_Leeds,ENG-Premier League,2526,2025-08-30 Leeds-Newcastle United,1,2025,28803,2025-08-30,245,86,Leeds,Newcastle United,NEW,LED,0.0,0.0,0.6773,0.303635,True,True,https://understat.com/match/28803,Leeds,Peter Bankes,3.0,FINISHED
2025-08-30_Manchester,ENG-Premier League,2526,2025-08-30 Manchester United-Burnley,1,2025,28802,2025-08-30,89,92,Manchester United,Burnley,BUR,MUN,3.0,2.0,4.02237,1.32618,True,True,https://understat.com/match/28802,Manchester,Sam Barrott,3.0,FINISHED
2025-08-30_Sunderland,ENG-Premier League,2526,2025-08-30 Sunderland-Brentford,1,2025,28801,2025-08-30,77,244,Sunderland,Brentford,BRE,SUN,2.0,1.0,1.57127,1.44604,True,True,https://understat.com/match/28801,Sunderland,Anthony Taylor,3.0,FINISHED
2025-08-30_Tottenham,ENG-Premier League,2526,2025-08-30 Tottenham-Bournemouth,1,2025,28799,2025-08-30,82,73,Tottenham,Bournemouth,BOU,TOT,0.0,1.0,0.17067,2.1201,True,True,https://understat.com/match/28799,Tottenham,Simon Hooper,3.0,FINISHED
2025-08-30_Wolverhampton,ENG-Premier League,2526,2025-08-30 Wolverhampton Wanderers-Everton,1,2025,28800,2025-08-30,229,72,Wolverhampton Wanderers,Everton,EVE,WOL,2.0,3.0,0.943257,2.03791,True,True,https://understat.com/match/28800,Wolverhampton,Michael Oliver,3.0,FINISHED
2025-08-31_Aston,ENG-Premier League,2526,2025-08-31 Aston Villa-Crystal Palace,1,2025,28807,2025-08-31,71,78,Aston Villa,Crystal Palace,CRY,AVL,0.0,3.0,1.20586,2.59713,True,True,https://understat.com/match/28807,Aston,Stuart Attwell,3.0,FINISHED
2025-08-31_Brighton,ENG-Premier League,2526,2025-08-31 Brighton-Manchester City,1,2025,28805,2025-08-31,220,88,Brighton,Manchester City,MCI,BRI,2.0,1.0,2.20864,2.13418,True,True,https://understat.com/match/28805,Brighton,Darren England,3.0,FINISHED
2025-08-31_Liverpool,ENG-Premier League,2526,2025-08-31 Liverpool-Arsenal,1,2025,28806,2025-08-31,87,83,Liverpool,Arsenal,ARS,LIV,1.0,0.0,0.481404,0.485679,True,True,https://understat.com/match/28806,Liverpool,Chris Kavanagh,3.0,FINISHED
2025-08-31_Nottingham,ENG-Premier League,2526,2025-08-31 Nottingham Forest-West Ham,1,2025,28804,2025-08-31,249,81,Nottingham Forest,West Ham,WHU,NOT,0.0,3.0,0.716018,2.236,True,True,https://understat.com/match/28804,Nottingham,Craig Pawson,3.0,FINISHED
2025-09-13_Arsenal,ENG-Premier League,2526,2025-09-13 Arsenal-Nottingham Forest,1,2025,28808,2025-09-13,83,249,Arsenal,Nottingham Forest,NOT,ARS,3.0,0.0,2.8817,0.293681,True,True,https://understat.com/match/28808,Arsenal,Darren England,4.0,FINISHED
2025-09-13_Bournemouth,ENG-Premier League,2526,2025-09-13 Bournemouth-Brighton,1,2025,28810,2025-09-13,73,220,Bournemouth,Brighton,BRI,BOU,2.0,1.0,1.44187,0.624923,True,True,https://understat.com/match/28810,Bournemouth,Peter Bankes,4.0,FINISHED
2025-09-13_Brentford,ENG-Premier League,2526,2025-09-13 Brentford-Chelsea,1,2025,28815,2025-09-13,244,80,Brentford,Chelsea,CHE,BRE,2.0,2.0,1.17533,0.755999,True,True,https://understat.com/match/28815,Brentford,Stuart Attwell,4.0,FINISHED
2025-09-13_Crystal,ENG-Premier League,2526,2025-09-13 Crystal Palace-Sunderland,1,2025,28811,2025-09-13,78,77,Crystal Palace,Sunderland,SUN,CRY,0.0,0.0,1.75805,0.354129,True,True,https://understat.com/match/28811,Crystal,Thomas Bramall,4.0,FINISHED
2025-09-13_Everton,ENG-Premier League,2526,2025-09-13 Everton-Aston Villa,1,2025,28812,2025-09-13,72,71,Everton,Aston Villa,AVL,EVE,0.0,0.0,1.8927,0.354327,True,True,https://understat.com/match/28812,Everton,Simon Hooper,4.0,FINISHED
2025-09-13_Fulham,ENG-Premier League,2526,2025-09-13 Fulham-Leeds,1,2025,28813,2025-09-13,228,245,Fulham,Leeds,LED,FLH,1.0,0.0,1.13979,0.830398,True,True,https://understat.com/match/28813,Fulham,Craig Pawson,4.0,FINISHED
2025-09-13_Newcastle,ENG-Premier League,2526,2025-09-13 Newcastle United-Wolverhampton Wanderers,1,2025,28809,2025-09-13,86,229,Newcastle United,Wolverhampton Wanderers,WOL,NEW,1.0,0.0,1.19186,0.375942,True,True,https://understat.com/match/28809,Newcastle,Chris Kavanagh,4.0,FINISHED
2025-09-13_West,ENG-Premier League,2526,2025-09-13 West Ham-Tottenham,1,2025,28814,2025-09-13,81,82,West Ham,Tottenham,TOT,WHU,0.0,3.0,0.793248,1.51402,True,True,https://understat.com/match/28814,West,Jarred Gillett,4.0,FINISHED
2025-09-14_Burnley,ENG-Premier League,2526,2025-09-14 Burnley-Liverpool,1,2025,28816,2025-09-14,92,87,Burnley,Liverpool,LIV,BUR,0.0,1.0,0.168041,2.79492,True,True,https://understat.com/match/28816,Burnley,Michael Oliver,4.0,FINISHED
2025-09-14_Manchester,ENG-Premier League,2526,2025-09-14 Manchester City-Manchester United,1,2025,28817,2025-09-14,88,89,Manchester City,Manchester United,MUN,MCI,3.0,0.0,1.99725,1.51915,True,True,https://understat.com/match/28817,Manchester,Anthony Taylor,4.0,FINISHED
2025-09-20_Brighton,ENG-Premier League,2526,2025-09-20 Brighton-Tottenham,1,2025,28821,2025-09-20,220,82,Brighton,Tottenham,TOT,BRI,2.0,2.0,1.40466,1.19181,True,True,https://understat.com/match/28821,Brighton,Chris Kavanagh,5.0,FINISHED
2025-09-20_Burnley,ENG-Premier League,2526,2025-09-20 Burnley-Nottingham Forest,1,2025,28822,2025-09-20,92,249,Burnley,Nottingham Forest,NOT,BUR,1.0,1.0,1.14159,0.830779,True,True,https://understat.com/match/28822,Burnley,Thomas Bramall,5.0,FINISHED
2025-09-20_Fulham,ENG-Premier League,2526,2025-09-20 Fulham-Brentford,1,2025,28825,2025-09-20,228,244,Fulham,Brentford,BRE,FLH,3.0,1.0,1.52431,0.826556,True,True,https://understat.com/match/28825,Fulham,Michael Oliver,5.0,FINISHED
2025-09-20_Liverpool,ENG-Premier League,2526,2025-09-20 Liverpool-Everton,1,2025,28818,2025-09-20,87,72,Liverpool,Everton,EVE,LIV,2.0,1.0,1.06166,0.721371,True,True,https://understat.com/match/28818,Liverpool,Darren England,5.0,FINISHED
2025-09-20_Manchester,ENG-Premier League,2526,2025-09-20 Manchester United-Chelsea,1,2025,28824,2025-09-20,89,80,Manchester United,Chelsea,CHE,MUN,2.0,1.0,1.34458,0.469843,True,True,https://understat.com/match/28824,Manchester,Peter Bankes,5.0,FINISHED
2025-09-20_West,ENG-Premier League,2526,2025-09-20 West Ham-Crystal Palace,1,2025,28819,2025-09-20,81,78,West Ham,Crystal Palace,CRY,WHU,1.0,2.0,0.466365,2.33565,True,True,https://understat.com/match/28819,West,Tony Harrington,5.0,FINISHED
2025-09-20_Wolverhampton,ENG-Premier League,2526,2025-09-20 Wolverhampton Wanderers-Leeds,1,2025,28820,2025-09-20,229,245,Wolverhampton Wanderers,Leeds,LED,WOL,1.0,3.0,1.5661,0.456988,True,True,https://understat.com/match/28820,Wolverhampton,Anthony Taylor,5.0,FINISHED
2025-09-21_Arsenal,ENG-Premier League,2526,2025-09-21 Arsenal-Manchester City,1,2025,28827,2025-09-21,83,88,Arsenal,Manchester City,MCI,ARS,1.0,1.0,0.718575,1.1227,True,True,https://understat.com/match/28827,Arsenal,Stuart Attwell,5.0,FINISHED
2025-09-21_Bournemouth,ENG-Premier League,2526,2025-09-21 Bournemouth-Newcastle United,1,2025,28823,2025-09-21,73,86,Bournemouth,Newcastle United,NEW,BOU,0.0,0.0,0.55066,0.153629,True,True,https://understat.com/match/28823,Bournemouth,Robert Jones,5.0,FINISHED
2025-09-21_Sunderland,ENG-Premier League,2526,2025-09-21 Sunderland-Aston Villa,1,2025,28826,2025-09-21,77,71,Sunderland,Aston Villa,AVL,SUN,1.0,1.0,0.938312,0.939354,True,True,https://understat.com/match/28826,Sunderland,Sam Barrott,5.0,FINISHED
2025-09-27_Brentford,ENG-Premier League,2526,2025-09-27 Brentford-Manchester United,1,2025,28828,2025-09-27,244,89,Brentford,Manchester United,MUN,BRE,3.0,1.0,2.78726,2.23609,True,True,https://understat.com/match/28828,Brentford,Craig Pawson,6.0,FINISHED
2025-09-27_Chelsea,ENG-Premier League,2526,2025-09-27 Chelsea-Brighton,1,2025,28829,2025-09-27,80,220,Chelsea,Brighton,BRI,CHE,1.0,3.0,2.02653,2.4751,True,True,https://understat.com/match/28829,Chelsea,Simon Hooper,6.0,FINISHED
2025-09-27_Crystal,ENG-Premier League,2526,2025-09-27 Crystal Palace-Liverpool,1,2025,28830,2025-09-27,78,87,Crystal Palace,Liverpool,LIV,CRY,2.0,1.0,3.53323,3.10176,True,True,https://understat.com/match/28830,Crystal,Chris Kavanagh,6.0,FINISHED
2025-09-27_Leeds,ENG-Premier League,2526,2025-09-27 Leeds-Bournemouth,1,2025,28832,2025-09-27,245,73,Leeds,Bournemouth,BOU,LED,2.0,2.0,2.04728,1.06033,True,True,https://understat.com/match/28832,Leeds,Michael Oliver,6.0,FINISHED
2025-09-27_Manchester,ENG-Premier League,2526,2025-09-27 Manchester City-Burnley,1,2025,28833,2025-09-27,88,92,Manchester City,Burnley,BUR,MCI,5.0,1.0,3.22133,0.509491,True,True,https://understat.com/match/28833,Manchester,Robert Jones,6.0,FINISHED
2025-09-27_Nottingham,ENG-Premier League,2526,2025-09-27 Nottingham Forest-Sunderland,1,2025,28834,2025-09-27,249,77,Nottingham Forest,Sunderland,SUN,NOT,0.0,1.0,1.4203,1.94154,True,True,https://understat.com/match/28834,Nottingham,Tony Harrington,6.0,FINISHED
2025-09-27_Tottenham,ENG-Premier League,2526,2025-09-27 Tottenham-Wolverhampton Wanderers,1,2025,28835,2025-09-27,82,229,Tottenham,Wolverhampton Wanderers,WOL,TOT,1.0,1.0,0.818711,1.15951,True,True,https://understat.com/match/28835,Tottenham,Michael Salisbury,6.0,FINISHED
2025-09-28_Aston,ENG-Premier League,2526,2025-09-28 Aston Villa-Fulham,1,2025,28831,2025-09-28,71,228,Aston Villa,Fulham,FLH,AVL,3.0,1.0,1.36575,0.952612,True,True,https://understat.com/match/28831,Aston,Andy Madley,6.0,FINISHED
2025-09-28_Newcastle,ENG-Premier League,2526,2025-09-28 Newcastle United-Arsenal,1,2025,28836,2025-09-28,86,83,Newcastle United,Arsenal,ARS,NEW,1.0,2.0,0.739851,2.07048,True,True,https://understat.com/match/28836,Newcastle,Jarred Gillett,6.0,FINISHED
2025-09-29_Everton,ENG-Premier League,2526,2025-09-29 Everton-West Ham,1,2025,28837,2025-09-29,72,81,Everton,West Ham,WHU,EVE,1.0,1.0,0.909703,0.775766,True,True,https://understat.com/match/28837,Everton,Sam Barrott,6.0,FINISHED
2025-10-03_Bournemouth,ENG-Premier League,2526,2025-10-03 Bournemouth-Fulham,1,2025,28838,2025-10-03,73,228,Bournemouth,Fulham,FLH,BOU,3.0,1.0,1.33458,0.84335,True,True,https://understat.com/match/28838,Bournemouth,Simon Hooper,7.0,FINISHED
2025-10-04_Arsenal,ENG-Premier League,2526,2025-10-04 Arsenal-West Ham,1,2025,28839,2025-10-04,83,81,Arsenal,West Ham,WHU,ARS,2.0,0.0,3.0585,0.864549,True,True,https://understat.com/match/28839,Arsenal,John Brooks,7.0,FINISHED
2025-10-04_Chelsea,ENG-Premier League,2526,2025-10-04 Chelsea-Liverpool,1,2025,28842,2025-10-04,80,87,Chelsea,Liverpool,LIV,CHE,2.0,1.0,1.23721,2.05981,True,True,https://understat.com/match/28842,Chelsea,Anthony Taylor,7.0,FINISHED
2025-10-04_Leeds,ENG-Premier League,2526,2025-10-04 Leeds-Tottenham,1,2025,28844,2025-10-04,245,82,Leeds,Tottenham,TOT,LED,1.0,2.0,1.48051,0.688198,True,True,https://understat.com/match/28844,Leeds,Thomas Bramall,7.0,FINISHED
2025-10-04_Manchester,ENG-Premier League,2526,2025-10-04 Manchester United-Sunderland,1,2025,28845,2025-10-04,89,77,Manchester United,Sunderland,SUN,MUN,2.0,0.0,1.9298,0.807119,True,True,https://understat.com/match/28845,Manchester,Stuart Attwell,7.0,FINISHED
2025-10-05_Aston,ENG-Premier League,2526,2025-10-05 Aston Villa-Burnley,1,2025,28840,2025-10-05,71,92,Aston Villa,Burnley,BUR,AVL,2.0,1.0,1.73572,0.502292,True,True,https://understat.com/match/28840,Aston,Andrew Kitchen,7.0,FINISHED
2025-10-05_Brentford,ENG-Premier League,2526,2025-10-05 Brentford-Manchester City,1,2025,28841,2025-10-05,244,88,Brentford,Manchester City,MCI,BRE,0.0,1.0,0.693758,1.09647,True,True,https://understat.com/match/28841,Brentford,Darren England,7.0,FINISHED
2025-10-05_Everton,ENG-Premier League,2526,2025-10-05 Everton-Crystal Palace,1,2025,28843,2025-10-05,72,78,Everton,Crystal Palace,CRY,EVE,2.0,1.0,2.13876,2.17789,True,True,https://understat.com/match/28843,Everton,Michael Salisbury,7.0,FINISHED
2025-10-05_Newcastle,ENG-Premier League,2526,2025-10-05 Newcastle United-Nottingham Forest,1,2025,28846,2025-10-05,86,249,Newcastle United,Nottingham Forest,NOT,NEW,2.0,0.0,3.81662,0.337689,True,True,https://understat.com/match/28846,Newcastle,Peter Bankes,7.0,FINISHED
2025-10-05_Wolverhampton,ENG-Premier League,2526,2025-10-05 Wolverhampton Wanderers-Brighton,1,2025,28847,2025-10-05,229,220,Wolverhampton Wanderers,Brighton,BRI,WOL,1.0,1.0,0.369404,1.39158,True,True,https://understat.com/match/28847,Wolverhampton,Jarred Gillett,7.0,FINISHED
2025-10-18_Brighton,ENG-Premier League,2526,2025-10-18 Brighton-Newcastle United,1,2025,28848,2025-10-18,220,86,Brighton,Newcastle United,NEW,BRI,2.0,1.0,0.857104,1.28313,True,True,https://understat.com/match/28848,Brighton,Craig Pawson,8.0,FINISHED
2025-10-18_Burnley,ENG-Premier League,2526,2025-10-18 Burnley-Leeds,1,2025,28849,2025-10-18,92,245,Burnley,Leeds,LED,BUR,2.0,0.0,0.509647,2.33152,True,True,https://understat.com/match/28849,Burnley,Tim Robinson,8.0,FINISHED
2025-10-18_Crystal,ENG-Premier League,2526,2025-10-18 Crystal Palace-Bournemouth,1,2025,28850,2025-10-18,78,73,Crystal Palace,Bournemouth,BOU,CRY,3.0,3.0,4.56284,2.0471,True,True,https://understat.com/match/28850,Crystal,Jarred Gillett,8.0,FINISHED
2025-10-18_Fulham,ENG-Premier League,2526,2025-10-18 Fulham-Arsenal,1,2025,28851,2025-10-18,228,83,Fulham,Arsenal,ARS,FLH,0.0,1.0,0.502332,2.07823,True,True,https://understat.com/match/28851,Fulham,Anthony Taylor,8.0,FINISHED
2025-10-18_Manchester,ENG-Premier League,2526,2025-10-18 Manchester City-Everton,1,2025,28853,2025-10-18,88,72,Manchester City,Everton,EVE,MCI,2.0,0.0,2.4799,0.794622,True,True,https://understat.com/match/28853,Manchester,Tony Harrington,8.0,FINISHED
2025-10-18_Nottingham,ENG-Premier League,2526,2025-10-18 Nottingham Forest-Chelsea,1,2025,28854,2025-10-18,249,80,Nottingham Forest,Chelsea,CHE,NOT,0.0,3.0,2.0555,2.5583,True,True,https://understat.com/match/28854,Nottingham,Chris Kavanagh,8.0,FINISHED
2025-10-18_Sunderland,ENG-Premier League,2526,2025-10-18 Sunderland-Wolverhampton Wanderers,1,2025,28855,2025-10-18,77,229,Sunderland,Wolverhampton Wanderers,WOL,SUN,2.0,0.0,1.02481,0.676323,True,True,https://understat.com/match/28855,Sunderland,Robert Jones,8.0,FINISHED
2025-10-19_Liverpool,ENG-Premier League,2526,2025-10-19 Liverpool-Manchester United,1,2025,28852,2025-10-19,87,89,Liverpool,Manchester United,MUN,LIV,1.0,2.0,2.60972,2.53117,True,True,https://understat.com/match/28852,Liverpool,Michael Oliver,8.0,FINISHED
2025-10-19_Tottenham,ENG-Premier League,2526,2025-10-19 Tottenham-Aston Villa,1,2025,28856,2025-10-19,82,71,Tottenham,Aston Villa,AVL,TOT,1.0,2.0,1.51461,0.352231,True,True,https://understat.com/match/28856,Tottenham,Simon Hooper,8.0,FINISHED
2025-10-20_West,ENG-Premier League,2526,2025-10-20 West Ham-Brentford,1,2025,28857,2025-10-20,81,244,West Ham,Brentford,BRE,WHU,0.0,2.0,0.260251,3.46635,True,True,https://understat.com/match/28857,West,Andy Madley,8.0,FINISHED
2025-10-24_Leeds,ENG-Premier League,2526,2025-10-24 Leeds-West Ham,1,2025,28864,2025-10-24,245,81,Leeds,West Ham,WHU,LED,2.0,1.0,2.2214,0.498653,True,True,https://understat.com/match/28864,Leeds,Stuart Attwell,9.0,FINISHED
2025-10-25_Brentford,ENG-Premier League,2526,2025-10-25 Brentford-Liverpool,1,2025,28861,2025-10-25,244,87,Brentford,Liverpool,LIV,BRE,3.0,2.0,3.27126,2.11838,True,True,https://understat.com/match/28861,Brentford,Simon Hooper,9.0,FINISHED
2025-10-25_Chelsea,ENG-Premier League,2526,2025-10-25 Chelsea-Sunderland,1,2025,28862,2025-10-25,80,77,Chelsea,Sunderland,SUN,CHE,1.0,2.0,1.21332,1.5506,True,True,https://understat.com/match/28862,Chelsea,Andy Madley,9.0,FINISHED
2025-10-25_Manchester,ENG-Premier League,2526,2025-10-25 Manchester United-Brighton,1,2025,28865,2025-10-25,89,220,Manchester United,Brighton,BRI,MUN,4.0,2.0,1.96231,0.947154,True,True,https://understat.com/match/28865,Manchester,Anthony Taylor,9.0,FINISHED
2025-10-25_Newcastle,ENG-Premier League,2526,2025-10-25 Newcastle United-Fulham,1,2025,28866,2025-10-25,86,228,Newcastle United,Fulham,FLH,NEW,2.0,1.0,2.76806,1.52001,True,True,https://understat.com/match/28866,Newcastle,Tony Harrington,9.0,FINISHED
2025-10-26_Arsenal,ENG-Premier League,2526,2025-10-26 Arsenal-Crystal Palace,1,2025,28859,2025-10-26,83,78,Arsenal,Crystal Palace,CRY,ARS,1.0,0.0,0.856175,0.350534,True,True,https://understat.com/match/28859,Arsenal,Thomas Bramall,9.0,FINISHED
2025-10-26_Aston,ENG-Premier League,2526,2025-10-26 Aston Villa-Manchester City,1,2025,28860,2025-10-26,71,88,Aston Villa,Manchester City,MCI,AVL,1.0,0.0,0.843906,1.36914,True,True,https://understat.com/match/28860,Aston,Michael Oliver,9.0,FINISHED
2025-10-26_Bournemouth,ENG-Premier League,2526,2025-10-26 Bournemouth-Nottingham Forest,1,2025,28858,2025-10-26,73,249,Bournemouth,Nottingham Forest,NOT,BOU,2.0,0.0,0.656601,0.305493,True,True,https://understat.com/match/28858,Bournemouth,Sam Barrott,9.0,FINISHED
2025-10-26_Everton,ENG-Premier League,2526,2025-10-26 Everton-Tottenham,1,2025,28863,2025-10-26,72,82,Everton,Tottenham,TOT,EVE,0.0,3.0,1.4032,2.09327,True,True,https://understat.com/match/28863,Everton,Craig Pawson,9.0,FINISHED
2025-10-26_Wolverhampton,ENG-Premier League,2526,2025-10-26 Wolverhampton Wanderers-Burnley,1,2025,28867,2025-10-26,229,92,Wolverhampton Wanderers,Burnley,BUR,WOL,2.0,3.0,2.58132,1.54544,True,True,https://understat.com/match/28867,Wolverhampton,Peter Bankes,9.0,FINISHED
2025-11-01_Brighton,ENG-Premier League,2526,2025-11-01 Brighton-Leeds,1,2025,28868,2025-11-01,220,245,Brighton,Leeds,LED,BRI,,,,,False,False,https://understat.com/match/28868,Brighton,,10.0,TIMED
2025-11-01_Burnley,ENG-Premier League,2526,2025-11-01 Burnley-Arsenal,1,2025,28869,2025-11-01,92,83,Burnley,Arsenal,ARS,BUR,,,,,False,False,https://understat.com/match/28869,Burnley,,10.0,TIMED
2025-11-01_Crystal,ENG-Premier League,2526,2025-11-01 Crystal Palace-Brentford,1,2025,28870,2025-11-01,78,244,Crystal Palace,Brentford,BRE,CRY,,,,,False,False,https://understat.com/match/28870,Crystal,,10.0,TIMED
2025-11-01_Fulham,ENG-Premier League,2526,2025-11-01 Fulham-Wolverhampton Wanderers,1,2025,28871,2025-11-01,228,229,Fulham,Wolverhampton Wanderers,WOL,FLH,,,,,False,False,https://understat.com/match/28871,Fulham,,10.0,TIMED
2025-11-01_Liverpool,ENG-Premier League,2526,2025-11-01 Liverpool-Aston Villa,1,2025,28872,2025-11-01,87,71,Liverpool,Aston Villa,AVL,LIV,,,,,False,False,https://understat.com/match/28872,Liverpool,,10.0,TIMED
2025-11-01_Manchester,ENG-Premier League,2526,2025-11-01 Manchester City-Bournemouth,1,2025,28873,2025-11-01,88,73,Manchester City,Bournemouth,BOU,MCI,,,,,False,False,https://understat.com/match/28873,Manchester,,,
2025-11-01_Nottingham,ENG-Premier League,2526,2025-11-01 Nottingham Forest-Manchester United,1,2025,28874,2025-11-01,249,89,Nottingham Forest,Manchester United,MUN,NOT,,,,,False,False,https://understat.com/match/28874,Nottingham,,10.0,TIMED
2025-11-01_Sunderland,ENG-Premier League,2526,2025-11-01 Sunderland-Everton,1,2025,28875,2025-11-01,77,72,Sunderland,Everton,EVE,SUN,,,,,False,False,https://understat.com/match/28875,Sunderland,,,
2025-11-01_Tottenham,ENG-Premier League,2526,2025-11-01 Tottenham-Chelsea,1,2025,28876,2025-11-01,82,80,Tottenham,Chelsea,CHE,TOT,,,,,False,False,https://understat.com/match/28876,Tottenham,,10.0,TIMED
2025-11-01_West,ENG-Premier League,2526,2025-11-01 West Ham-Newcastle United,1,2025,28877,2025-11-01,81,86,West Ham,Newcastle United,NEW,WHU,,,,,False,False,https://understat.com/match/28877,West,,,
2025-11-08_Aston,ENG-Premier League,2526,2025-11-08 Aston Villa-Bournemouth,1,2025,28878,2025-11-08,71,73,Aston Villa,Bournemouth,BOU,AVL,,,,,False,False,https://understat.com/match/28878,Aston,,,
2025-11-08_Brentford,ENG-Premier League,2526,2025-11-08 Brentford-Newcastle United,1,2025,28879,2025-11-08,244,86,Brentford,Newcastle United,NEW,BRE,,,,,False,False,https://understat.com/match/28879,Brentford,,,
2025-11-08_Chelsea,ENG-Premier League,2526,2025-11-08 Chelsea-Wolverhampton Wanderers,1,2025,28880,2025-11-08,80,229,Chelsea,Wolverhampton Wanderers,WOL,CHE,,,,,False,False,https://understat.com/match/28880,Chelsea,,11.0,TIMED
2025-11-08_Crystal,ENG-Premier League,2526,2025-11-08 Crystal Palace-Brighton,1,2025,28881,2025-11-08,78,220,Crystal Palace,Brighton,BRI,CRY,,,,,False,False,https://understat.com/match/28881,Crystal,,,
2025-11-08_Everton,ENG-Premier League,2526,2025-11-08 Everton-Fulham,1,2025,28882,2025-11-08,72,228,Everton,Fulham,FLH,EVE,,,,,False,False,https://understat.com/match/28882,Everton,,11.0,TIMED
2025-11-08_Manchester,ENG-Premier League,2526,2025-11-08 Manchester City-Liverpool,1,2025,28883,2025-11-08,88,87,Manchester City,Liverpool,LIV,MCI,,,,,False,False,https://understat.com/match/28883,Manchester,,,
2025-11-08_Nottingham,ENG-Premier League,2526,2025-11-08 Nottingham Forest-Leeds,1,2025,28884,2025-11-08,249,245,Nottingham Forest,Leeds,LED,NOT,,,,,False,False,https://understat.com/match/28884,Nottingham,,,
2025-11-08_Sunderland,ENG-Premier League,2526,2025-11-08 Sunderland-Arsenal,1,2025,28885,2025-11-08,77,83,Sunderland,Arsenal,ARS,SUN,,,,,False,False,https://understat.com/match/28885,Sunderland,,11.0,TIMED
2025-11-08_Tottenham,ENG-Premier League,2526,2025-11-08 Tottenham-Manchester United,1,2025,28886,2025-11-08,82,89,Tottenham,Manchester United,MUN,TOT,,,,,False,False,https://understat.com/match/28886,Tottenham,,11.0,TIMED
2025-11-08_West,ENG-Premier League,2526,2025-11-08 West Ham-Burnley,1,2025,28887,2025-11-08,81,92,West Ham,Burnley,BUR,WHU,,,,,False,False,https://understat.com/match/28887,West,,11.0,TIMED
2025-11-22_Arsenal,ENG-Premier League,2526,2025-11-22 Arsenal-Tottenham,1,2025,28889,2025-11-22,83,82,Arsenal,Tottenham,TOT,ARS,,,,,False,False,https://understat.com/match/28889,Arsenal,,,
2025-11-22_Bournemouth,ENG-Premier League,2526,2025-11-22 Bournemouth-West Ham,1,2025,28888,2025-11-22,73,81,Bournemouth,West Ham,WHU,BOU,,,,,False,False,https://understat.com/match/28888,Bournemouth,,12.0,TIMED
2025-11-22_Brighton,ENG-Premier League,2526,2025-11-22 Brighton-Brentford,1,2025,28890,2025-11-22,220,244,Brighton,Brentford,BRE,BRI,,,,,False,False,https://understat.com/match/28890,Brighton,,12.0,TIMED
2025-11-22_Burnley,ENG-Premier League,2526,2025-11-22 Burnley-Chelsea,1,2025,28891,2025-11-22,92,80,Burnley,Chelsea,CHE,BUR,,,,,False,False,https://understat.com/match/28891,Burnley,,12.0,TIMED
2025-11-22_Fulham,ENG-Premier League,2526,2025-11-22 Fulham-Sunderland,1,2025,28892,2025-11-22,228,77,Fulham,Sunderland,SUN,FLH,,,,,False,False,https://understat.com/match/28892,Fulham,,12.0,TIMED
2025-11-22_Leeds,ENG-Premier League,2526,2025-11-22 Leeds-Aston Villa,1,2025,28893,2025-11-22,245,71,Leeds,Aston Villa,AVL,LED,,,,,False,False,https://understat.com/match/28893,Leeds,,,
2025-11-22_Liverpool,ENG-Premier League,2526,2025-11-22 Liverpool-Nottingham Forest,1,2025,28894,2025-11-22,87,249,Liverpool,Nottingham Forest,NOT,LIV,,,,,False,False,https://understat.com/match/28894,Liverpool,,12.0,TIMED
2025-11-22_Manchester,ENG-Premier League,2526,2025-11-22 Manchester United-Everton,1,2025,28895,2025-11-22,89,72,Manchester United,Everton,EVE,MUN,,,,,False,False,https://understat.com/match/28895,Manchester,,,
2025-11-22_Newcastle,ENG-Premier League,2526,2025-11-22 Newcastle United-Manchester City,1,2025,28896,2025-11-22,86,88,Newcastle United,Manchester City,MCI,NEW,,,,,False,False,https://understat.com/match/28896,Newcastle,,12.0,TIMED
2025-11-22_Wolverhampton,ENG-Premier League,2526,2025-11-22 Wolverhampton Wanderers-Crystal Palace,1,2025,28897,2025-11-22,229,78,Wolverhampton Wanderers,Crystal Palace,CRY,WOL,,,,,False,False,https://understat.com/match/28897,Wolverhampton,,12.0,TIMED
2025-11-29_Aston,ENG-Premier League,2526,2025-11-29 Aston Villa-Wolverhampton Wanderers,1,2025,28898,2025-11-29,71,229,Aston Villa,Wolverhampton Wanderers,WOL,AVL,,,,,False,False,https://understat.com/match/28898,Aston,,,
2025-11-29_Brentford,ENG-Premier League,2526,2025-11-29 Brentford-Burnley,1,2025,28899,2025-11-29,244,92,Brentford,Burnley,BUR,BRE,,,,,False,False,https://understat.com/match/28899,Brentford,,13.0,TIMED
2025-11-29_Chelsea,ENG-Premier League,2526,2025-11-29 Chelsea-Arsenal,1,2025,28900,2025-11-29,80,83,Chelsea,Arsenal,ARS,CHE,,,,,False,False,https://understat.com/match/28900,Chelsea,,,
2025-11-29_Crystal,ENG-Premier League,2526,2025-11-29 Crystal Palace-Manchester United,1,2025,28901,2025-11-29,78,89,Crystal Palace,Manchester United,MUN,CRY,,,,,False,False,https://understat.com/match/28901,Crystal,,,
2025-11-29_Everton,ENG-Premier League,2526,2025-11-29 Everton-Newcastle United,1,2025,28902,2025-11-29,72,86,Everton,Newcastle United,NEW,EVE,,,,,False,False,https://understat.com/match/28902,Everton,,13.0,TIMED
2025-11-29_Manchester,ENG-Premier League,2526,2025-11-29 Manchester City-Leeds,1,2025,28903,2025-11-29,88,245,Manchester City,Leeds,LED,MCI,,,,,False,False,https://understat.com/match/28903,Manchester,,13.0,TIMED
2025-11-29_Nottingham,ENG-Premier League,2526,2025-11-29 Nottingham Forest-Brighton,1,2025,28904,2025-11-29,249,220,Nottingham Forest,Brighton,BRI,NOT,,,,,False,False,https://understat.com/match/28904,Nottingham,,,
2025-11-29_Sunderland,ENG-Premier League,2526,2025-11-29 Sunderland-Bournemouth,1,2025,28905,2025-11-29,77,73,Sunderland,Bournemouth,BOU,SUN,,,,,False,False,https://understat.com/match/28905,Sunderland,,13.0,TIMED
2025-11-29_Tottenham,ENG-Premier League,2526,2025-11-29 Tottenham-Fulham,1,2025,28906,2025-11-29,82,228,Tottenham,Fulham,FLH,TOT,,,,,False,False,https://understat.com/match/28906,Tottenham,,13.0,TIMED
2025-11-29_West,ENG-Premier League,2526,2025-11-29 West Ham-Liverpool,1,2025,28907,2025-11-29,81,87,West Ham,Liverpool,LIV,WHU,,,,,False,False,https://understat.com/match/28907,West,,,
2025-12-03_Arsenal,ENG-Premier League,2526,2025-12-03 Arsenal-Brentford,1,2025,28909,2025-12-03,83,244,Arsenal,Brentford,BRE,ARS,,,,,False,False,https://understat.com/match/28909,Arsenal,,14.0,TIMED
2025-12-03_Bournemouth,ENG-Premier League,2526,2025-12-03 Bournemouth-Everton,1,2025,28908,2025-12-03,73,72,Bournemouth,Everton,EVE,BOU,,,,,False,False,https://understat.com/match/28908,Bournemouth,,,
2025-12-03_Brighton,ENG-Premier League,2526,2025-12-03 Brighton-Aston Villa,1,2025,28910,2025-12-03,220,71,Brighton,Aston Villa,AVL,BRI,,,,,False,False,https://understat.com/match/28910,Brighton,,14.0,TIMED
2025-12-03_Burnley,ENG-Premier League,2526,2025-12-03 Burnley-Crystal Palace,1,2025,28911,2025-12-03,92,78,Burnley,Crystal Palace,CRY,BUR,,,,,False,False,https://understat.com/match/28911,Burnley,,14.0,TIMED
2025-12-03_Fulham,ENG-Premier League,2526,2025-12-03 Fulham-Manchester City,1,2025,28912,2025-12-03,228,88,Fulham,Manchester City,MCI,FLH,,,,,False,False,https://understat.com/match/28912,Fulham,,,
2025-12-03_Leeds,ENG-Premier League,2526,2025-12-03 Leeds-Chelsea,1,2025,28913,2025-12-03,245,80,Leeds,Chelsea,CHE,LED,,,,,False,False,https://understat.com/match/28913,Leeds,,14.0,TIMED
2025-12-03_Liverpool,ENG-Premier League,2526,2025-12-03 Liverpool-Sunderland,1,2025,28914,2025-12-03,87,77,Liverpool,Sunderland,SUN,LIV,,,,,False,False,https://understat.com/match/28914,Liverpool,,14.0,TIMED
2025-12-03_Manchester,ENG-Premier League,2526,2025-12-03 Manchester United-West Ham,1,2025,28915,2025-12-03,89,81,Manchester United,West Ham,WHU,MUN,,,,,False,False,https://understat.com/match/28915,Manchester,,,
2025-12-03_Newcastle,ENG-Premier League,2526,2025-12-03 Newcastle United-Tottenham,1,2025,28916,2025-12-03,86,82,Newcastle United,Tottenham,TOT,NEW,,,,,False,False,https://understat.com/match/28916,Newcastle,,,
2025-12-03_Wolverhampton,ENG-Premier League,2526,2025-12-03 Wolverhampton Wanderers-Nottingham Forest,1,2025,28917,2025-12-03,229,249,Wolverhampton Wanderers,Nottingham Forest,NOT,WOL,,,,,False,False,https://understat.com/match/28917,Wolverhampton,,14.0,TIMED
2025-12-06_Aston,ENG-Premier League,2526,2025-12-06 Aston Villa-Arsenal,1,2025,28919,2025-12-06,71,83,Aston Villa,Arsenal,ARS,AVL,,,,,False,False,https://understat.com/match/28919,Aston,,15.0,TIMED
2025-12-06_Bournemouth,ENG-Premier League,2526,2025-12-06 Bournemouth-Chelsea,1,2025,28918,2025-12-06,73,80,Bournemouth,Chelsea,CHE,BOU,,,,,False,False,https://understat.com/match/28918,Bournemouth,,15.0,TIMED
2025-12-06_Brighton,ENG-Premier League,2526,2025-12-06 Brighton-West Ham,1,2025,28920,2025-12-06,220,81,Brighton,West Ham,WHU,BRI,,,,,False,False,https://understat.com/match/28920,Brighton,,,
2025-12-06_Everton,ENG-Premier League,2526,2025-12-06 Everton-Nottingham Forest,1,2025,28921,2025-12-06,72,249,Everton,Nottingham Forest,NOT,EVE,,,,,False,False,https://understat.com/match/28921,Everton,,15.0,TIMED
2025-12-06_Fulham,ENG-Premier League,2526,2025-12-06 Fulham-Crystal Palace,1,2025,28922,2025-12-06,228,78,Fulham,Crystal Palace,CRY,FLH,,,,,False,False,https://understat.com/match/28922,Fulham,,,
2025-12-06_Leeds,ENG-Premier League,2526,2025-12-06 Leeds-Liverpool,1,2025,28923,2025-12-06,245,87,Leeds,Liverpool,LIV,LED,,,,,False,False,https://understat.com/match/28923,Leeds,,15.0,TIMED
2025-12-06_Manchester,ENG-Premier League,2526,2025-12-06 Manchester City-Sunderland,1,2025,28924,2025-12-06,88,77,Manchester City,Sunderland,SUN,MCI,,,,,False,False,https://understat.com/match/28924,Manchester,,15.0,TIMED
2025-12-06_Newcastle,ENG-Premier League,2526,2025-12-06 Newcastle United-Burnley,1,2025,28925,2025-12-06,86,92,Newcastle United,Burnley,BUR,NEW,,,,,False,False,https://understat.com/match/28925,Newcastle,,15.0,TIMED
2025-12-06_Tottenham,ENG-Premier League,2526,2025-12-06 Tottenham-Brentford,1,2025,28926,2025-12-06,82,244,Tottenham,Brentford,BRE,TOT,,,,,False,False,https://understat.com/match/28926,Tottenham,,15.0,TIMED
2025-12-06_Wolverhampton,ENG-Premier League,2526,2025-12-06 Wolverhampton Wanderers-Manchester United,1,2025,28927,2025-12-06,229,89,Wolverhampton Wanderers,Manchester United,MUN,WOL,,,,,False,False,https://understat.com/match/28927,Wolverhampton,,,
2025-12-13_Arsenal,ENG-Premier League,2526,2025-12-13 Arsenal-Wolverhampton Wanderers,1,2025,28928,2025-12-13,83,229,Arsenal,Wolverhampton Wanderers,WOL,ARS,,,,,False,False,https://understat.com/match/28928,Arsenal,,16.0,TIMED
2025-12-13_Brentford,ENG-Premier League,2526,2025-12-13 Brentford-Leeds,1,2025,28929,2025-12-13,244,245,Brentford,Leeds,LED,BRE,,,,,False,False,https://understat.com/match/28929,Brentford,,,
2025-12-13_Burnley,ENG-Premier League,2526,2025-12-13 Burnley-Fulham,1,2025,28930,2025-12-13,92,228,Burnley,Fulham,FLH,BUR,,,,,False,False,https://understat.com/match/28930,Burnley,,16.0,TIMED
2025-12-13_Chelsea,ENG-Premier League,2526,2025-12-13 Chelsea-Everton,1,2025,28931,2025-12-13,80,72,Chelsea,Everton,EVE,CHE,,,,,False,False,https://understat.com/match/28931,Chelsea,,16.0,TIMED
2025-12-13_Crystal,ENG-Premier League,2526,2025-12-13 Crystal Palace-Manchester City,1,2025,28932,2025-12-13,78,88,Crystal Palace,Manchester City,MCI,CRY,,,,,False,False,https://understat.com/match/28932,Crystal,,,
2025-12-13_Liverpool,ENG-Premier League,2526,2025-12-13 Liverpool-Brighton,1,2025,28933,2025-12-13,87,220,Liverpool,Brighton,BRI,LIV,,,,,False,False,https://understat.com/match/28933,Liverpool,,16.0,TIMED
2025-12-13_Manchester,ENG-Premier League,2526,2025-12-13 Manchester United-Bournemouth,1,2025,28934,2025-12-13,89,73,Manchester United,Bournemouth,BOU,MUN,,,,,False,False,https://understat.com/match/28934,Manchester,,,
2025-12-13_Nottingham,ENG-Premier League,2526,2025-12-13 Nottingham Forest-Tottenham,1,2025,28935,2025-12-13,249,82,Nottingham Forest,Tottenham,TOT,NOT,,,,,False,False,https://understat.com/match/28935,Nottingham,,,
2025-12-13_Sunderland,ENG-Premier League,2526,2025-12-13 Sunderland-Newcastle United,1,2025,28936,2025-12-13,77,86,Sunderland,Newcastle United,NEW,SUN,,,,,False,False,https://understat.com/match/28936,Sunderland,,,
2025-12-13_West,ENG-Premier League,2526,2025-12-13 West Ham-Aston Villa,1,2025,28937,2025-12-13,81,71,West Ham,Aston Villa,AVL,WHU,,,,,False,False,https://understat.com/match/28937,West,,,
2025-12-20_Aston,ENG-Premier League,2526,2025-12-20 Aston Villa-Manchester United,1,2025,28939,2025-12-20,71,89,Aston Villa,Manchester United,MUN,AVL,,,,,False,False,https://understat.com/match/28939,Aston,,,
2025-12-20_Bournemouth,ENG-Premier League,2526,2025-12-20 Bournemouth-Burnley,1,2025,28938,2025-12-20,73,92,Bournemouth,Burnley,BUR,BOU,,,,,False,False,https://understat.com/match/28938,Bournemouth,,17.0,TIMED
2025-12-20_Brighton,ENG-Premier League,2526,2025-12-20 Brighton-Sunderland,1,2025,28940,2025-12-20,220,77,Brighton,Sunderland,SUN,BRI,,,,,False,False,https://understat.com/match/28940,Brighton,,17.0,TIMED
2025-12-20_Everton,ENG-Premier League,2526,2025-12-20 Everton-Arsenal,1,2025,28941,2025-12-20,72,83,Everton,Arsenal,ARS,EVE,,,,,False,False,https://understat.com/match/28941,Everton,,,
2025-12-20_Fulham,ENG-Premier League,2526,2025-12-20 Fulham-Nottingham Forest,1,2025,28942,2025-12-20,228,249,Fulham,Nottingham Forest,NOT,FLH,,,,,False,False,https://understat.com/match/28942,Fulham,,,
2025-12-20_Leeds,ENG-Premier League,2526,2025-12-20 Leeds-Crystal Palace,1,2025,28943,2025-12-20,245,78,Leeds,Crystal Palace,CRY,LED,,,,,False,False,https://understat.com/match/28943,Leeds,,,
2025-12-20_Manchester,ENG-Premier League,2526,2025-12-20 Manchester City-West Ham,1,2025,28944,2025-12-20,88,81,Manchester City,West Ham,WHU,MCI,,,,,False,False,https://understat.com/match/28944,Manchester,,17.0,TIMED
2025-12-20_Newcastle,ENG-Premier League,2526,2025-12-20 Newcastle United-Chelsea,1,2025,28945,2025-12-20,86,80,Newcastle United,Chelsea,CHE,NEW,,,,,False,False,https://understat.com/match/28945,Newcastle,,17.0,TIMED
2025-12-20_Tottenham,ENG-Premier League,2526,2025-12-20 Tottenham-Liverpool,1,2025,28946,2025-12-20,82,87,Tottenham,Liverpool,LIV,TOT,,,,,False,False,https://understat.com/match/28946,Tottenham,,17.0,TIMED
2025-12-20_Wolverhampton,ENG-Premier League,2526,2025-12-20 Wolverhampton Wanderers-Brentford,1,2025,28947,2025-12-20,229,244,Wolverhampton Wanderers,Brentford,BRE,WOL,,,,,False,False,https://understat.com/match/28947,Wolverhampton,,17.0,TIMED
2025-12-27_Arsenal,ENG-Premier League,2526,2025-12-27 Arsenal-Brighton,1,2025,28948,2025-12-27,83,220,Arsenal,Brighton,BRI,ARS,,,,,False,False,https://understat.com/match/28948,Arsenal,,18.0,SCHEDULED
2025-12-27_Brentford,ENG-Premier League,2526,2025-12-27 Brentford-Bournemouth,1,2025,28949,2025-12-27,244,73,Brentford,Bournemouth,BOU,BRE,,,,,False,False,https://understat.com/match/28949,Brentford,,18.0,SCHEDULED
2025-12-27_Burnley,ENG-Premier League,2526,2025-12-27 Burnley-Everton,1,2025,28950,2025-12-27,92,72,Burnley,Everton,EVE,BUR,,,,,False,False,https://understat.com/match/28950,Burnley,,18.0,SCHEDULED
2025-12-27_Chelsea,ENG-Premier League,2526,2025-12-27 Chelsea-Aston Villa,1,2025,28951,2025-12-27,80,71,Chelsea,Aston Villa,AVL,CHE,,,,,False,False,https://understat.com/match/28951,Chelsea,,18.0,SCHEDULED
2025-12-27_Crystal,ENG-Premier League,2526,2025-12-27 Crystal Palace-Tottenham,1,2025,28952,2025-12-27,78,82,Crystal Palace,Tottenham,TOT,CRY,,,,,False,False,https://understat.com/match/28952,Crystal,,18.0,SCHEDULED
2025-12-27_Liverpool,ENG-Premier League,2526,2025-12-27 Liverpool-Wolverhampton Wanderers,1,2025,28953,2025-12-27,87,229,Liverpool,Wolverhampton Wanderers,WOL,LIV,,,,,False,False,https://understat.com/match/28953,Liverpool,,18.0,SCHEDULED
2025-12-27_Manchester,ENG-Premier League,2526,2025-12-27 Manchester United-Newcastle United,1,2025,28954,2025-12-27,89,86,Manchester United,Newcastle United,NEW,MUN,,,,,False,False,https://understat.com/match/28954,Manchester,,18.0,SCHEDULED
2025-12-27_Nottingham,ENG-Premier League,2526,2025-12-27 Nottingham Forest-Manchester City,1,2025,28955,2025-12-27,249,88,Nottingham Forest,Manchester City,MCI,NOT,,,,,False,False,https://understat.com/match/28955,Nottingham,,18.0,SCHEDULED
2025-12-27_Sunderland,ENG-Premier League,2526,2025-12-27 Sunderland-Leeds,1,2025,28956,2025-12-27,77,245,Sunderland,Leeds,LED,SUN,,,,,False,False,https://understat.com/match/28956,Sunderland,,18.0,SCHEDULED
2025-12-27_West,ENG-Premier League,2526,2025-12-27 West Ham-Fulham,1,2025,28957,2025-12-27,81,228,West Ham,Fulham,FLH,WHU,,,,,False,False,https://understat.com/match/28957,West,,18.0,SCHEDULED
2025-12-30_Arsenal,ENG-Premier League,2526,2025-12-30 Arsenal-Aston Villa,1,2025,28958,2025-12-30,83,71,Arsenal,Aston Villa,AVL,ARS,,,,,False,False,https://understat.com/match/28958,Arsenal,,19.0,SCHEDULED
2025-12-30_Brentford,ENG-Premier League,2526,2025-12-30 Brentford-Tottenham,1,2025,28959,2025-12-30,244,82,Brentford,Tottenham,TOT,BRE,,,,,False,False,https://understat.com/match/28959,Brentford,,19.0,SCHEDULED
2025-12-30_Burnley,ENG-Premier League,2526,2025-12-30 Burnley-Newcastle United,1,2025,28960,2025-12-30,92,86,Burnley,Newcastle United,NEW,BUR,,,,,False,False,https://understat.com/match/28960,Burnley,,19.0,SCHEDULED
2025-12-30_Chelsea,ENG-Premier League,2526,2025-12-30 Chelsea-Bournemouth,1,2025,28961,2025-12-30,80,73,Chelsea,Bournemouth,BOU,CHE,,,,,False,False,https://understat.com/match/28961,Chelsea,,19.0,SCHEDULED
2025-12-30_Crystal,ENG-Premier League,2526,2025-12-30 Crystal Palace-Fulham,1,2025,28962,2025-12-30,78,228,Crystal Palace,Fulham,FLH,CRY,,,,,False,False,https://understat.com/match/28962,Crystal,,19.0,SCHEDULED
2025-12-30_Liverpool,ENG-Premier League,2526,2025-12-30 Liverpool-Leeds,1,2025,28963,2025-12-30,87,245,Liverpool,Leeds,LED,LIV,,,,,False,False,https://understat.com/match/28963,Liverpool,,19.0,SCHEDULED
2025-12-30_Manchester,ENG-Premier League,2526,2025-12-30 Manchester United-Wolverhampton Wanderers,1,2025,28964,2025-12-30,89,229,Manchester United,Wolverhampton Wanderers,WOL,MUN,,,,,False,False,https://understat.com/match/28964,Manchester,,19.0,SCHEDULED
2025-12-30_Nottingham,ENG-Premier League,2526,2025-12-30 Nottingham Forest-Everton,1,2025,28965,2025-12-30,249,72,Nottingham Forest,Everton,EVE,NOT,,,,,False,False,https://understat.com/match/28965,Nottingham,,19.0,SCHEDULED
2025-12-30_Sunderland,ENG-Premier League,2526,2025-12-30 Sunderland-Manchester City,1,2025,28966,2025-12-30,77,88,Sunderland,Manchester City,MCI,SUN,,,,,False,False,https://understat.com/match/28966,Sunderland,,19.0,SCHEDULED
2025-12-30_West,ENG-Premier League,2526,2025-12-30 West Ham-Brighton,1,2025,28967,2025-12-30,81,220,West Ham,Brighton,BRI,WHU,,,,,False,False,https://understat.com/match/28967,West,,19.0,SCHEDULED
2026-01-03_Aston,ENG-Premier League,2526,2026-01-03 Aston Villa-Nottingham Forest,1,2025,28972,2026-01-03,71,249,Aston Villa,Nottingham Forest,NOT,AVL,,,,,False,False,https://understat.com/match/28972,Aston,,20.0,SCHEDULED
2026-01-03_Bournemouth,ENG-Premier League,2526,2026-01-03 Bournemouth-Arsenal,1,2025,28971,2026-01-03,73,83,Bournemouth,Arsenal,ARS,BOU,,,,,False,False,https://understat.com/match/28971,Bournemouth,,20.0,SCHEDULED
2026-01-03_Brighton,ENG-Premier League,2526,2026-01-03 Brighton-Burnley,1,2025,28973,2026-01-03,220,92,Brighton,Burnley,BUR,BRI,,,,,False,False,https://understat.com/match/28973,Brighton,,20.0,SCHEDULED
2026-01-03_Everton,ENG-Premier League,2526,2026-01-03 Everton-Brentford,1,2025,28974,2026-01-03,72,244,Everton,Brentford,BRE,EVE,,,,,False,False,https://understat.com/match/28974,Everton,,20.0,SCHEDULED
2026-01-03_Fulham,ENG-Premier League,2526,2026-01-03 Fulham-Liverpool,1,2025,28975,2026-01-03,228,87,Fulham,Liverpool,LIV,FLH,,,,,False,False,https://understat.com/match/28975,Fulham,,20.0,SCHEDULED
2026-01-03_Leeds,ENG-Premier League,2526,2026-01-03 Leeds-Manchester United,1,2025,28976,2026-01-03,245,89,Leeds,Manchester United,MUN,LED,,,,,False,False,https://understat.com/match/28976,Leeds,,20.0,SCHEDULED
2026-01-03_Manchester,ENG-Premier League,2526,2026-01-03 Manchester City-Chelsea,1,2025,28977,2026-01-03,88,80,Manchester City,Chelsea,CHE,MCI,,,,,False,False,https://understat.com/match/28977,Manchester,,20.0,SCHEDULED
2026-01-03_Newcastle,ENG-Premier League,2526,2026-01-03 Newcastle United-Crystal Palace,1,2025,28968,2026-01-03,86,78,Newcastle United,Crystal Palace,CRY,NEW,,,,,False,False,https://understat.com/match/28968,Newcastle,,20.0,SCHEDULED
2026-01-03_Tottenham,ENG-Premier League,2526,2026-01-03 Tottenham-Sunderland,1,2025,28969,2026-01-03,82,77,Tottenham,Sunderland,SUN,TOT,,,,,False,False,https://understat.com/match/28969,Tottenham,,20.0,SCHEDULED
2026-01-03_Wolverhampton,ENG-Premier League,2526,2026-01-03 Wolverhampton Wanderers-West Ham,1,2025,28970,2026-01-03,229,81,Wolverhampton Wanderers,West Ham,WHU,WOL,,,,,False,False,https://understat.com/match/28970,Wolverhampton,,20.0,SCHEDULED
2026-01-07_Arsenal,ENG-Premier League,2526,2026-01-07 Arsenal-Liverpool,1,2025,28980,2026-01-07,83,87,Arsenal,Liverpool,LIV,ARS,,,,,False,False,https://understat.com/match/28980,Arsenal,,21.0,SCHEDULED
2026-01-07_Bournemouth,ENG-Premier League,2526,2026-01-07 Bournemouth-Tottenham,1,2025,28979,2026-01-07,73,82,Bournemouth,Tottenham,TOT,BOU,,,,,False,False,https://understat.com/match/28979,Bournemouth,,21.0,SCHEDULED
2026-01-07_Brentford,ENG-Premier League,2526,2026-01-07 Brentford-Sunderland,1,2025,28981,2026-01-07,244,77,Brentford,Sunderland,SUN,BRE,,,,,False,False,https://understat.com/match/28981,Brentford,,21.0,SCHEDULED
2026-01-07_Burnley,ENG-Premier League,2526,2026-01-07 Burnley-Manchester United,1,2025,28982,2026-01-07,92,89,Burnley,Manchester United,MUN,BUR,,,,,False,False,https://understat.com/match/28982,Burnley,,21.0,SCHEDULED
2026-01-07_Crystal,ENG-Premier League,2526,2026-01-07 Crystal Palace-Aston Villa,1,2025,28983,2026-01-07,78,71,Crystal Palace,Aston Villa,AVL,CRY,,,,,False,False,https://understat.com/match/28983,Crystal,,21.0,SCHEDULED
2026-01-07_Everton,ENG-Premier League,2526,2026-01-07 Everton-Wolverhampton Wanderers,1,2025,28978,2026-01-07,72,229,Everton,Wolverhampton Wanderers,WOL,EVE,,,,,False,False,https://understat.com/match/28978,Everton,,21.0,SCHEDULED
2026-01-07_Fulham,ENG-Premier League,2526,2026-01-07 Fulham-Chelsea,1,2025,28984,2026-01-07,228,80,Fulham,Chelsea,CHE,FLH,,,,,False,False,https://understat.com/match/28984,Fulham,,21.0,SCHEDULED
2026-01-07_Manchester,ENG-Premier League,2526,2026-01-07 Manchester City-Brighton,1,2025,28985,2026-01-07,88,220,Manchester City,Brighton,BRI,MCI,,,,,False,False,https://understat.com/match/28985,Manchester,,21.0,SCHEDULED
2026-01-07_Newcastle,ENG-Premier League,2526,2026-01-07 Newcastle United-Leeds,1,2025,28986,2026-01-07,86,245,Newcastle United,Leeds,LED,NEW,,,,,False,False,https://understat.com/match/28986,Newcastle,,21.0,SCHEDULED
2026-01-07_West,ENG-Premier League,2526,2026-01-07 West Ham-Nottingham Forest,1,2025,28987,2026-01-07,81,249,West Ham,Nottingham Forest,NOT,WHU,,,,,False,False,https://understat.com/match/28987,West,,21.0,SCHEDULED
2026-01-17_Aston,ENG-Premier League,2526,2026-01-17 Aston Villa-Everton,1,2025,28988,2026-01-17,71,72,Aston Villa,Everton,EVE,AVL,,,,,False,False,https://understat.com/match/28988,Aston,,22.0,SCHEDULED
2026-01-17_Brighton,ENG-Premier League,2526,2026-01-17 Brighton-Bournemouth,1,2025,28989,2026-01-17,220,73,Brighton,Bournemouth,BOU,BRI,,,,,False,False,https://understat.com/match/28989,Brighton,,22.0,SCHEDULED
2026-01-17_Chelsea,ENG-Premier League,2526,2026-01-17 Chelsea-Brentford,1,2025,28990,2026-01-17,80,244,Chelsea,Brentford,BRE,CHE,,,,,False,False,https://understat.com/match/28990,Chelsea,,22.0,SCHEDULED
2026-01-17_Leeds,ENG-Premier League,2526,2026-01-17 Leeds-Fulham,1,2025,28991,2026-01-17,245,228,Leeds,Fulham,FLH,LED,,,,,False,False,https://understat.com/match/28991,Leeds,,22.0,SCHEDULED
2026-01-17_Liverpool,ENG-Premier League,2526,2026-01-17 Liverpool-Burnley,1,2025,28992,2026-01-17,87,92,Liverpool,Burnley,BUR,LIV,,,,,False,False,https://understat.com/match/28992,Liverpool,,22.0,SCHEDULED
2026-01-17_Manchester,ENG-Premier League,2526,2026-01-17 Manchester United-Manchester City,1,2025,28993,2026-01-17,89,88,Manchester United,Manchester City,MCI,MUN,,,,,False,False,https://understat.com/match/28993,Manchester,,22.0,SCHEDULED
2026-01-17_Nottingham,ENG-Premier League,2526,2026-01-17 Nottingham Forest-Arsenal,1,2025,28994,2026-01-17,249,83,Nottingham Forest,Arsenal,ARS,NOT,,,,,False,False,https://understat.com/match/28994,Nottingham,,22.0,SCHEDULED
2026-01-17_Sunderland,ENG-Premier League,2526,2026-01-17 Sunderland-Crystal Palace,1,2025,28995,2026-01-17,77,78,Sunderland,Crystal Palace,CRY,SUN,,,,,False,False,https://understat.com/match/28995,Sunderland,,22.0,SCHEDULED
2026-01-17_Tottenham,ENG-Premier League,2526,2026-01-17 Tottenham-West Ham,1,2025,28996,2026-01-17,82,81,Tottenham,West Ham,WHU,TOT,,,,,False,False,https://understat.com/match/28996,Tottenham,,22.0,SCHEDULED
2026-01-17_Wolverhampton,ENG-Premier League,2526,2026-01-17 Wolverhampton Wanderers-Newcastle United,1,2025,28997,2026-01-17,229,86,Wolverhampton Wanderers,Newcastle United,NEW,WOL,,,,,False,False,https://understat.com/match/28997,Wolverhampton,,22.0,SCHEDULED
2026-01-24_Arsenal,ENG-Premier League,2526,2026-01-24 Arsenal-Manchester United,1,2025,28999,2026-01-24,83,89,Arsenal,Manchester United,MUN,ARS,,,,,False,False,https://understat.com/match/28999,Arsenal,,23.0,SCHEDULED
2026-01-24_Bournemouth,ENG-Premier League,2526,2026-01-24 Bournemouth-Liverpool,1,2025,28998,2026-01-24,73,87,Bournemouth,Liverpool,LIV,BOU,,,,,False,False,https://understat.com/match/28998,Bournemouth,,23.0,SCHEDULED
2026-01-24_Brentford,ENG-Premier League,2526,2026-01-24 Brentford-Nottingham Forest,1,2025,29000,2026-01-24,244,249,Brentford,Nottingham Forest,NOT,BRE,,,,,False,False,https://understat.com/match/29000,Brentford,,23.0,SCHEDULED
2026-01-24_Burnley,ENG-Premier League,2526,2026-01-24 Burnley-Tottenham,1,2025,29001,2026-01-24,92,82,Burnley,Tottenham,TOT,BUR,,,,,False,False,https://understat.com/match/29001,Burnley,,23.0,SCHEDULED
2026-01-24_Crystal,ENG-Premier League,2526,2026-01-24 Crystal Palace-Chelsea,1,2025,29002,2026-01-24,78,80,Crystal Palace,Chelsea,CHE,CRY,,,,,False,False,https://understat.com/match/29002,Crystal,,23.0,SCHEDULED
2026-01-24_Everton,ENG-Premier League,2526,2026-01-24 Everton-Leeds,1,2025,29003,2026-01-24,72,245,Everton,Leeds,LED,EVE,,,,,False,False,https://understat.com/match/29003,Everton,,23.0,SCHEDULED
2026-01-24_Fulham,ENG-Premier League,2526,2026-01-24 Fulham-Brighton,1,2025,29004,2026-01-24,228,220,Fulham,Brighton,BRI,FLH,,,,,False,False,https://understat.com/match/29004,Fulham,,23.0,SCHEDULED
2026-01-24_Manchester,ENG-Premier League,2526,2026-01-24 Manchester City-Wolverhampton Wanderers,1,2025,29005,2026-01-24,88,229,Manchester City,Wolverhampton Wanderers,WOL,MCI,,,,,False,False,https://understat.com/match/29005,Manchester,,23.0,SCHEDULED
2026-01-24_Newcastle,ENG-Premier League,2526,2026-01-24 Newcastle United-Aston Villa,1,2025,29006,2026-01-24,86,71,Newcastle United,Aston Villa,AVL,NEW,,,,,False,False,https://understat.com/match/29006,Newcastle,,23.0,SCHEDULED
2026-01-24_West,ENG-Premier League,2526,2026-01-24 West Ham-Sunderland,1,2025,29007,2026-01-24,81,77,West Ham,Sunderland,SUN,WHU,,,,,False,False,https://understat.com/match/29007,West,,23.0,SCHEDULED
2026-01-31_Aston,ENG-Premier League,2526,2026-01-31 Aston Villa-Brentford,1,2025,29008,2026-01-31,71,244,Aston Villa,Brentford,BRE,AVL,,,,,False,False,https://understat.com/match/29008,Aston,,24.0,SCHEDULED
2026-01-31_Brighton,ENG-Premier League,2526,2026-01-31 Brighton-Everton,1,2025,29010,2026-01-31,220,72,Brighton,Everton,EVE,BRI,,,,,False,False,https://understat.com/match/29010,Brighton,,24.0,SCHEDULED
2026-01-31_Chelsea,ENG-Premier League,2526,2026-01-31 Chelsea-West Ham,1,2025,29009,2026-01-31,80,81,Chelsea,West Ham,WHU,CHE,,,,,False,False,https://understat.com/match/29009,Chelsea,,24.0,SCHEDULED
2026-01-31_Leeds,ENG-Premier League,2526,2026-01-31 Leeds-Arsenal,1,2025,29015,2026-01-31,245,83,Leeds,Arsenal,ARS,LED,,,,,False,False,https://understat.com/match/29015,Leeds,,24.0,SCHEDULED
2026-01-31_Liverpool,ENG-Premier League,2526,2026-01-31 Liverpool-Newcastle United,1,2025,29014,2026-01-31,87,86,Liverpool,Newcastle United,NEW,LIV,,,,,False,False,https://understat.com/match/29014,Liverpool,,24.0,SCHEDULED
2026-01-31_Manchester,ENG-Premier League,2526,2026-01-31 Manchester United-Fulham,1,2025,29012,2026-01-31,89,228,Manchester United,Fulham,FLH,MUN,,,,,False,False,https://understat.com/match/29012,Manchester,,24.0,SCHEDULED
2026-01-31_Nottingham,ENG-Premier League,2526,2026-01-31 Nottingham Forest-Crystal Palace,1,2025,29013,2026-01-31,249,78,Nottingham Forest,Crystal Palace,CRY,NOT,,,,,False,False,https://understat.com/match/29013,Nottingham,,24.0,SCHEDULED
2026-01-31_Sunderland,ENG-Premier League,2526,2026-01-31 Sunderland-Burnley,1,2025,29011,2026-01-31,77,92,Sunderland,Burnley,BUR,SUN,,,,,False,False,https://understat.com/match/29011,Sunderland,,24.0,SCHEDULED
2026-01-31_Tottenham,ENG-Premier League,2526,2026-01-31 Tottenham-Manchester City,1,2025,29016,2026-01-31,82,88,Tottenham,Manchester City,MCI,TOT,,,,,False,False,https://understat.com/match/29016,Tottenham,,24.0,SCHEDULED
2026-01-31_Wolverhampton,ENG-Premier League,2526,2026-01-31 Wolverhampton Wanderers-Bournemouth,1,2025,29017,2026-01-31,229,73,Wolverhampton Wanderers,Bournemouth,BOU,WOL,,,,,False,False,https://understat.com/match/29017,Wolverhampton,,24.0,SCHEDULED
2026-02-07_Arsenal,ENG-Premier League,2526,2026-02-07 Arsenal-Sunderland,1,2025,29019,2026-02-07,83,77,Arsenal,Sunderland,SUN,ARS,,,,,False,False,https://understat.com/match/29019,Arsenal,,25.0,SCHEDULED
2026-02-07_Bournemouth,ENG-Premier League,2526,2026-02-07 Bournemouth-Aston Villa,1,2025,29018,2026-02-07,73,71,Bournemouth,Aston Villa,AVL,BOU,,,,,False,False,https://understat.com/match/29018,Bournemouth,,25.0,SCHEDULED
2026-02-07_Brighton,ENG-Premier League,2526,2026-02-07 Brighton-Crystal Palace,1,2025,29020,2026-02-07,220,78,Brighton,Crystal Palace,CRY,BRI,,,,,False,False,https://understat.com/match/29020,Brighton,,25.0,SCHEDULED
2026-02-07_Burnley,ENG-Premier League,2526,2026-02-07 Burnley-West Ham,1,2025,29021,2026-02-07,92,81,Burnley,West Ham,WHU,BUR,,,,,False,False,https://understat.com/match/29021,Burnley,,25.0,SCHEDULED
2026-02-07_Fulham,ENG-Premier League,2526,2026-02-07 Fulham-Everton,1,2025,29022,2026-02-07,228,72,Fulham,Everton,EVE,FLH,,,,,False,False,https://understat.com/match/29022,Fulham,,25.0,SCHEDULED
2026-02-07_Leeds,ENG-Premier League,2526,2026-02-07 Leeds-Nottingham Forest,1,2025,29023,2026-02-07,245,249,Leeds,Nottingham Forest,NOT,LED,,,,,False,False,https://understat.com/match/29023,Leeds,,25.0,SCHEDULED
2026-02-07_Liverpool,ENG-Premier League,2526,2026-02-07 Liverpool-Manchester City,1,2025,29024,2026-02-07,87,88,Liverpool,Manchester City,MCI,LIV,,,,,False,False,https://understat.com/match/29024,Liverpool,,25.0,SCHEDULED
2026-02-07_Manchester,ENG-Premier League,2526,2026-02-07 Manchester United-Tottenham,1,2025,29025,2026-02-07,89,82,Manchester United,Tottenham,TOT,MUN,,,,,False,False,https://understat.com/match/29025,Manchester,,25.0,SCHEDULED
2026-02-07_Newcastle,ENG-Premier League,2526,2026-02-07 Newcastle United-Brentford,1,2025,29026,2026-02-07,86,244,Newcastle United,Brentford,BRE,NEW,,,,,False,False,https://understat.com/match/29026,Newcastle,,25.0,SCHEDULED
2026-02-07_Wolverhampton,ENG-Premier League,2526,2026-02-07 Wolverhampton Wanderers-Chelsea,1,2025,29027,2026-02-07,229,80,Wolverhampton Wanderers,Chelsea,CHE,WOL,,,,,False,False,https://understat.com/match/29027,Wolverhampton,,25.0,SCHEDULED
2026-02-11_Aston,ENG-Premier League,2526,2026-02-11 Aston Villa-Brighton,1,2025,29028,2026-02-11,71,220,Aston Villa,Brighton,BRI,AVL,,,,,False,False,https://understat.com/match/29028,Aston,,26.0,SCHEDULED
2026-02-11_Brentford,ENG-Premier League,2526,2026-02-11 Brentford-Arsenal,1,2025,29029,2026-02-11,244,83,Brentford,Arsenal,ARS,BRE,,,,,False,False,https://understat.com/match/29029,Brentford,,26.0,SCHEDULED
2026-02-11_Chelsea,ENG-Premier League,2526,2026-02-11 Chelsea-Leeds,1,2025,29030,2026-02-11,80,245,Chelsea,Leeds,LED,CHE,,,,,False,False,https://understat.com/match/29030,Chelsea,,26.0,SCHEDULED
2026-02-11_Crystal,ENG-Premier League,2526,2026-02-11 Crystal Palace-Burnley,1,2025,29031,2026-02-11,78,92,Crystal Palace,Burnley,BUR,CRY,,,,,False,False,https://understat.com/match/29031,Crystal,,26.0,SCHEDULED
2026-02-11_Everton,ENG-Premier League,2526,2026-02-11 Everton-Bournemouth,1,2025,29032,2026-02-11,72,73,Everton,Bournemouth,BOU,EVE,,,,,False,False,https://understat.com/match/29032,Everton,,26.0,SCHEDULED
2026-02-11_Manchester,ENG-Premier League,2526,2026-02-11 Manchester City-Fulham,1,2025,29033,2026-02-11,88,228,Manchester City,Fulham,FLH,MCI,,,,,False,False,https://understat.com/match/29033,Manchester,,26.0,SCHEDULED
2026-02-11_Nottingham,ENG-Premier League,2526,2026-02-11 Nottingham Forest-Wolverhampton Wanderers,1,2025,29034,2026-02-11,249,229,Nottingham Forest,Wolverhampton Wanderers,WOL,NOT,,,,,False,False,https://understat.com/match/29034,Nottingham,,26.0,SCHEDULED
2026-02-11_Sunderland,ENG-Premier League,2526,2026-02-11 Sunderland-Liverpool,1,2025,29035,2026-02-11,77,87,Sunderland,Liverpool,LIV,SUN,,,,,False,False,https://understat.com/match/29035,Sunderland,,26.0,SCHEDULED
2026-02-11_Tottenham,ENG-Premier League,2526,2026-02-11 Tottenham-Newcastle United,1,2025,29036,2026-02-11,82,86,Tottenham,Newcastle United,NEW,TOT,,,,,False,False,https://understat.com/match/29036,Tottenham,,26.0,SCHEDULED
2026-02-11_West,ENG-Premier League,2526,2026-02-11 West Ham-Manchester United,1,2025,29037,2026-02-11,81,89,West Ham,Manchester United,MUN,WHU,,,,,False,False,https://understat.com/match/29037,West,,26.0,SCHEDULED
2026-02-21_Aston,ENG-Premier League,2526,2026-02-21 Aston Villa-Leeds,1,2025,29038,2026-02-21,71,245,Aston Villa,Leeds,LED,AVL,,,,,False,False,https://understat.com/match/29038,Aston,,27.0,SCHEDULED
2026-02-21_Brentford,ENG-Premier League,2526,2026-02-21 Brentford-Brighton,1,2025,29039,2026-02-21,244,220,Brentford,Brighton,BRI,BRE,,,,,False,False,https://understat.com/match/29039,Brentford,,27.0,SCHEDULED
2026-02-21_Chelsea,ENG-Premier League,2526,2026-02-21 Chelsea-Burnley,1,2025,29040,2026-02-21,80,92,Chelsea,Burnley,BUR,CHE,,,,,False,False,https://understat.com/match/29040,Chelsea,,27.0,SCHEDULED
2026-02-21_Crystal,ENG-Premier League,2526,2026-02-21 Crystal Palace-Wolverhampton Wanderers,1,2025,29041,2026-02-21,78,229,Crystal Palace,Wolverhampton Wanderers,WOL,CRY,,,,,False,False,https://understat.com/match/29041,Crystal,,27.0,SCHEDULED
2026-02-21_Everton,ENG-Premier League,2526,2026-02-21 Everton-Manchester United,1,2025,29042,2026-02-21,72,89,Everton,Manchester United,MUN,EVE,,,,,False,False,https://understat.com/match/29042,Everton,,27.0,SCHEDULED
2026-02-21_Manchester,ENG-Premier League,2526,2026-02-21 Manchester City-Newcastle United,1,2025,29043,2026-02-21,88,86,Manchester City,Newcastle United,NEW,MCI,,,,,False,False,https://understat.com/match/29043,Manchester,,27.0,SCHEDULED
2026-02-21_Nottingham,ENG-Premier League,2526,2026-02-21 Nottingham Forest-Liverpool,1,2025,29044,2026-02-21,249,87,Nottingham Forest,Liverpool,LIV,NOT,,,,,False,False,https://understat.com/match/29044,Nottingham,,27.0,SCHEDULED
2026-02-21_Sunderland,ENG-Premier League,2526,2026-02-21 Sunderland-Fulham,1,2025,29045,2026-02-21,77,228,Sunderland,Fulham,FLH,SUN,,,,,False,False,https://understat.com/match/29045,Sunderland,,27.0,SCHEDULED
2026-02-21_Tottenham,ENG-Premier League,2526,2026-02-21 Tottenham-Arsenal,1,2025,29046,2026-02-21,82,83,Tottenham,Arsenal,ARS,TOT,,,,,False,False,https://understat.com/match/29046,Tottenham,,27.0,SCHEDULED
2026-02-21_West,ENG-Premier League,2526,2026-02-21 West Ham-Bournemouth,1,2025,29047,2026-02-21,81,73,West Ham,Bournemouth,BOU,WHU,,,,,False,False,https://understat.com/match/29047,West,,27.0,SCHEDULED
2026-02-28_Arsenal,ENG-Premier League,2526,2026-02-28 Arsenal-Chelsea,1,2025,29049,2026-02-28,83,80,Arsenal,Chelsea,CHE,ARS,,,,,False,False,https://understat.com/match/29049,Arsenal,,28.0,SCHEDULED
2026-02-28_Bournemouth,ENG-Premier League,2526,2026-02-28 Bournemouth-Sunderland,1,2025,29048,2026-02-28,73,77,Bournemouth,Sunderland,SUN,BOU,,,,,False,False,https://understat.com/match/29048,Bournemouth,,28.0,SCHEDULED
2026-02-28_Brighton,ENG-Premier League,2526,2026-02-28 Brighton-Nottingham Forest,1,2025,29050,2026-02-28,220,249,Brighton,Nottingham Forest,NOT,BRI,,,,,False,False,https://understat.com/match/29050,Brighton,,28.0,SCHEDULED
2026-02-28_Burnley,ENG-Premier League,2526,2026-02-28 Burnley-Brentford,1,2025,29051,2026-02-28,92,244,Burnley,Brentford,BRE,BUR,,,,,False,False,https://understat.com/match/29051,Burnley,,28.0,SCHEDULED
2026-02-28_Fulham,ENG-Premier League,2526,2026-02-28 Fulham-Tottenham,1,2025,29052,2026-02-28,228,82,Fulham,Tottenham,TOT,FLH,,,,,False,False,https://understat.com/match/29052,Fulham,,28.0,SCHEDULED
2026-02-28_Leeds,ENG-Premier League,2526,2026-02-28 Leeds-Manchester City,1,2025,29053,2026-02-28,245,88,Leeds,Manchester City,MCI,LED,,,,,False,False,https://understat.com/match/29053,Leeds,,28.0,SCHEDULED
2026-02-28_Liverpool,ENG-Premier League,2526,2026-02-28 Liverpool-West Ham,1,2025,29054,2026-02-28,87,81,Liverpool,West Ham,WHU,LIV,,,,,False,False,https://understat.com/match/29054,Liverpool,,28.0,SCHEDULED
2026-02-28_Manchester,ENG-Premier League,2526,2026-02-28 Manchester United-Crystal Palace,1,2025,29055,2026-02-28,89,78,Manchester United,Crystal Palace,CRY,MUN,,,,,False,False,https://understat.com/match/29055,Manchester,,28.0,SCHEDULED
2026-02-28_Newcastle,ENG-Premier League,2526,2026-02-28 Newcastle United-Everton,1,2025,29056,2026-02-28,86,72,Newcastle United,Everton,EVE,NEW,,,,,False,False,https://understat.com/match/29056,Newcastle,,28.0,SCHEDULED
2026-02-28_Wolverhampton,ENG-Premier League,2526,2026-02-28 Wolverhampton Wanderers-Aston Villa,1,2025,29057,2026-02-28,229,71,Wolverhampton Wanderers,Aston Villa,AVL,WOL,,,,,False,False,https://understat.com/match/29057,Wolverhampton,,28.0,SCHEDULED
2026-03-04_Aston,ENG-Premier League,2526,2026-03-04 Aston Villa-Chelsea,1,2025,29059,2026-03-04,71,80,Aston Villa,Chelsea,CHE,AVL,,,,,False,False,https://understat.com/match/29059,Aston,,29.0,SCHEDULED
2026-03-04_Bournemouth,ENG-Premier League,2526,2026-03-04 Bournemouth-Brentford,1,2025,29058,2026-03-04,73,244,Bournemouth,Brentford,BRE,BOU,,,,,False,False,https://understat.com/match/29058,Bournemouth,,29.0,SCHEDULED
2026-03-04_Brighton,ENG-Premier League,2526,2026-03-04 Brighton-Arsenal,1,2025,29060,2026-03-04,220,83,Brighton,Arsenal,ARS,BRI,,,,,False,False,https://understat.com/match/29060,Brighton,,29.0,SCHEDULED
2026-03-04_Everton,ENG-Premier League,2526,2026-03-04 Everton-Burnley,1,2025,29061,2026-03-04,72,92,Everton,Burnley,BUR,EVE,,,,,False,False,https://understat.com/match/29061,Everton,,29.0,SCHEDULED
2026-03-04_Fulham,ENG-Premier League,2526,2026-03-04 Fulham-West Ham,1,2025,29062,2026-03-04,228,81,Fulham,West Ham,WHU,FLH,,,,,False,False,https://understat.com/match/29062,Fulham,,29.0,SCHEDULED
2026-03-04_Leeds,ENG-Premier League,2526,2026-03-04 Leeds-Sunderland,1,2025,29063,2026-03-04,245,77,Leeds,Sunderland,SUN,LED,,,,,False,False,https://understat.com/match/29063,Leeds,,29.0,SCHEDULED
2026-03-04_Manchester,ENG-Premier League,2526,2026-03-04 Manchester City-Nottingham Forest,1,2025,29064,2026-03-04,88,249,Manchester City,Nottingham Forest,NOT,MCI,,,,,False,False,https://understat.com/match/29064,Manchester,,29.0,SCHEDULED
2026-03-04_Newcastle,ENG-Premier League,2526,2026-03-04 Newcastle United-Manchester United,1,2025,29065,2026-03-04,86,89,Newcastle United,Manchester United,MUN,NEW,,,,,False,False,https://understat.com/match/29065,Newcastle,,29.0,SCHEDULED
2026-03-04_Tottenham,ENG-Premier League,2526,2026-03-04 Tottenham-Crystal Palace,1,2025,29066,2026-03-04,82,78,Tottenham,Crystal Palace,CRY,TOT,,,,,False,False,https://understat.com/match/29066,Tottenham,,29.0,SCHEDULED
2026-03-04_Wolverhampton,ENG-Premier League,2526,2026-03-04 Wolverhampton Wanderers-Liverpool,1,2025,29067,2026-03-04,229,87,Wolverhampton Wanderers,Liverpool,LIV,WOL,,,,,False,False,https://understat.com/match/29067,Wolverhampton,,29.0,SCHEDULED
2026-03-14_Arsenal,ENG-Premier League,2526,2026-03-14 Arsenal-Everton,1,2025,29068,2026-03-14,83,72,Arsenal,Everton,EVE,ARS,,,,,False,False,https://understat.com/match/29068,Arsenal,,30.0,SCHEDULED
2026-03-14_Brentford,ENG-Premier League,2526,2026-03-14 Brentford-Wolverhampton Wanderers,1,2025,29069,2026-03-14,244,229,Brentford,Wolverhampton Wanderers,WOL,BRE,,,,,False,False,https://understat.com/match/29069,Brentford,,30.0,SCHEDULED
2026-03-14_Burnley,ENG-Premier League,2526,2026-03-14 Burnley-Bournemouth,1,2025,29070,2026-03-14,92,73,Burnley,Bournemouth,BOU,BUR,,,,,False,False,https://understat.com/match/29070,Burnley,,30.0,SCHEDULED
2026-03-14_Chelsea,ENG-Premier League,2526,2026-03-14 Chelsea-Newcastle United,1,2025,29071,2026-03-14,80,86,Chelsea,Newcastle United,NEW,CHE,,,,,False,False,https://understat.com/match/29071,Chelsea,,30.0,SCHEDULED
2026-03-14_Crystal,ENG-Premier League,2526,2026-03-14 Crystal Palace-Leeds,1,2025,29072,2026-03-14,78,245,Crystal Palace,Leeds,LED,CRY,,,,,False,False,https://understat.com/match/29072,Crystal,,30.0,SCHEDULED
2026-03-14_Liverpool,ENG-Premier League,2526,2026-03-14 Liverpool-Tottenham,1,2025,29073,2026-03-14,87,82,Liverpool,Tottenham,TOT,LIV,,,,,False,False,https://understat.com/match/29073,Liverpool,,30.0,SCHEDULED
2026-03-14_Manchester,ENG-Premier League,2526,2026-03-14 Manchester United-Aston Villa,1,2025,29074,2026-03-14,89,71,Manchester United,Aston Villa,AVL,MUN,,,,,False,False,https://understat.com/match/29074,Manchester,,30.0,SCHEDULED
2026-03-14_Nottingham,ENG-Premier League,2526,2026-03-14 Nottingham Forest-Fulham,1,2025,29075,2026-03-14,249,228,Nottingham Forest,Fulham,FLH,NOT,,,,,False,False,https://understat.com/match/29075,Nottingham,,30.0,SCHEDULED
2026-03-14_Sunderland,ENG-Premier League,2526,2026-03-14 Sunderland-Brighton,1,2025,29076,2026-03-14,77,220,Sunderland,Brighton,BRI,SUN,,,,,False,False,https://understat.com/match/29076,Sunderland,,30.0,SCHEDULED
2026-03-14_West,ENG-Premier League,2526,2026-03-14 West Ham-Manchester City,1,2025,29077,2026-03-14,81,88,West Ham,Manchester City,MCI,WHU,,,,,False,False,https://understat.com/match/29077,West,,30.0,SCHEDULED
2026-03-21_Aston,ENG-Premier League,2526,2026-03-21 Aston Villa-West Ham,1,2025,29079,2026-03-21,71,81,Aston Villa,West Ham,WHU,AVL,,,,,False,False,https://understat.com/match/29079,Aston,,31.0,SCHEDULED
2026-03-21_Bournemouth,ENG-Premier League,2526,2026-03-21 Bournemouth-Manchester United,1,2025,29078,2026-03-21,73,89,Bournemouth,Manchester United,MUN,BOU,,,,,False,False,https://understat.com/match/29078,Bournemouth,,31.0,SCHEDULED
2026-03-21_Brighton,ENG-Premier League,2526,2026-03-21 Brighton-Liverpool,1,2025,29080,2026-03-21,220,87,Brighton,Liverpool,LIV,BRI,,,,,False,False,https://understat.com/match/29080,Brighton,,31.0,SCHEDULED
2026-03-21_Everton,ENG-Premier League,2526,2026-03-21 Everton-Chelsea,1,2025,29081,2026-03-21,72,80,Everton,Chelsea,CHE,EVE,,,,,False,False,https://understat.com/match/29081,Everton,,31.0,SCHEDULED
2026-03-21_Fulham,ENG-Premier League,2526,2026-03-21 Fulham-Burnley,1,2025,29082,2026-03-21,228,92,Fulham,Burnley,BUR,FLH,,,,,False,False,https://understat.com/match/29082,Fulham,,31.0,SCHEDULED
2026-03-21_Leeds,ENG-Premier League,2526,2026-03-21 Leeds-Brentford,1,2025,29083,2026-03-21,245,244,Leeds,Brentford,BRE,LED,,,,,False,False,https://understat.com/match/29083,Leeds,,31.0,SCHEDULED
2026-03-21_Manchester,ENG-Premier League,2526,2026-03-21 Manchester City-Crystal Palace,1,2025,29084,2026-03-21,88,78,Manchester City,Crystal Palace,CRY,MCI,,,,,False,False,https://understat.com/match/29084,Manchester,,31.0,SCHEDULED
2026-03-21_Newcastle,ENG-Premier League,2526,2026-03-21 Newcastle United-Sunderland,1,2025,29085,2026-03-21,86,77,Newcastle United,Sunderland,SUN,NEW,,,,,False,False,https://understat.com/match/29085,Newcastle,,31.0,SCHEDULED
2026-03-21_Tottenham,ENG-Premier League,2526,2026-03-21 Tottenham-Nottingham Forest,1,2025,29086,2026-03-21,82,249,Tottenham,Nottingham Forest,NOT,TOT,,,,,False,False,https://understat.com/match/29086,Tottenham,,31.0,SCHEDULED
2026-03-21_Wolverhampton,ENG-Premier League,2526,2026-03-21 Wolverhampton Wanderers-Arsenal,1,2025,29087,2026-03-21,229,83,Wolverhampton Wanderers,Arsenal,ARS,WOL,,,,,False,False,https://understat.com/match/29087,Wolverhampton,,31.0,SCHEDULED
2026-04-11_Arsenal,ENG-Premier League,2526,2026-04-11 Arsenal-Bournemouth,1,2025,29092,2026-04-11,83,73,Arsenal,Bournemouth,BOU,ARS,,,,,False,False,https://understat.com/match/29092,Arsenal,,32.0,SCHEDULED
2026-04-11_Brentford,ENG-Premier League,2526,2026-04-11 Brentford-Everton,1,2025,29093,2026-04-11,244,72,Brentford,Everton,EVE,BRE,,,,,False,False,https://understat.com/match/29093,Brentford,,32.0,SCHEDULED
2026-04-11_Burnley,ENG-Premier League,2526,2026-04-11 Burnley-Brighton,1,2025,29094,2026-04-11,92,220,Burnley,Brighton,BRI,BUR,,,,,False,False,https://understat.com/match/29094,Burnley,,32.0,SCHEDULED
2026-04-11_Chelsea,ENG-Premier League,2526,2026-04-11 Chelsea-Manchester City,1,2025,29095,2026-04-11,80,88,Chelsea,Manchester City,MCI,CHE,,,,,False,False,https://understat.com/match/29095,Chelsea,,32.0,SCHEDULED
2026-04-11_Crystal,ENG-Premier League,2526,2026-04-11 Crystal Palace-Newcastle United,1,2025,29096,2026-04-11,78,86,Crystal Palace,Newcastle United,NEW,CRY,,,,,False,False,https://understat.com/match/29096,Crystal,,32.0,SCHEDULED
2026-04-11_Liverpool,ENG-Premier League,2526,2026-04-11 Liverpool-Fulham,1,2025,29097,2026-04-11,87,228,Liverpool,Fulham,FLH,LIV,,,,,False,False,https://understat.com/match/29097,Liverpool,,32.0,SCHEDULED
2026-04-11_Manchester,ENG-Premier League,2526,2026-04-11 Manchester United-Leeds,1,2025,29088,2026-04-11,89,245,Manchester United,Leeds,LED,MUN,,,,,False,False,https://understat.com/match/29088,Manchester,,32.0,SCHEDULED
2026-04-11_Nottingham,ENG-Premier League,2526,2026-04-11 Nottingham Forest-Aston Villa,1,2025,29089,2026-04-11,249,71,Nottingham Forest,Aston Villa,AVL,NOT,,,,,False,False,https://understat.com/match/29089,Nottingham,,32.0,SCHEDULED
2026-04-11_Sunderland,ENG-Premier League,2526,2026-04-11 Sunderland-Tottenham,1,2025,29090,2026-04-11,77,82,Sunderland,Tottenham,TOT,SUN,,,,,False,False,https://understat.com/match/29090,Sunderland,,32.0,SCHEDULED
2026-04-11_West,ENG-Premier League,2526,2026-04-11 West Ham-Wolverhampton Wanderers,1,2025,29091,2026-04-11,81,229,West Ham,Wolverhampton Wanderers,WOL,WHU,,,,,False,False,https://understat.com/match/29091,West,,32.0,SCHEDULED
2026-04-18_Aston,ENG-Premier League,2526,2026-04-18 Aston Villa-Sunderland,1,2025,29098,2026-04-18,71,77,Aston Villa,Sunderland,SUN,AVL,,,,,False,False,https://understat.com/match/29098,Aston,,33.0,SCHEDULED
2026-04-18_Brentford,ENG-Premier League,2526,2026-04-18 Brentford-Fulham,1,2025,29099,2026-04-18,244,228,Brentford,Fulham,FLH,BRE,,,,,False,False,https://understat.com/match/29099,Brentford,,33.0,SCHEDULED
2026-04-18_Chelsea,ENG-Premier League,2526,2026-04-18 Chelsea-Manchester United,1,2025,29100,2026-04-18,80,89,Chelsea,Manchester United,MUN,CHE,,,,,False,False,https://understat.com/match/29100,Chelsea,,33.0,SCHEDULED
2026-04-18_Crystal,ENG-Premier League,2526,2026-04-18 Crystal Palace-West Ham,1,2025,29101,2026-04-18,78,81,Crystal Palace,West Ham,WHU,CRY,,,,,False,False,https://understat.com/match/29101,Crystal,,33.0,SCHEDULED
2026-04-18_Everton,ENG-Premier League,2526,2026-04-18 Everton-Liverpool,1,2025,29102,2026-04-18,72,87,Everton,Liverpool,LIV,EVE,,,,,False,False,https://understat.com/match/29102,Everton,,33.0,SCHEDULED
2026-04-18_Leeds,ENG-Premier League,2526,2026-04-18 Leeds-Wolverhampton Wanderers,1,2025,29103,2026-04-18,245,229,Leeds,Wolverhampton Wanderers,WOL,LED,,,,,False,False,https://understat.com/match/29103,Leeds,,33.0,SCHEDULED
2026-04-18_Manchester,ENG-Premier League,2526,2026-04-18 Manchester City-Arsenal,1,2025,29104,2026-04-18,88,83,Manchester City,Arsenal,ARS,MCI,,,,,False,False,https://understat.com/match/29104,Manchester,,33.0,SCHEDULED
2026-04-18_Newcastle,ENG-Premier League,2526,2026-04-18 Newcastle United-Bournemouth,1,2025,29105,2026-04-18,86,73,Newcastle United,Bournemouth,BOU,NEW,,,,,False,False,https://understat.com/match/29105,Newcastle,,33.0,SCHEDULED
2026-04-18_Nottingham,ENG-Premier League,2526,2026-04-18 Nottingham Forest-Burnley,1,2025,29106,2026-04-18,249,92,Nottingham Forest,Burnley,BUR,NOT,,,,,False,False,https://understat.com/match/29106,Nottingham,,33.0,SCHEDULED
2026-04-18_Tottenham,ENG-Premier League,2526,2026-04-18 Tottenham-Brighton,1,2025,29107,2026-04-18,82,220,Tottenham,Brighton,BRI,TOT,,,,,False,False,https://understat.com/match/29107,Tottenham,,33.0,SCHEDULED
2026-04-25_Arsenal,ENG-Premier League,2526,2026-04-25 Arsenal-Newcastle United,1,2025,29109,2026-04-25,83,86,Arsenal,Newcastle United,NEW,ARS,,,,,False,False,https://understat.com/match/29109,Arsenal,,34.0,SCHEDULED
2026-04-25_Bournemouth,ENG-Premier League,2526,2026-04-25 Bournemouth-Leeds,1,2025,29108,2026-04-25,73,245,Bournemouth,Leeds,LED,BOU,,,,,False,False,https://understat.com/match/29108,Bournemouth,,34.0,SCHEDULED
2026-04-25_Brighton,ENG-Premier League,2526,2026-04-25 Brighton-Chelsea,1,2025,29110,2026-04-25,220,80,Brighton,Chelsea,CHE,BRI,,,,,False,False,https://understat.com/match/29110,Brighton,,34.0,SCHEDULED
2026-04-25_Burnley,ENG-Premier League,2526,2026-04-25 Burnley-Manchester City,1,2025,29111,2026-04-25,92,88,Burnley,Manchester City,MCI,BUR,,,,,False,False,https://understat.com/match/29111,Burnley,,34.0,SCHEDULED
2026-04-25_Fulham,ENG-Premier League,2526,2026-04-25 Fulham-Aston Villa,1,2025,29112,2026-04-25,228,71,Fulham,Aston Villa,AVL,FLH,,,,,False,False,https://understat.com/match/29112,Fulham,,34.0,SCHEDULED
2026-04-25_Liverpool,ENG-Premier League,2526,2026-04-25 Liverpool-Crystal Palace,1,2025,29113,2026-04-25,87,78,Liverpool,Crystal Palace,CRY,LIV,,,,,False,False,https://understat.com/match/29113,Liverpool,,34.0,SCHEDULED
2026-04-25_Manchester,ENG-Premier League,2526,2026-04-25 Manchester United-Brentford,1,2025,29114,2026-04-25,89,244,Manchester United,Brentford,BRE,MUN,,,,,False,False,https://understat.com/match/29114,Manchester,,34.0,SCHEDULED
2026-04-25_Sunderland,ENG-Premier League,2526,2026-04-25 Sunderland-Nottingham Forest,1,2025,29115,2026-04-25,77,249,Sunderland,Nottingham Forest,NOT,SUN,,,,,False,False,https://understat.com/match/29115,Sunderland,,34.0,SCHEDULED
2026-04-25_West,ENG-Premier League,2526,2026-04-25 West Ham-Everton,1,2025,29116,2026-04-25,81,72,West Ham,Everton,EVE,WHU,,,,,False,False,https://understat.com/match/29116,West,,34.0,SCHEDULED
2026-04-25_Wolverhampton,ENG-Premier League,2526,2026-04-25 Wolverhampton Wanderers-Tottenham,1,2025,29117,2026-04-25,229,82,Wolverhampton Wanderers,Tottenham,TOT,WOL,,,,,False,False,https://understat.com/match/29117,Wolverhampton,,34.0,SCHEDULED
2026-05-02_Arsenal,ENG-Premier League,2526,2026-05-02 Arsenal-Fulham,1,2025,29119,2026-05-02,83,228,Arsenal,Fulham,FLH,ARS,,,,,False,False,https://understat.com/match/29119,Arsenal,,35.0,SCHEDULED
2026-05-02_Aston,ENG-Premier League,2526,2026-05-02 Aston Villa-Tottenham,1,2025,29120,2026-05-02,71,82,Aston Villa,Tottenham,TOT,AVL,,,,,False,False,https://understat.com/match/29120,Aston,,35.0,SCHEDULED
2026-05-02_Bournemouth,ENG-Premier League,2526,2026-05-02 Bournemouth-Crystal Palace,1,2025,29118,2026-05-02,73,78,Bournemouth,Crystal Palace,CRY,BOU,,,,,False,False,https://understat.com/match/29118,Bournemouth,,35.0,SCHEDULED
2026-05-02_Brentford,ENG-Premier League,2526,2026-05-02 Brentford-West Ham,1,2025,29121,2026-05-02,244,81,Brentford,West Ham,WHU,BRE,,,,,False,False,https://understat.com/match/29121,Brentford,,35.0,SCHEDULED
2026-05-02_Chelsea,ENG-Premier League,2526,2026-05-02 Chelsea-Nottingham Forest,1,2025,29122,2026-05-02,80,249,Chelsea,Nottingham Forest,NOT,CHE,,,,,False,False,https://understat.com/match/29122,Chelsea,,35.0,SCHEDULED
2026-05-02_Everton,ENG-Premier League,2526,2026-05-02 Everton-Manchester City,1,2025,29123,2026-05-02,72,88,Everton,Manchester City,MCI,EVE,,,,,False,False,https://understat.com/match/29123,Everton,,35.0,SCHEDULED
2026-05-02_Leeds,ENG-Premier League,2526,2026-05-02 Leeds-Burnley,1,2025,29124,2026-05-02,245,92,Leeds,Burnley,BUR,LED,,,,,False,False,https://understat.com/match/29124,Leeds,,35.0,SCHEDULED
2026-05-02_Manchester,ENG-Premier League,2526,2026-05-02 Manchester United-Liverpool,1,2025,29125,2026-05-02,89,87,Manchester United,Liverpool,LIV,MUN,,,,,False,False,https://understat.com/match/29125,Manchester,,35.0,SCHEDULED
2026-05-02_Newcastle,ENG-Premier League,2526,2026-05-02 Newcastle United-Brighton,1,2025,29126,2026-05-02,86,220,Newcastle United,Brighton,BRI,NEW,,,,,False,False,https://understat.com/match/29126,Newcastle,,35.0,SCHEDULED
2026-05-02_Wolverhampton,ENG-Premier League,2526,2026-05-02 Wolverhampton Wanderers-Sunderland,1,2025,29127,2026-05-02,229,77,Wolverhampton Wanderers,Sunderland,SUN,WOL,,,,,False,False,https://understat.com/match/29127,Wolverhampton,,35.0,SCHEDULED
2026-05-09_Brighton,ENG-Premier League,2526,2026-05-09 Brighton-Wolverhampton Wanderers,1,2025,29128,2026-05-09,220,229,Brighton,Wolverhampton Wanderers,WOL,BRI,,,,,False,False,https://understat.com/match/29128,Brighton,,36.0,SCHEDULED
2026-05-09_Burnley,ENG-Premier League,2526,2026-05-09 Burnley-Aston Villa,1,2025,29129,2026-05-09,92,71,Burnley,Aston Villa,AVL,BUR,,,,,False,False,https://understat.com/match/29129,Burnley,,36.0,SCHEDULED
2026-05-09_Crystal,ENG-Premier League,2526,2026-05-09 Crystal Palace-Everton,1,2025,29130,2026-05-09,78,72,Crystal Palace,Everton,EVE,CRY,,,,,False,False,https://understat.com/match/29130,Crystal,,36.0,SCHEDULED
2026-05-09_Fulham,ENG-Premier League,2526,2026-05-09 Fulham-Bournemouth,1,2025,29131,2026-05-09,228,73,Fulham,Bournemouth,BOU,FLH,,,,,False,False,https://understat.com/match/29131,Fulham,,36.0,SCHEDULED
2026-05-09_Liverpool,ENG-Premier League,2526,2026-05-09 Liverpool-Chelsea,1,2025,29132,2026-05-09,87,80,Liverpool,Chelsea,CHE,LIV,,,,,False,False,https://understat.com/match/29132,Liverpool,,36.0,SCHEDULED
2026-05-09_Manchester,ENG-Premier League,2526,2026-05-09 Manchester City-Brentford,1,2025,29133,2026-05-09,88,244,Manchester City,Brentford,BRE,MCI,,,,,False,False,https://understat.com/match/29133,Manchester,,36.0,SCHEDULED
2026-05-09_Nottingham,ENG-Premier League,2526,2026-05-09 Nottingham Forest-Newcastle United,1,2025,29134,2026-05-09,249,86,Nottingham Forest,Newcastle United,NEW,NOT,,,,,False,False,https://understat.com/match/29134,Nottingham,,36.0,SCHEDULED
2026-05-09_Sunderland,ENG-Premier League,2526,2026-05-09 Sunderland-Manchester United,1,2025,29135,2026-05-09,77,89,Sunderland,Manchester United,MUN,SUN,,,,,False,False,https://understat.com/match/29135,Sunderland,,36.0,SCHEDULED
2026-05-09_Tottenham,ENG-Premier League,2526,2026-05-09 Tottenham-Leeds,1,2025,29136,2026-05-09,82,245,Tottenham,Leeds,LED,TOT,,,,,False,False,https://understat.com/match/29136,Tottenham,,36.0,SCHEDULED
2026-05-09_West,ENG-Premier League,2526,2026-05-09 West Ham-Arsenal,1,2025,29137,2026-05-09,81,83,West Ham,Arsenal,ARS,WHU,,,,,False,False,https://understat.com/match/29137,West,,36.0,SCHEDULED
2026-05-17_Arsenal,ENG-Premier League,2526,2026-05-17 Arsenal-Burnley,1,2025,29139,2026-05-17,83,92,Arsenal,Burnley,BUR,ARS,,,,,False,False,https://understat.com/match/29139,Arsenal,,37.0,SCHEDULED
2026-05-17_Aston,ENG-Premier League,2526,2026-05-17 Aston Villa-Liverpool,1,2025,29140,2026-05-17,71,87,Aston Villa,Liverpool,LIV,AVL,,,,,False,False,https://understat.com/match/29140,Aston,,37.0,SCHEDULED
2026-05-17_Bournemouth,ENG-Premier League,2526,2026-05-17 Bournemouth-Manchester City,1,2025,29138,2026-05-17,73,88,Bournemouth,Manchester City,MCI,BOU,,,,,False,False,https://understat.com/match/29138,Bournemouth,,37.0,SCHEDULED
2026-05-17_Brentford,ENG-Premier League,2526,2026-05-17 Brentford-Crystal Palace,1,2025,29141,2026-05-17,244,78,Brentford,Crystal Palace,CRY,BRE,,,,,False,False,https://understat.com/match/29141,Brentford,,37.0,SCHEDULED
2026-05-17_Chelsea,ENG-Premier League,2526,2026-05-17 Chelsea-Tottenham,1,2025,29142,2026-05-17,80,82,Chelsea,Tottenham,TOT,CHE,,,,,False,False,https://understat.com/match/29142,Chelsea,,37.0,SCHEDULED
2026-05-17_Everton,ENG-Premier League,2526,2026-05-17 Everton-Sunderland,1,2025,29143,2026-05-17,72,77,Everton,Sunderland,SUN,EVE,,,,,False,False,https://understat.com/match/29143,Everton,,37.0,SCHEDULED
2026-05-17_Leeds,ENG-Premier League,2526,2026-05-17 Leeds-Brighton,1,2025,29144,2026-05-17,245,220,Leeds,Brighton,BRI,LED,,,,,False,False,https://understat.com/match/29144,Leeds,,37.0,SCHEDULED
2026-05-17_Manchester,ENG-Premier League,2526,2026-05-17 Manchester United-Nottingham Forest,1,2025,29145,2026-05-17,89,249,Manchester United,Nottingham Forest,NOT,MUN,,,,,False,False,https://understat.com/match/29145,Manchester,,37.0,SCHEDULED
2026-05-17_Newcastle,ENG-Premier League,2526,2026-05-17 Newcastle United-West Ham,1,2025,29146,2026-05-17,86,81,Newcastle United,West Ham,WHU,NEW,,,,,False,False,https://understat.com/match/29146,Newcastle,,37.0,SCHEDULED
2026-05-17_Wolverhampton,ENG-Premier League,2526,2026-05-17 Wolverhampton Wanderers-Fulham,1,2025,29147,2026-05-17,229,228,Wolverhampton Wanderers,Fulham,FLH,WOL,,,,,False,False,https://understat.com/match/29147,Wolverhampton,,37.0,SCHEDULED
2026-05-24_Brighton,ENG-Premier League,2526,2026-05-24 Brighton-Manchester United,1,2025,29148,2026-05-24,220,89,Brighton,Manchester United,MUN,BRI,,,,,False,False,https://understat.com/match/29148,Brighton,,38.0,SCHEDULED
2026-05-24_Burnley,ENG-Premier League,2526,2026-05-24 Burnley-Wolverhampton Wanderers,1,2025,29149,2026-05-24,92,229,Burnley,Wolverhampton Wanderers,WOL,BUR,,,,,False,False,https://understat.com/match/29149,Burnley,,38.0,SCHEDULED
2026-05-24_Crystal,ENG-Premier League,2526,2026-05-24 Crystal Palace-Arsenal,1,2025,29150,2026-05-24,78,83,Crystal Palace,Arsenal,ARS,CRY,,,,,False,False,https://understat.com/match/29150,Crystal,,38.0,SCHEDULED
2026-05-24_Fulham,ENG-Premier League,2526,2026-05-24 Fulham-Newcastle United,1,2025,29151,2026-05-24,228,86,Fulham,Newcastle United,NEW,FLH,,,,,False,False,https://understat.com/match/29151,Fulham,,38.0,SCHEDULED
2026-05-24_Liverpool,ENG-Premier League,2526,2026-05-24 Liverpool-Brentford,1,2025,29152,2026-05-24,87,244,Liverpool,Brentford,BRE,LIV,,,,,False,False,https://understat.com/match/29152,Liverpool,,38.0,SCHEDULED
2026-05-24_Manchester,ENG-Premier League,2526,2026-05-24 Manchester City-Aston Villa,1,2025,29153,2026-05-24,88,71,Manchester City,Aston Villa,AVL,MCI,,,,,False,False,https://understat.com/match/29153,Manchester,,38.0,SCHEDULED
2026-05-24_Nottingham,ENG-Premier League,2526,2026-05-24 Nottingham Forest-Bournemouth,1,2025,29154,2026-05-24,249,73,Nottingham Forest,Bournemouth,BOU,NOT,,,,,False,False,https://understat.com/match/29154,Nottingham,,38.0,SCHEDULED
2026-05-24_Sunderland,ENG-Premier League,2526,2026-05-24 Sunderland-Chelsea,1,2025,29155,2026-05-24,77,80,Sunderland,Chelsea,CHE,SUN,,,,,False,False,https://understat.com/match/29155,Sunderland,,38.0,SCHEDULED
2026-05-24_Tottenham,ENG-Premier League,2526,2026-05-24 Tottenham-Everton,1,2025,29156,2026-05-24,82,72,Tottenham,Everton,EVE,TOT,,,,,False,False,https://understat.com/match/29156,Tottenham,,38.0,SCHEDULED
2026-05-24_West,ENG-Premier League,2526,2026-05-24 West Ham-Leeds,1,2025,29157,2026-05-24,81,245,West Ham,Leeds,LED,WHU,,,,,False,False,https://understat.com/match/29157,West,,38.0,SCHEDULED
