,league,season,game,league_id,season_id,game_id,date,home_team_id,away_team_id,home_team,away_team,away_team_code,home_team_code,away_points,away_expected_points,away_goals,away_xg,away_np_xg,away_np_xg_difference,away_ppda,away_deep_completions,home_points,home_expected_points,home_goals,home_xg,home_np_xg,home_np_xg_difference,home_ppda,home_deep_completions
0,ENG-Premier League,2425,2024-08-16 Manchester United-Fulham,1,2024,26602,2024-08-16 19:00:00,89,228,Manchester United,Fulham,FLH,MUN,0,0.2815,0,0.418711,0.418711,-1.6239689999999998,10.833333333333334,3,3,2.5696,1,2.04268,2.04268,1.6239689999999998,7.379310344827586,7
1,ENG-Premier League,2425,2024-08-17 Arsenal-Wolverhampton Wanderers,1,2024,26604,2024-08-17 14:00:00,83,229,Arsenal,Wolverhampton Wanderers,WOL,ARS,0,0.5796,0,0.575835,0.575835,-1.0524650000000002,10.818181818181818,2,3,2.1894,2,1.6283,1.6283,1.0524650000000002,7.769230769230769,14
2,ENG-Premier League,2425,2024-08-17 Everton-Brighton,1,2024,26605,2024-08-17 14:00:00,72,220,Everton,Brighton,BRI,EVE,3,2.5286999999999997,3,1.79083,1.79083,1.385505,7.916666666666667,5,0,0.30779999999999996,0,0.405325,0.405325,-1.385505,18.333333333333332,4
3,ENG-Premier League,2425,2024-08-17 Ipswich-Liverpool,1,2024,26603,2024-08-17 11:30:00,285,87,Ipswich,Liverpool,LIV,IPS,3,2.9562,2,3.92906,3.92906,3.586459,8.73913043478261,13,0,0.025799999999999997,0,0.342601,0.342601,-3.586459,18.77777777777778,2
4,ENG-Premier League,2425,2024-08-17 Newcastle United-Southampton,1,2024,26606,2024-08-17 14:00:00,86,74,Newcastle United,Southampton,SOU,NEW,0,2.5586,0,1.95483,1.95483,1.521341,3.789473684210526,13,3,0.2774,1,0.433489,0.433489,-1.521341,16.25,4
5,ENG-Premier League,2425,2024-08-17 Nottingham Forest-Bournemouth,1,2024,26607,2024-08-17 14:00:00,249,73,Nottingham Forest,Bournemouth,BOU,NOT,1,1.8944000000000003,1,1.90915,1.90915,0.6650999999999998,9.954545454545455,4,1,0.8518999999999999,1,1.24405,1.24405,-0.6650999999999998,8.653846153846153,10
6,ENG-Premier League,2425,2024-08-17 West Ham-Aston Villa,1,2024,26608,2024-08-17 16:30:00,81,71,West Ham,Aston Villa,AVL,WHU,3,1.2989000000000002,2,2.6703,2.6703,0.62677,11.304347826086957,8,0,1.4689999999999999,1,2.8047,2.04353,-0.62677,9.333333333333334,5
7,ENG-Premier League,2425,2024-08-18 Brentford-Crystal Palace,1,2024,26609,2024-08-18 13:00:00,244,78,Brentford,Crystal Palace,CRY,BRE,0,1.0974,1,1.14757,1.14757,-0.2330700000000001,7.724137931034483,4,3,1.5885,2,1.38064,1.38064,0.2330700000000001,12.666666666666666,1
8,ENG-Premier League,2425,2024-08-18 Chelsea-Manchester City,1,2024,26610,2024-08-18 15:30:00,80,88,Chelsea,Manchester City,MCI,CHE,3,1.4402,2,1.18038,1.18038,0.11915000000000009,15.058823529411764,10,0,1.2353,0,1.06123,1.06123,-0.11915000000000009,10.064516129032258,8
9,ENG-Premier League,2425,2024-08-19 Leicester-Tottenham,1,2024,26611,2024-08-19 19:00:00,75,82,Leicester,Tottenham,TOT,LEI,1,1.6474999999999997,1,1.40775,1.40775,0.38161,5.482758620689655,21,1,1.0574,1,1.02614,1.02614,-0.38161,20.6875,2
10,ENG-Premier League,2425,2024-08-24 Aston Villa-Arsenal,1,2024,26618,2024-08-24 16:30:00,71,83,Aston Villa,Arsenal,ARS,AVL,3,1.4615,2,1.41399,1.41399,0.09735000000000005,5.833333333333333,10,0,1.2362000000000002,0,1.31664,1.31664,-0.09735000000000005,17.27777777777778,3
11,ENG-Premier League,2425,2024-08-24 Brighton-Manchester United,1,2024,26612,2024-08-24 11:30:00,220,89,Brighton,Manchester United,MUN,BRI,0,0.7186,1,1.28556,1.28556,-0.8559699999999999,16.77777777777778,8,3,2.0422,2,2.14153,2.14153,0.8559699999999999,12.5,10
12,ENG-Premier League,2425,2024-08-24 Crystal Palace-West Ham,1,2024,26613,2024-08-24 14:00:00,78,81,Crystal Palace,West Ham,WHU,CRY,3,1.4699,2,1.53421,1.53421,0.15810999999999997,13.727272727272727,5,0,1.2623,0,1.3761,1.3761,-0.15810999999999997,6.911764705882353,6
13,ENG-Premier League,2425,2024-08-24 Fulham-Leicester,1,2024,26614,2024-08-24 14:00:00,228,75,Fulham,Leicester,LEI,FLH,0,0.5912000000000001,1,0.857005,0.857005,-1.105175,13.7,1,3,2.1938,2,1.96218,1.96218,1.105175,10.258064516129032,7
14,ENG-Premier League,2425,2024-08-24 Manchester City-Ipswich,1,2024,26615,2024-08-24 14:00:00,88,285,Manchester City,Ipswich,IPS,MCI,0,0.06889999999999999,1,0.479999,0.479999,-1.8370109999999997,17.41176470588235,1,3,2.8808,4,3.07818,2.31701,1.8370109999999997,8.15,15
15,ENG-Premier League,2425,2024-08-24 Southampton-Nottingham Forest,1,2024,26616,2024-08-24 14:00:00,74,249,Southampton,Nottingham Forest,NOT,SOU,3,2.8807,1,2.86475,2.86475,2.649798,18.47826086956522,9,0,0.0697,0,0.214952,0.214952,-2.649798,8.142857142857142,4
16,ENG-Premier League,2425,2024-08-24 Tottenham-Everton,1,2024,26617,2024-08-24 14:00:00,82,72,Tottenham,Everton,EVE,TOT,0,0.2558,0,0.648869,0.648869,-1.962561,12.724137931034482,5,3,2.6318,4,2.61143,2.61143,1.962561,6.3,9
17,ENG-Premier League,2425,2024-08-25 Bournemouth-Newcastle United,1,2024,26620,2024-08-25 13:00:00,73,86,Bournemouth,Newcastle United,NEW,BOU,1,0.9144000000000001,1,1.89287,1.89287,-0.64226,9.071428571428571,9,1,1.8521999999999998,1,2.53513,2.53513,0.64226,9.2,8
18,ENG-Premier League,2425,2024-08-25 Liverpool-Brentford,1,2024,26621,2024-08-25 15:30:00,87,244,Liverpool,Brentford,BRE,LIV,0,0.1535,0,0.457239,0.457239,-2.261531,32.4,2,3,2.7572,2,2.71877,2.71877,2.261531,10.130434782608695,21
19,ENG-Premier League,2425,2024-08-25 Wolverhampton Wanderers-Chelsea,1,2024,26619,2024-08-25 13:00:00,229,80,Wolverhampton Wanderers,Chelsea,CHE,WOL,3,1.088,6,2.02935,2.02935,-0.38874999999999993,7.04,6,0,1.6892,2,2.4181,2.4181,0.38874999999999993,14.428571428571429,8
20,ENG-Premier League,2425,2024-08-31 Arsenal-Brighton,1,2024,26622,2024-08-31 11:30:00,83,220,Arsenal,Brighton,BRI,ARS,1,0.9694,1,1.81748,1.81748,-0.6005,9.625,6,1,1.8070000000000002,1,2.41798,2.41798,0.6005,9.25,6
21,ENG-Premier League,2425,2024-08-31 Brentford-Southampton,1,2024,26623,2024-08-31 14:00:00,244,74,Brentford,Southampton,SOU,BRE,0,0.2902,1,1.64713,1.64713,-2.21568,8.217391304347826,14,3,2.6071,3,3.86281,3.86281,2.21568,14.571428571428571,15
22,ENG-Premier League,2425,2024-08-31 Everton-Bournemouth,1,2024,26624,2024-08-31 14:00:00,72,73,Everton,Bournemouth,BOU,EVE,3,1.6599,3,2.95688,2.95688,0.4005899999999998,7.095238095238095,7,0,1.1241,2,2.55629,2.55629,-0.4005899999999998,8.304347826086957,15
23,ENG-Premier League,2425,2024-08-31 Ipswich-Fulham,1,2024,26625,2024-08-31 14:00:00,285,228,Ipswich,Fulham,FLH,IPS,1,1.7666,1,1.18883,1.18883,0.48178200000000004,10.904761904761905,4,1,0.9218,1,0.707048,0.707048,-0.48178200000000004,9.25925925925926,2
24,ENG-Premier League,2425,2024-08-31 Leicester-Aston Villa,1,2024,26626,2024-08-31 14:00:00,75,71,Leicester,Aston Villa,AVL,LEI,3,2.448,2,2.16385,2.16385,1.389109,10.466666666666667,6,0,0.3729,1,0.774741,0.774741,-1.389109,6.4,3
25,ENG-Premier League,2425,2024-08-31 Nottingham Forest-Wolverhampton Wanderers,1,2024,26627,2024-08-31 14:00:00,249,229,Nottingham Forest,Wolverhampton Wanderers,WOL,NOT,1,0.9358,1,0.937632,0.937632,-0.473058,6.413793103448276,4,1,1.7413,1,1.41069,1.41069,0.473058,6.551724137931035,9
26,ENG-Premier League,2425,2024-08-31 West Ham-Manchester City,1,2024,26628,2024-08-31 16:30:00,81,88,West Ham,Manchester City,MCI,WHU,3,2.6401,3,3.19297,3.19297,2.245769,12.125,21,0,0.2524,1,0.947201,0.947201,-2.245769,20.764705882352942,5
27,ENG-Premier League,2425,2024-09-01 Chelsea-Crystal Palace,1,2024,26630,2024-09-01 12:30:00,80,78,Chelsea,Crystal Palace,CRY,CHE,1,0.0791,1,0.459708,0.459708,-2.517722,19.789473684210527,6,1,2.8748,1,2.97743,2.97743,2.517722,11.444444444444445,4
28,ENG-Premier League,2425,2024-09-01 Manchester United-Liverpool,1,2024,26631,2024-09-01 15:00:00,89,87,Manchester United,Liverpool,LIV,MUN,3,1.7849,3,2.10397,2.10397,0.6031,11.692307692307692,9,0,0.9689,0,1.50087,1.50087,-0.6031,12.5,6
29,ENG-Premier League,2425,2024-09-01 Newcastle United-Tottenham,1,2024,26629,2024-09-01 12:30:00,86,82,Newcastle United,Tottenham,TOT,NEW,0,1.3729,1,1.63304,1.63304,0.04610000000000003,4.310344827586207,9,3,1.3414,2,1.58694,1.58694,-0.04610000000000003,8.761904761904763,5
30,ENG-Premier League,2425,2024-09-14 Aston Villa-Everton,1,2024,26638,2024-09-14 16:30:00,71,72,Aston Villa,Everton,EVE,AVL,0,0.1567,2,0.852158,0.852158,-2.306602,16.333333333333332,3,3,2.7595,3,3.15876,3.15876,2.306602,5.260869565217392,9
31,ENG-Premier League,2425,2024-09-14 Bournemouth-Chelsea,1,2024,26639,2024-09-14 19:00:00,73,80,Bournemouth,Chelsea,CHE,BOU,3,0.8302,1,0.932726,0.932726,0.156586,9.5,9,0,1.8796000000000002,0,1.53731,0.77614,-0.156586,11.266666666666667,5
32,ENG-Premier League,2425,2024-09-14 Brighton-Ipswich,1,2024,26633,2024-09-14 14:00:00,220,285,Brighton,Ipswich,IPS,BRI,1,0.519,0,0.721323,0.721323,-1.035637,14.727272727272727,1,1,2.2361999999999997,0,1.75696,1.75696,1.035637,3.8421052631578947,12
33,ENG-Premier League,2425,2024-09-14 Crystal Palace-Leicester,1,2024,26636,2024-09-14 14:00:00,78,75,Crystal Palace,Leicester,LEI,CRY,1,0.5925,2,1.65187,1.65187,-0.4741199999999999,14.318181818181818,7,1,2.2205999999999997,2,2.88716,2.12599,0.4741199999999999,4.911764705882353,15
34,ENG-Premier League,2425,2024-09-14 Fulham-West Ham,1,2024,26634,2024-09-14 14:00:00,228,81,Fulham,West Ham,WHU,FLH,1,0.2015,1,0.682719,0.682719,-2.203291,6.870967741935484,4,1,2.7014,1,2.88601,2.88601,2.203291,4.685714285714286,6
35,ENG-Premier League,2425,2024-09-14 Liverpool-Nottingham Forest,1,2024,26635,2024-09-14 14:00:00,87,249,Liverpool,Nottingham Forest,NOT,LIV,3,0.7849,1,0.589532,0.589532,-0.580908,17.055555555555557,4,0,1.8907,0,1.17044,1.17044,0.580908,3.7333333333333334,6
36,ENG-Premier League,2425,2024-09-14 Manchester City-Brentford,1,2024,26637,2024-09-14 14:00:00,88,244,Manchester City,Brentford,BRE,MCI,0,0.9993000000000001,1,1.05094,1.05094,-0.5018499999999999,24.25,6,3,1.716,2,1.55279,1.55279,0.5018499999999999,16.36842105263158,22
37,ENG-Premier League,2425,2024-09-14 Southampton-Manchester United,1,2024,26632,2024-09-14 11:30:00,74,89,Southampton,Manchester United,MUN,SOU,3,2.5031999999999996,3,3.02693,3.02693,2.4816130000000003,10.344827586206897,17,0,0.34349999999999997,0,1.35593,0.545317,-2.4816130000000003,10.857142857142858,3
38,ENG-Premier League,2425,2024-09-15 Tottenham-Arsenal,1,2024,26640,2024-09-15 13:00:00,82,83,Tottenham,Arsenal,ARS,TOT,3,1.6665999999999999,1,1.1209,1.1209,0.32830499999999996,13.588235294117647,3,0,1.0177,0,0.792595,0.792595,-0.32830499999999996,5.88,10
39,ENG-Premier League,2425,2024-09-15 Wolverhampton Wanderers-Newcastle United,1,2024,26641,2024-09-15 15:30:00,229,86,Wolverhampton Wanderers,Newcastle United,NEW,WOL,3,1.3887999999999998,2,1.48343,1.48343,0.013740000000000085,12.368421052631579,10,0,1.342,1,1.46969,1.46969,-0.013740000000000085,9.576923076923077,6
40,ENG-Premier League,2425,2024-09-21 Aston Villa-Wolverhampton Wanderers,1,2024,26647,2024-09-21 14:00:00,71,229,Aston Villa,Wolverhampton Wanderers,WOL,AVL,0,0.2385,1,0.520117,0.520117,-1.853393,13.5,4,3,2.6481,3,2.37351,2.37351,1.853393,11.8,9
41,ENG-Premier League,2425,2024-09-21 Crystal Palace-Manchester United,1,2024,26649,2024-09-21 16:30:00,78,89,Crystal Palace,Manchester United,MUN,CRY,1,1.8622,0,2.35056,2.35056,0.6812800000000001,6.111111111111111,12,1,0.9061,0,1.66928,1.66928,-0.6812800000000001,18.333333333333332,5
42,ENG-Premier League,2425,2024-09-21 Fulham-Newcastle United,1,2024,26646,2024-09-21 14:00:00,228,86,Fulham,Newcastle United,NEW,FLH,0,0.293,1,1.09768,1.09768,-2.11373,11.461538461538462,3,3,2.5946000000000002,3,3.21141,3.21141,2.11373,13.037037037037036,7
43,ENG-Premier League,2425,2024-09-21 Leicester-Everton,1,2024,26644,2024-09-21 14:00:00,75,72,Leicester,Everton,EVE,LEI,1,1.6985,1,1.82377,1.82377,0.4858399999999998,19.307692307692307,6,1,1.0394,1,1.33793,1.33793,-0.4858399999999998,8.421052631578947,8
44,ENG-Premier League,2425,2024-09-21 Liverpool-Bournemouth,1,2024,26645,2024-09-21 14:00:00,87,73,Liverpool,Bournemouth,BOU,LIV,0,0.7964000000000001,0,1.46979,1.46979,-0.9675200000000002,16.08695652173913,6,3,1.9972999999999999,3,2.43731,2.43731,0.9675200000000002,11.85,13
45,ENG-Premier League,2425,2024-09-21 Southampton-Ipswich,1,2024,26643,2024-09-21 14:00:00,74,285,Southampton,Ipswich,IPS,SOU,1,0.5590999999999999,1,1.645,1.645,-1.25313,9.235294117647058,5,1,2.2631,1,2.89813,2.89813,1.25313,8.8,7
46,ENG-Premier League,2425,2024-09-21 Tottenham-Brentford,1,2024,26648,2024-09-21 14:00:00,82,244,Tottenham,Brentford,BRE,TOT,0,0.0881,1,0.893565,0.893565,-3.001245,9.105263157894736,5,3,2.8655,3,3.89481,3.89481,3.001245,9.1875,17
47,ENG-Premier League,2425,2024-09-21 West Ham-Chelsea,1,2024,26642,2024-09-21 11:30:00,81,80,West Ham,Chelsea,CHE,WHU,3,2.4666,3,2.39727,2.39727,1.6390029999999998,16.294117647058822,9,0,0.38339999999999996,0,0.758267,0.758267,-1.6390029999999998,9.709677419354838,12
48,ENG-Premier League,2425,2024-09-22 Brighton-Nottingham Forest,1,2024,26650,2024-09-22 13:00:00,220,249,Brighton,Nottingham Forest,NOT,BRI,1,1.2142,2,1.36923,0.608061,-0.960299,22.75,3,1,1.4758,2,1.56836,1.56836,0.960299,5.304347826086956,4
49,ENG-Premier League,2425,2024-09-22 Manchester City-Arsenal,1,2024,26651,2024-09-22 15:30:00,88,83,Manchester City,Arsenal,ARS,MCI,1,0.48360000000000003,2,1.28411,1.28411,-1.4717699999999998,13.071428571428571,1,1,2.3382,2,2.75588,2.75588,1.4717699999999998,8.357142857142858,13
50,ENG-Premier League,2425,2024-09-28 Arsenal-Leicester,1,2024,26655,2024-09-28 14:00:00,83,75,Arsenal,Leicester,LEI,ARS,0,0.0018,2,0.337909,0.337909,-5.715141,29.444444444444443,4,3,2.9973,4,6.05305,6.05305,5.715141,4.633333333333334,21
51,ENG-Premier League,2425,2024-09-28 Brentford-West Ham,1,2024,26656,2024-09-28 14:00:00,244,81,Brentford,West Ham,WHU,BRE,1,1.7666,1,0.878617,0.878617,0.5083949999999999,27.7,12,1,0.8435,1,0.370222,0.370222,-0.5083949999999999,10.055555555555555,7
52,ENG-Premier League,2425,2024-09-28 Chelsea-Brighton,1,2024,26657,2024-09-28 14:00:00,80,220,Chelsea,Brighton,BRI,CHE,0,0.1977,2,1.20712,1.20712,-1.6901,8.137931034482758,7,3,2.7177000000000002,4,3.65839,2.89722,1.6901,25.23076923076923,10
53,ENG-Premier League,2425,2024-09-28 Everton-Crystal Palace,1,2024,26654,2024-09-28 14:00:00,72,78,Everton,Crystal Palace,CRY,EVE,0,1.3546,1,1.12358,1.12358,0.013989999999999947,9.333333333333334,8,3,1.3309,2,1.10959,1.10959,-0.013989999999999947,12.5,6
54,ENG-Premier League,2425,2024-09-28 Newcastle United-Manchester City,1,2024,26652,2024-09-28 11:30:00,86,88,Newcastle United,Manchester City,MCI,NEW,1,1.2507,1,1.26516,1.26516,0.682888,6.3076923076923075,16,1,1.4546999999999999,1,1.34344,0.582272,-0.682888,12.095238095238095,7
55,ENG-Premier League,2425,2024-09-28 Nottingham Forest-Fulham,1,2024,26653,2024-09-28 14:00:00,249,228,Nottingham Forest,Fulham,FLH,NOT,3,2.1275,1,1.43592,0.674751,0.06040000000000001,8.263157894736842,4,0,0.6134,0,0.614351,0.614351,-0.06040000000000001,20.071428571428573,8
56,ENG-Premier League,2425,2024-09-28 Wolverhampton Wanderers-Liverpool,1,2024,26658,2024-09-28 16:30:00,229,87,Wolverhampton Wanderers,Liverpool,LIV,WOL,3,2.4807,2,2.11724,1.35607,0.6071450000000002,14.777777777777779,11,0,0.34709999999999996,1,0.748925,0.748925,-0.6071450000000002,14.0,2
57,ENG-Premier League,2425,2024-09-29 Ipswich-Aston Villa,1,2024,26659,2024-09-29 13:00:00,285,71,Ipswich,Aston Villa,AVL,IPS,1,0.8247,2,1.14494,1.14494,-0.7011399999999999,11.909090909090908,5,1,1.9244999999999997,2,1.84608,1.84608,0.7011399999999999,16.5625,6
58,ENG-Premier League,2425,2024-09-29 Manchester United-Tottenham,1,2024,26660,2024-09-29 15:30:00,89,82,Manchester United,Tottenham,TOT,MUN,3,2.9905,3,5.4072,5.4072,4.8064789999999995,12.176470588235293,15,0,0.0058,0,0.600721,0.600721,-4.8064789999999995,14.62962962962963,6
59,ENG-Premier League,2425,2024-09-30 Bournemouth-Southampton,1,2024,26661,2024-09-30 19:00:00,73,74,Bournemouth,Southampton,SOU,BOU,0,0.7307,1,0.696068,0.696068,-0.746082,11.75,7,3,1.9961000000000002,3,1.44215,1.44215,0.746082,11.59375,7
60,ENG-Premier League,2425,2024-10-05 Arsenal-Southampton,1,2024,26666,2024-10-05 14:00:00,83,74,Arsenal,Southampton,SOU,ARS,0,0.32930000000000004,1,1.27313,1.27313,-1.97852,15.4375,3,3,2.5448,3,3.25165,3.25165,1.97852,8.10344827586207,14
61,ENG-Premier League,2425,2024-10-05 Brentford-Wolverhampton Wanderers,1,2024,26667,2024-10-05 14:00:00,244,229,Brentford,Wolverhampton Wanderers,WOL,BRE,0,0.0549,3,0.696254,0.696254,-2.6777059999999997,8.95,10,3,2.9151,5,4.13513,3.37396,2.6777059999999997,11.833333333333334,9
62,ENG-Premier League,2425,2024-10-05 Crystal Palace-Liverpool,1,2024,26662,2024-10-05 11:30:00,78,87,Crystal Palace,Liverpool,LIV,CRY,3,2.4548,1,2.07332,2.07332,1.4638389999999997,5.555555555555555,11,0,0.38,0,0.609481,0.609481,-1.4638389999999997,23.9375,3
63,ENG-Premier League,2425,2024-10-05 Everton-Newcastle United,1,2024,26669,2024-10-05 16:30:00,72,86,Everton,Newcastle United,NEW,EVE,1,2.2629,0,1.79048,1.02931,0.33709599999999995,5.857142857142857,11,1,0.4902,0,0.692214,0.692214,-0.33709599999999995,15.76923076923077,3
64,ENG-Premier League,2425,2024-10-05 Leicester-Bournemouth,1,2024,26663,2024-10-05 14:00:00,75,73,Leicester,Bournemouth,BOU,LEI,0,2.1873,0,1.94963,1.94963,1.0375670000000001,8.5,7,3,0.5877,1,0.912063,0.912063,-1.0375670000000001,13.4,2
65,ENG-Premier League,2425,2024-10-05 Manchester City-Fulham,1,2024,26664,2024-10-05 14:00:00,88,228,Manchester City,Fulham,FLH,MCI,0,2.289,2,2.75846,2.75846,1.3916199999999999,22.142857142857142,11,3,0.5454,3,1.36684,1.36684,-1.3916199999999999,14.4,8
66,ENG-Premier League,2425,2024-10-05 West Ham-Ipswich,1,2024,26665,2024-10-05 14:00:00,81,285,West Ham,Ipswich,IPS,WHU,0,0.0715,1,1.18463,1.18463,-3.20939,14.652173913043478,6,3,2.8891,4,4.39402,4.39402,3.20939,16.266666666666666,6
67,ENG-Premier League,2425,2024-10-06 Aston Villa-Manchester United,1,2024,26670,2024-10-06 13:00:00,71,89,Aston Villa,Manchester United,MUN,AVL,1,1.1911,0,0.448537,0.448537,-0.08427199999999996,13.882352941176471,1,1,1.3408,0,0.532809,0.532809,0.08427199999999996,14.214285714285714,9
68,ENG-Premier League,2425,2024-10-06 Brighton-Tottenham,1,2024,26671,2024-10-06 15:30:00,220,82,Brighton,Tottenham,TOT,BRI,0,0.7226,2,1.09279,1.09279,-0.87938,12.875,10,3,2.0558,3,1.97217,1.97217,0.87938,12.428571428571429,4
69,ENG-Premier League,2425,2024-10-06 Chelsea-Nottingham Forest,1,2024,26668,2024-10-06 13:00:00,80,249,Chelsea,Nottingham Forest,NOT,CHE,1,0.9482,1,1.66654,1.66654,-0.6109800000000001,15.882352941176471,5,1,1.8302,1,2.27752,2.27752,0.6109800000000001,5.869565217391305,13
70,ENG-Premier League,2425,2024-10-19 Bournemouth-Arsenal,1,2024,26680,2024-10-19 16:30:00,73,83,Bournemouth,Arsenal,ARS,BOU,0,0.3568,0,0.740758,0.740758,-0.6822619999999999,8.9,4,3,2.4646,2,2.18419,1.42302,0.6822619999999999,11.761904761904763,7
71,ENG-Premier League,2425,2024-10-19 Fulham-Aston Villa,1,2024,26673,2024-10-19 14:00:00,228,71,Fulham,Aston Villa,AVL,FLH,3,0.5631,3,1.43595,1.43595,-0.4336199999999999,16.8,9,0,2.2527000000000004,1,2.63074,1.86957,0.4336199999999999,12.35,3
72,ENG-Premier League,2425,2024-10-19 Ipswich-Everton,1,2024,26674,2024-10-19 14:00:00,285,72,Ipswich,Everton,EVE,IPS,3,1.717,2,1.60804,1.60804,0.43404,15.894736842105264,9,0,1.0131999999999999,0,1.174,1.174,-0.43404,11.428571428571429,3
73,ENG-Premier League,2425,2024-10-19 Manchester United-Brentford,1,2024,26675,2024-10-19 14:00:00,89,244,Manchester United,Brentford,BRE,MUN,0,0.7375,1,0.892843,0.892843,-0.8727069999999999,16.235294117647058,3,3,2.023,2,1.76555,1.76555,0.8727069999999999,16.105263157894736,12
74,ENG-Premier League,2425,2024-10-19 Newcastle United-Brighton,1,2024,26676,2024-10-19 14:00:00,86,220,Newcastle United,Brighton,BRI,NEW,3,1.2047,1,1.6779,1.6779,-0.25866999999999996,16.529411764705884,6,0,1.5542,0,1.93657,1.93657,0.25866999999999996,5.868421052631579,14
75,ENG-Premier League,2425,2024-10-19 Southampton-Leicester,1,2024,26678,2024-10-19 14:00:00,74,75,Southampton,Leicester,LEI,SOU,3,1.6762000000000001,3,2.83826,2.0771,-0.35065999999999997,6.633333333333334,11,0,1.0828000000000002,2,2.42776,2.42776,0.35065999999999997,16.0,8
76,ENG-Premier League,2425,2024-10-19 Tottenham-West Ham,1,2024,26672,2024-10-19 11:30:00,82,81,Tottenham,West Ham,WHU,TOT,0,0.9253,1,0.858803,0.858803,-0.581717,8.666666666666666,6,3,1.7992000000000001,4,1.44052,1.44052,0.581717,6.15625,11
77,ENG-Premier League,2425,2024-10-20 Liverpool-Chelsea,1,2024,26679,2024-10-20 15:30:00,87,80,Liverpool,Chelsea,CHE,LIV,0,0.6800999999999999,1,1.33904,1.33904,-0.12495999999999996,15.9375,6,3,2.0937,2,2.22517,1.464,0.12495999999999996,12.8,2
78,ENG-Premier League,2425,2024-10-20 Wolverhampton Wanderers-Manchester City,1,2024,26681,2024-10-20 13:00:00,229,88,Wolverhampton Wanderers,Manchester City,MCI,WOL,3,1.819,2,1.36569,1.36569,0.604473,5.947368421052632,25,0,0.8929,1,0.761217,0.761217,-0.604473,26.571428571428573,0
79,ENG-Premier League,2425,2024-10-21 Nottingham Forest-Crystal Palace,1,2024,26677,2024-10-21 19:00:00,249,78,Nottingham Forest,Crystal Palace,CRY,NOT,0,0.6484000000000001,0,0.835001,0.835001,-1.050729,8.666666666666666,5,3,2.1385,1,1.88573,1.88573,1.050729,14.588235294117647,9
80,ENG-Premier League,2425,2024-10-25 Leicester-Nottingham Forest,1,2024,26682,2024-10-25 19:00:00,75,249,Leicester,Nottingham Forest,NOT,LEI,3,2.5784000000000002,3,2.54488,2.54488,1.712465,14.19047619047619,6,0,0.281,1,0.832415,0.832415,-1.712465,5.130434782608695,8
81,ENG-Premier League,2425,2024-10-26 Aston Villa-Bournemouth,1,2024,26684,2024-10-26 14:00:00,71,73,Aston Villa,Bournemouth,BOU,AVL,1,0.267,1,0.328651,0.328651,-1.645349,8.807692307692308,6,1,2.5907999999999998,1,1.974,1.974,1.645349,10.333333333333334,16
82,ENG-Premier League,2425,2024-10-26 Brentford-Ipswich,1,2024,26685,2024-10-26 14:00:00,244,285,Brentford,Ipswich,IPS,BRE,0,0.2695,3,1.65698,1.65698,-1.67848,18.63157894736842,6,3,2.6407,4,4.09663,3.33546,1.67848,7.933333333333334,9
83,ENG-Premier League,2425,2024-10-26 Brighton-Wolverhampton Wanderers,1,2024,26686,2024-10-26 14:00:00,220,229,Brighton,Wolverhampton Wanderers,WOL,BRI,1,1.0608,2,1.11074,1.11074,-0.40273000000000003,11.272727272727273,3,1,1.6689,2,1.51347,1.51347,0.40273000000000003,9.964285714285714,12
84,ENG-Premier League,2425,2024-10-26 Everton-Fulham,1,2024,26687,2024-10-26 16:30:00,72,228,Everton,Fulham,FLH,EVE,1,1.8721,1,1.49531,1.49531,0.6104649999999999,10.95,7,1,0.8440000000000001,1,0.884845,0.884845,-0.6104649999999999,21.176470588235293,7
85,ENG-Premier League,2425,2024-10-26 Manchester City-Southampton,1,2024,26683,2024-10-26 14:00:00,88,74,Manchester City,Southampton,SOU,MCI,0,0.06949999999999999,0,0.369989,0.369989,-2.792871,15.909090909090908,6,3,2.8853,1,3.16286,3.16286,2.792871,11.8,12
86,ENG-Premier League,2425,2024-10-27 Arsenal-Liverpool,1,2024,26691,2024-10-27 16:30:00,83,87,Arsenal,Liverpool,LIV,ARS,1,1.5928,2,1.35346,1.35346,0.26516000000000006,8.272727272727273,8,1,1.0945,2,1.0883,1.0883,-0.26516000000000006,8.071428571428571,6
87,ENG-Premier League,2425,2024-10-27 Chelsea-Newcastle United,1,2024,26688,2024-10-27 14:00:00,80,86,Chelsea,Newcastle United,NEW,CHE,0,1.4976,1,1.74225,1.74225,0.12431000000000014,9.08,11,3,1.2267000000000001,2,1.61794,1.61794,-0.12431000000000014,9.137931034482758,5
88,ENG-Premier League,2425,2024-10-27 Crystal Palace-Tottenham,1,2024,26689,2024-10-27 14:00:00,78,82,Crystal Palace,Tottenham,TOT,CRY,0,1.389,0,1.0192,1.0192,0.0405890000000001,4.625,7,3,1.2846000000000002,1,0.978611,0.978611,-0.0405890000000001,6.951219512195122,7
89,ENG-Premier League,2425,2024-10-27 West Ham-Manchester United,1,2024,26690,2024-10-27 14:00:00,81,89,West Ham,Manchester United,MUN,WHU,0,1.1108,1,2.62598,2.62598,0.3940300000000003,10.285714285714286,7,3,1.6669999999999998,2,2.99312,2.23195,-0.3940300000000003,21.076923076923077,7
90,ENG-Premier League,2425,2024-11-02 Bournemouth-Manchester City,1,2024,26692,2024-11-02 15:00:00,73,88,Bournemouth,Manchester City,MCI,BOU,0,1.3071,1,2.3527,2.3527,-0.09660000000000002,13.0,17,3,1.4571,2,2.4493,2.4493,0.09660000000000002,15.05,6
91,ENG-Premier League,2425,2024-11-02 Ipswich-Leicester,1,2024,26695,2024-11-02 15:00:00,285,75,Ipswich,Leicester,LEI,IPS,1,2.1052000000000004,1,2.33858,2.33858,1.0024099999999998,10.615384615384615,10,1,0.6904,1,1.33617,1.33617,-1.0024099999999998,11.318181818181818,4
92,ENG-Premier League,2425,2024-11-02 Liverpool-Brighton,1,2024,26696,2024-11-02 15:00:00,87,220,Liverpool,Brighton,BRI,LIV,0,0.7932999999999999,1,1.01568,1.01568,-0.7946900000000001,8.058823529411764,5,3,1.9723000000000002,2,1.81037,1.81037,0.7946900000000001,10.464285714285714,10
93,ENG-Premier League,2425,2024-11-02 Newcastle United-Arsenal,1,2024,26694,2024-11-02 12:30:00,86,83,Newcastle United,Arsenal,ARS,NEW,0,1.3742,0,0.911305,0.911305,0.051590000000000025,5.24,9,3,1.2812,1,0.859715,0.859715,-0.051590000000000025,13.210526315789474,9
94,ENG-Premier League,2425,2024-11-02 Nottingham Forest-West Ham,1,2024,26698,2024-11-02 15:00:00,249,81,Nottingham Forest,West Ham,WHU,NOT,0,0.1008,0,0.132317,0.132317,-2.217793,13.066666666666666,2,3,2.8259999999999996,3,2.35011,2.35011,2.217793,14.1875,11
95,ENG-Premier League,2425,2024-11-02 Southampton-Everton,1,2024,26699,2024-11-02 15:00:00,74,72,Southampton,Everton,EVE,SOU,0,2.3625,0,1.78581,1.78581,1.2454649999999998,15.0,4,3,0.4341,1,0.540345,0.540345,-1.2454649999999998,9.235294117647058,6
96,ENG-Premier League,2425,2024-11-02 Wolverhampton Wanderers-Crystal Palace,1,2024,26701,2024-11-02 17:30:00,229,78,Wolverhampton Wanderers,Crystal Palace,CRY,WOL,1,2.0930999999999997,2,2.64849,2.64849,0.9983099999999998,12.956521739130435,2,1,0.6972,2,1.65018,1.65018,-0.9983099999999998,6.103448275862069,6
97,ENG-Premier League,2425,2024-11-03 Manchester United-Chelsea,1,2024,26697,2024-11-03 16:30:00,89,80,Manchester United,Chelsea,CHE,MUN,1,0.6591,1,1.21071,1.21071,-0.18863000000000008,10.208333333333334,8,1,2.112,1,2.1605,1.39934,0.18863000000000008,8.151515151515152,4
98,ENG-Premier League,2425,2024-11-03 Tottenham-Aston Villa,1,2024,26700,2024-11-03 14:00:00,82,71,Tottenham,Aston Villa,AVL,TOT,0,1.6758,1,2.48749,2.48749,0.38998,10.470588235294118,3,3,1.0641,4,2.09751,2.09751,-0.38998,5.441860465116279,11
99,ENG-Premier League,2425,2024-11-04 Fulham-Brentford,1,2024,26693,2024-11-04 20:00:00,228,244,Fulham,Brentford,BRE,FLH,0,0.8258,1,0.739231,0.739231,-0.690939,12.333333333333334,2,3,1.8809,2,1.43017,1.43017,0.690939,6.0,13
100,ENG-Premier League,2425,2024-11-09 Brentford-Bournemouth,1,2024,26702,2024-11-09 15:00:00,244,73,Brentford,Bournemouth,BOU,BRE,0,2.0433,2,2.49234,2.49234,0.9276,8.782608695652174,6,3,0.7424999999999999,3,1.56474,1.56474,-0.9276,9.0,14
101,ENG-Premier League,2425,2024-11-09 Brighton-Manchester City,1,2024,26703,2024-11-09 17:30:00,220,88,Brighton,Manchester City,MCI,BRI,0,1.2107,1,2.60334,2.60334,-0.26781999999999995,17.470588235294116,4,3,1.5584000000000002,2,2.87116,2.87116,0.26781999999999995,13.566666666666666,5
102,ENG-Premier League,2425,2024-11-09 Crystal Palace-Fulham,1,2024,26706,2024-11-09 15:00:00,78,228,Crystal Palace,Fulham,FLH,CRY,3,1.5794000000000001,2,2.25331,2.25331,0.29294,6.538461538461538,7,0,1.1876,0,1.96037,1.96037,-0.29294,13.615384615384615,4
103,ENG-Premier League,2425,2024-11-09 Liverpool-Aston Villa,1,2024,26707,2024-11-09 20:00:00,87,71,Liverpool,Aston Villa,AVL,LIV,0,0.7257,0,1.66337,1.66337,-1.01859,17.681818181818183,4,3,2.0739,2,2.68196,2.68196,1.01859,8.615384615384615,7
104,ENG-Premier League,2425,2024-11-09 West Ham-Everton,1,2024,26710,2024-11-09 15:00:00,81,72,West Ham,Everton,EVE,WHU,1,1.0962,0,0.865983,0.865983,-0.257717,11.11111111111111,7,1,1.5993,0,1.1237,1.1237,0.257717,10.142857142857142,8
105,ENG-Premier League,2425,2024-11-09 Wolverhampton Wanderers-Southampton,1,2024,26711,2024-11-09 15:00:00,229,74,Wolverhampton Wanderers,Southampton,SOU,WOL,0,1.1777,0,0.792655,0.792655,-0.12012599999999996,5.814814814814815,6,3,1.4629999999999999,2,0.912781,0.912781,0.12012599999999996,25.4375,7
106,ENG-Premier League,2425,2024-11-10 Chelsea-Arsenal,1,2024,26705,2024-11-10 16:30:00,80,83,Chelsea,Arsenal,ARS,CHE,1,1.9068999999999998,1,1.9605,1.9605,0.71983,10.26086956521739,6,1,0.8506,1,1.24067,1.24067,-0.71983,16.5,6
107,ENG-Premier League,2425,2024-11-10 Manchester United-Leicester,1,2024,26708,2024-11-10 14:00:00,89,75,Manchester United,Leicester,LEI,MUN,0,0.6164000000000001,0,0.417295,0.417295,-0.8196050000000001,14.6,5,3,2.0891,3,1.2369,1.2369,0.8196050000000001,10.142857142857142,2
108,ENG-Premier League,2425,2024-11-10 Nottingham Forest-Newcastle United,1,2024,26704,2024-11-10 14:00:00,249,86,Nottingham Forest,Newcastle United,NEW,NOT,3,1.9041,3,1.86904,1.86904,0.69052,13.833333333333334,10,0,0.8372999999999999,1,1.17852,1.17852,-0.69052,10.695652173913043,4
109,ENG-Premier League,2425,2024-11-10 Tottenham-Ipswich,1,2024,26709,2024-11-10 14:00:00,82,285,Tottenham,Ipswich,IPS,TOT,3,1.7298,2,2.18392,2.18392,0.4330400000000001,9.35483870967742,6,0,1.014,1,1.75088,1.75088,-0.4330400000000001,6.631578947368421,10
110,ENG-Premier League,2425,2024-11-23 Arsenal-Nottingham Forest,1,2024,26714,2024-11-23 15:00:00,83,249,Arsenal,Nottingham Forest,NOT,ARS,0,0.4249,0,0.403136,0.403136,-1.2570240000000001,21.647058823529413,0,3,2.3644,3,1.66016,1.66016,1.2570240000000001,10.533333333333333,19
111,ENG-Premier League,2425,2024-11-23 Aston Villa-Crystal Palace,1,2024,26716,2024-11-23 15:00:00,71,78,Aston Villa,Crystal Palace,CRY,AVL,1,0.5138,2,1.61437,1.61437,-0.6690100000000001,15.818181818181818,2,1,2.3213,2,3.04455,2.28338,0.6690100000000001,7.4,11
112,ENG-Premier League,2425,2024-11-23 Bournemouth-Brighton,1,2024,26712,2024-11-23 15:00:00,73,220,Bournemouth,Brighton,BRI,BOU,3,0.9064000000000001,2,1.23059,1.23059,-0.6809799999999999,13.0,5,0,1.8321999999999998,1,1.91157,1.91157,0.6809799999999999,7.419354838709677,11
113,ENG-Premier League,2425,2024-11-23 Everton-Brentford,1,2024,26715,2024-11-23 15:00:00,72,244,Everton,Brentford,BRE,EVE,1,1.2202000000000002,0,1.34314,1.34314,-0.25195999999999996,7.956521739130435,1,1,1.5025,0,1.5951,1.5951,0.25195999999999996,14.866666666666667,8
114,ENG-Premier League,2425,2024-11-23 Fulham-Wolverhampton Wanderers,1,2024,26717,2024-11-23 15:00:00,228,229,Fulham,Wolverhampton Wanderers,WOL,FLH,3,1.8798,4,1.33903,1.33903,0.621872,14.368421052631579,8,0,0.8195999999999999,1,0.717158,0.717158,-0.621872,6.611111111111111,6
115,ENG-Premier League,2425,2024-11-23 Leicester-Chelsea,1,2024,26719,2024-11-23 12:30:00,75,80,Leicester,Chelsea,CHE,LEI,3,2.6633,2,2.81658,2.81658,2.609762,8.347826086956522,13,0,0.2195,1,0.967987,0.206818,-2.609762,13.291666666666666,3
116,ENG-Premier League,2425,2024-11-23 Manchester City-Tottenham,1,2024,26720,2024-11-23 17:30:00,88,82,Manchester City,Tottenham,TOT,MCI,3,2.1441999999999997,4,3.30449,3.30449,1.1454999999999997,28.3,8,0,0.6784,0,2.15899,2.15899,-1.1454999999999997,6.621621621621622,14
117,ENG-Premier League,2425,2024-11-24 Ipswich-Manchester United,1,2024,26718,2024-11-24 16:30:00,285,89,Ipswich,Manchester United,MUN,IPS,1,0.7996,1,1.26912,1.26912,-0.7180199999999999,12.0,5,1,1.9564,1,1.98714,1.98714,0.7180199999999999,21.136363636363637,4
118,ENG-Premier League,2425,2024-11-24 Southampton-Liverpool,1,2024,26721,2024-11-24 14:00:00,74,87,Southampton,Liverpool,LIV,SOU,3,2.4682999999999997,3,3.18835,2.42718,1.785165,8.285714285714286,13,0,0.3767,2,1.53985,0.642015,-1.785165,24.0,6
119,ENG-Premier League,2425,2024-11-25 Newcastle United-West Ham,1,2024,26713,2024-11-25 20:00:00,86,81,Newcastle United,West Ham,WHU,NEW,3,0.8991,2,0.942824,0.942824,-0.5549860000000001,14.11111111111111,5,0,1.8360000000000003,0,1.49781,1.49781,0.5549860000000001,9.448275862068966,6
120,ENG-Premier League,2425,2024-11-29 Brighton-Southampton,1,2024,26723,2024-11-29 20:00:00,220,74,Brighton,Southampton,SOU,BRI,1,0.7225,1,0.934969,0.934969,-0.934891,12.045454545454545,4,1,2.0479,1,1.86986,1.86986,0.934891,8.588235294117647,16
121,ENG-Premier League,2425,2024-11-30 Brentford-Leicester,1,2024,26722,2024-11-30 15:00:00,244,75,Brentford,Leicester,LEI,BRE,0,0.4798,1,0.907555,0.907555,-1.3112950000000003,14.421052631578947,3,3,2.3232999999999997,4,2.21885,2.21885,1.3112950000000003,7.607142857142857,7
122,ENG-Premier League,2425,2024-11-30 Crystal Palace-Newcastle United,1,2024,26725,2024-11-30 15:00:00,78,86,Crystal Palace,Newcastle United,NEW,CRY,1,0.0605,1,0.020989,0.020989,-2.274961,9.5,2,1,2.8826,1,2.29595,2.29595,2.274961,8.851851851851851,11
123,ENG-Premier League,2425,2024-11-30 Nottingham Forest-Ipswich,1,2024,26728,2024-11-30 15:00:00,249,285,Nottingham Forest,Ipswich,IPS,NOT,0,0.3504,0,0.462771,0.462771,-0.5419289999999999,7.722222222222222,5,3,2.4696000000000002,1,1.76587,1.0047,0.5419289999999999,12.875,3
124,ENG-Premier League,2425,2024-11-30 West Ham-Arsenal,1,2024,26730,2024-11-30 17:30:00,81,83,West Ham,Arsenal,ARS,WHU,3,2.8133,5,3.99935,2.47701,1.24162,12.0,6,0,0.1265,2,1.23539,1.23539,-1.24162,13.833333333333334,3
125,ENG-Premier League,2425,2024-11-30 Wolverhampton Wanderers-Bournemouth,1,2024,26731,2024-11-30 15:00:00,229,73,Wolverhampton Wanderers,Bournemouth,BOU,WOL,3,2.7676,4,3.07901,0.795501,-0.07053299999999996,10.74074074074074,4,0,0.1558,2,0.866034,0.866034,0.07053299999999996,11.3125,8
126,ENG-Premier League,2425,2024-12-01 Chelsea-Aston Villa,1,2024,26724,2024-12-01 13:30:00,80,71,Chelsea,Aston Villa,AVL,CHE,0,0.6308,0,0.875443,0.875443,-1.073947,39.6,4,3,2.1509,3,1.94939,1.94939,1.073947,8.1,4
127,ENG-Premier League,2425,2024-12-01 Liverpool-Manchester City,1,2024,26726,2024-12-01 16:00:00,87,88,Liverpool,Manchester City,MCI,LIV,0,0.06359999999999999,0,0.745015,0.745015,-2.194355,15.6875,4,3,2.9016,2,3.70054,2.93937,2.194355,17.352941176470587,8
128,ENG-Premier League,2425,2024-12-01 Manchester United-Everton,1,2024,26727,2024-12-01 13:30:00,89,72,Manchester United,Everton,EVE,MUN,0,0.5986,0,0.766749,0.766749,-0.9948609999999999,17.074074074074073,3,3,2.1703,4,1.76161,1.76161,0.9948609999999999,11.458333333333334,10
129,ENG-Premier League,2425,2024-12-01 Tottenham-Fulham,1,2024,26729,2024-12-01 13:30:00,82,228,Tottenham,Fulham,FLH,TOT,1,1.8117,1,1.57274,1.57274,0.5618799999999999,11.347826086956522,7,1,0.9093000000000001,1,1.01086,1.01086,-0.5618799999999999,19.307692307692307,7
130,ENG-Premier League,2425,2024-12-03 Ipswich-Crystal Palace,1,2024,26737,2024-12-03 19:30:00,285,78,Ipswich,Crystal Palace,CRY,IPS,3,2.3167,1,1.65422,1.65422,1.182512,13.565217391304348,6,0,0.46419999999999995,0,0.471708,0.471708,-1.182512,10.956521739130435,2
131,ENG-Premier League,2425,2024-12-03 Leicester-West Ham,1,2024,26738,2024-12-03 20:15:00,75,81,Leicester,West Ham,WHU,LEI,0,1.4368999999999998,1,2.87716,2.87716,0.09655000000000014,12.777777777777779,14,3,1.3649,3,2.78061,2.78061,-0.09655000000000014,10.068965517241379,4
132,ENG-Premier League,2425,2024-12-04 Arsenal-Manchester United,1,2024,26733,2024-12-04 20:15:00,83,89,Arsenal,Manchester United,MUN,ARS,0,0.0343,0,0.256083,0.256083,-2.710757,19.4,1,3,2.9395,2,2.96684,2.96684,2.710757,11.8,8
133,ENG-Premier League,2425,2024-12-04 Aston Villa-Brentford,1,2024,26734,2024-12-04 20:15:00,71,244,Aston Villa,Brentford,BRE,AVL,0,0.2826,1,1.13266,1.13266,-1.3229000000000002,7.258064516129032,5,3,2.6043000000000003,3,3.21673,2.45556,1.3229000000000002,11.105263157894736,11
134,ENG-Premier League,2425,2024-12-04 Everton-Wolverhampton Wanderers,1,2024,26735,2024-12-04 19:30:00,72,229,Everton,Wolverhampton Wanderers,WOL,EVE,0,0.8206,0,0.847724,0.847724,-0.6513159999999999,7.708333333333333,4,3,1.8867999999999998,4,1.49904,1.49904,0.6513159999999999,10.178571428571429,7
135,ENG-Premier League,2425,2024-12-04 Manchester City-Nottingham Forest,1,2024,26739,2024-12-04 19:30:00,88,249,Manchester City,Nottingham Forest,NOT,MCI,0,0.1778,0,0.802155,0.802155,-2.399535,10.703703703703704,7,3,2.7382999999999997,3,3.20169,3.20169,2.399535,7.866666666666666,10
136,ENG-Premier League,2425,2024-12-04 Newcastle United-Liverpool,1,2024,26740,2024-12-04 19:30:00,86,87,Newcastle United,Liverpool,LIV,NEW,1,1.8659000000000001,3,2.22766,2.22766,0.7070900000000002,8.153846153846153,9,1,0.9100999999999999,3,1.52057,1.52057,-0.7070900000000002,13.590909090909092,3
137,ENG-Premier League,2425,2024-12-04 Southampton-Chelsea,1,2024,26741,2024-12-04 19:30:00,74,80,Southampton,Chelsea,CHE,SOU,3,2.9237,5,5.8331,5.8331,3.92296,11.074074074074074,18,0,0.052099999999999994,1,1.91014,1.91014,-3.92296,33.375,6
138,ENG-Premier League,2425,2024-12-05 Bournemouth-Tottenham,1,2024,26732,2024-12-05 20:15:00,73,82,Bournemouth,Tottenham,TOT,BOU,0,0.13490000000000002,0,0.623934,0.623934,-2.653226,3.5925925925925926,11,3,2.7977000000000003,1,3.27716,3.27716,2.653226,7.064516129032258,10
139,ENG-Premier League,2425,2024-12-05 Fulham-Brighton,1,2024,26736,2024-12-05 19:30:00,228,220,Fulham,Brighton,BRI,FLH,0,1.7403,1,1.09939,1.09939,0.4327460000000001,13.647058823529411,2,3,0.9318,3,0.666644,0.666644,-0.4327460000000001,18.705882352941178,3
140,ENG-Premier League,2425,2024-12-07 Aston Villa-Southampton,1,2024,26742,2024-12-07 15:00:00,71,74,Aston Villa,Southampton,SOU,AVL,0,0.1582,0,0.385832,0.385832,-2.127548,8.851851851851851,7,3,2.7499,1,2.51338,2.51338,2.127548,7.885714285714286,13
141,ENG-Premier League,2425,2024-12-07 Brentford-Newcastle United,1,2024,26743,2024-12-07 15:00:00,244,86,Brentford,Newcastle United,NEW,BRE,0,1.539,2,1.95645,1.95645,0.21045000000000003,12.133333333333333,9,3,1.2189,4,1.746,1.746,-0.21045000000000003,10.76,6
142,ENG-Premier League,2425,2024-12-07 Crystal Palace-Manchester City,1,2024,26747,2024-12-07 15:00:00,78,88,Crystal Palace,Manchester City,MCI,CRY,1,1.6707,2,1.5846,1.5846,0.36983999999999995,8.227272727272727,16,1,1.0644,2,1.21476,1.21476,-0.36983999999999995,38.8,6
143,ENG-Premier League,2425,2024-12-07 Manchester United-Nottingham Forest,1,2024,26744,2024-12-07 17:30:00,89,249,Manchester United,Nottingham Forest,NOT,MUN,3,0.6564000000000001,3,0.651217,0.651217,-0.818483,26.384615384615383,4,0,2.0817,2,1.4697,1.4697,0.818483,3.2083333333333335,7
144,ENG-Premier League,2425,2024-12-08 Fulham-Arsenal,1,2024,26749,2024-12-08 14:00:00,228,83,Fulham,Arsenal,ARS,FLH,1,2.943,1,2.4333,2.4333,2.282312,8.68421052631579,12,1,0.0306,1,0.150988,0.150988,-2.282312,24.357142857142858,0
145,ENG-Premier League,2425,2024-12-08 Ipswich-Bournemouth,1,2024,26750,2024-12-08 14:00:00,285,73,Ipswich,Bournemouth,BOU,IPS,3,2.5852999999999997,2,3.49127,3.49127,1.9244700000000001,5.125,12,0,0.30200000000000005,1,1.5668,1.5668,-1.9244700000000001,9.4,12
146,ENG-Premier League,2425,2024-12-08 Leicester-Brighton,1,2024,26751,2024-12-08 14:00:00,75,220,Leicester,Brighton,BRI,LEI,1,1.0744,2,1.12184,1.12184,-0.30254000000000003,12.423076923076923,5,1,1.6399000000000001,2,1.42438,1.42438,0.30254000000000003,14.5,3
147,ENG-Premier League,2425,2024-12-08 Tottenham-Chelsea,1,2024,26745,2024-12-08 16:30:00,82,80,Tottenham,Chelsea,CHE,TOT,3,0.9833000000000001,4,2.57326,1.05092,-2.20396,7.958333333333333,16,0,1.8100999999999998,3,3.25488,3.25488,2.20396,9.857142857142858,8
148,ENG-Premier League,2425,2024-12-09 West Ham-Wolverhampton Wanderers,1,2024,26746,2024-12-09 20:00:00,81,229,West Ham,Wolverhampton Wanderers,WOL,WHU,0,1.5825,1,1.47567,1.47567,0.27759,8.037037037037036,6,3,1.1481,2,1.19808,1.19808,-0.27759,9.043478260869565,7
149,ENG-Premier League,2425,2024-12-14 Arsenal-Everton,1,2024,26755,2024-12-14 15:00:00,83,72,Arsenal,Everton,EVE,ARS,1,0.3379,0,0.132166,0.132166,-1.176484,19.77777777777778,2,1,2.4169,0,1.30865,1.30865,1.176484,5.0476190476190474,12
150,ENG-Premier League,2425,2024-12-14 Liverpool-Fulham,1,2024,26752,2024-12-14 15:00:00,87,228,Liverpool,Fulham,FLH,LIV,1,0.8013000000000001,2,1.2862,1.2862,-0.8107799999999998,38.75,6,1,1.9724999999999997,2,2.09698,2.09698,0.8107799999999998,7.703703703703703,8
151,ENG-Premier League,2425,2024-12-14 Newcastle United-Leicester,1,2024,26760,2024-12-14 15:00:00,86,75,Newcastle United,Leicester,LEI,NEW,0,0.0098,0,0.186759,0.186759,-3.7678510000000003,14.826086956521738,3,3,2.9819,4,3.95461,3.95461,3.7678510000000003,11.368421052631579,21
152,ENG-Premier League,2425,2024-12-14 Nottingham Forest-Aston Villa,1,2024,26761,2024-12-14 17:30:00,249,71,Nottingham Forest,Aston Villa,AVL,NOT,0,0.198,1,0.389423,0.389423,-1.8966769999999997,16.928571428571427,7,3,2.6913,2,2.2861,2.2861,1.8966769999999997,17.3125,5
153,ENG-Premier League,2425,2024-12-14 Wolverhampton Wanderers-Ipswich,1,2024,26758,2024-12-14 15:00:00,229,285,Wolverhampton Wanderers,Ipswich,IPS,WOL,3,1.8144999999999998,2,1.73349,1.73349,0.49601000000000006,12.363636363636363,4,0,0.9286,1,1.23748,1.23748,-0.49601000000000006,11.608695652173912,11
154,ENG-Premier League,2425,2024-12-15 Brighton-Crystal Palace,1,2024,26756,2024-12-15 14:00:00,220,78,Brighton,Crystal Palace,CRY,BRI,3,2.4631,3,3.00618,3.00618,1.6829500000000002,14.136363636363637,6,0,0.39640000000000003,1,1.32323,1.32323,-1.6829500000000002,4.756756756756757,9
155,ENG-Premier League,2425,2024-12-15 Chelsea-Brentford,1,2024,26757,2024-12-15 19:00:00,80,244,Chelsea,Brentford,BRE,CHE,0,0.8152,1,1.65861,1.65861,-0.9328500000000002,14.625,6,3,1.9714,2,2.59146,2.59146,0.9328500000000002,8.761904761904763,13
156,ENG-Premier League,2425,2024-12-15 Manchester City-Manchester United,1,2024,26753,2024-12-15 16:30:00,88,89,Manchester City,Manchester United,MUN,MCI,3,2.4972,2,2.04662,1.28545,0.647347,7.928571428571429,5,0,0.3402,1,0.638103,0.638103,-0.647347,16.944444444444443,4
157,ENG-Premier League,2425,2024-12-15 Southampton-Tottenham,1,2024,26759,2024-12-15 19:00:00,74,82,Southampton,Tottenham,TOT,SOU,3,2.7945,5,3.89322,3.89322,2.6196599999999997,10.666666666666666,10,0,0.13890000000000002,0,1.27356,1.27356,-2.6196599999999997,17.47826086956522,2
158,ENG-Premier League,2425,2024-12-16 Bournemouth-West Ham,1,2024,26754,2024-12-16 20:00:00,73,81,Bournemouth,West Ham,WHU,BOU,1,1.2479999999999998,1,1.81827,1.0571,-0.9913200000000002,10.894736842105264,6,1,1.5071999999999999,1,2.04842,2.04842,0.9913200000000002,11.473684210526315,10
159,ENG-Premier League,2425,2024-12-21 Aston Villa-Manchester City,1,2024,26762,2024-12-21 12:30:00,71,88,Aston Villa,Manchester City,MCI,AVL,0,0.6900000000000001,1,1.09627,1.09627,-0.9636100000000001,19.6,4,3,2.0925,2,2.05988,2.05988,0.9636100000000001,18.357142857142858,7
160,ENG-Premier League,2425,2024-12-21 Brentford-Nottingham Forest,1,2024,26766,2024-12-21 15:00:00,244,249,Brentford,Nottingham Forest,NOT,BRE,3,1.5014,2,0.964897,0.964897,0.19589299999999998,15.222222222222221,6,0,1.1537,0,0.769004,0.769004,-0.19589299999999998,4.862068965517241,11
161,ENG-Premier League,2425,2024-12-21 Crystal Palace-Arsenal,1,2024,26765,2024-12-21 17:30:00,78,83,Crystal Palace,Arsenal,ARS,CRY,3,2.4151000000000002,5,3.05434,3.05434,1.4491399999999999,12.833333333333334,6,0,0.42580000000000007,1,1.6052,1.6052,-1.4491399999999999,17.3,3
162,ENG-Premier League,2425,2024-12-21 Ipswich-Newcastle United,1,2024,26771,2024-12-21 15:00:00,285,86,Ipswich,Newcastle United,NEW,IPS,3,2.6363,4,3.23386,3.23386,2.16959,12.263157894736842,14,0,0.25579999999999997,0,1.06427,1.06427,-2.16959,17.782608695652176,0
163,ENG-Premier League,2425,2024-12-21 West Ham-Brighton,1,2024,26767,2024-12-21 15:00:00,81,220,West Ham,Brighton,BRI,WHU,1,1.485,1,1.34379,1.34379,0.11441999999999997,6.1891891891891895,13,1,1.2192,1,1.22937,1.22937,-0.11441999999999997,9.48,6
164,ENG-Premier League,2425,2024-12-22 Everton-Chelsea,1,2024,26764,2024-12-22 14:00:00,72,80,Everton,Chelsea,CHE,EVE,1,1.7681,0,1.51591,1.51591,0.44510000000000005,4.782608695652174,2,1,0.9176,0,1.07081,1.07081,-0.44510000000000005,14.428571428571429,0
165,ENG-Premier League,2425,2024-12-22 Fulham-Southampton,1,2024,26763,2024-12-22 14:00:00,228,74,Fulham,Southampton,SOU,FLH,1,0.5035000000000001,0,0.280031,0.280031,-0.9725190000000001,11.653846153846153,3,1,2.2141,0,1.25255,1.25255,0.9725190000000001,18.333333333333332,8
166,ENG-Premier League,2425,2024-12-22 Leicester-Wolverhampton Wanderers,1,2024,26770,2024-12-22 14:00:00,75,229,Leicester,Wolverhampton Wanderers,WOL,LEI,3,1.6608,3,1.13531,1.13531,0.34663,14.590909090909092,3,0,1.017,0,0.78868,0.78868,-0.34663,11.851851851851851,3
167,ENG-Premier League,2425,2024-12-22 Manchester United-Bournemouth,1,2024,26769,2024-12-22 14:00:00,89,73,Manchester United,Bournemouth,BOU,MUN,3,1.0631,3,1.82831,1.06714,-1.21819,9.23076923076923,3,0,1.6816999999999998,0,2.28533,2.28533,1.21819,7.3478260869565215,14
168,ENG-Premier League,2425,2024-12-22 Tottenham-Liverpool,1,2024,26768,2024-12-22 16:30:00,82,87,Tottenham,Liverpool,LIV,TOT,3,2.9533,6,5.20214,5.20214,3.99969,11.551724137931034,14,0,0.0286,3,1.20245,1.20245,-3.99969,21.53846153846154,8
169,ENG-Premier League,2425,2024-12-26 Bournemouth-Crystal Palace,1,2024,26772,2024-12-26 15:00:00,73,78,Bournemouth,Crystal Palace,CRY,BOU,1,0.7489,0,0.500066,0.500066,-0.7018239999999999,11.842105263157896,8,1,1.9444000000000001,0,1.20189,1.20189,0.7018239999999999,6.411764705882353,10
170,ENG-Premier League,2425,2024-12-26 Chelsea-Fulham,1,2024,26775,2024-12-26 15:00:00,80,228,Chelsea,Fulham,FLH,CHE,3,1.5630000000000002,2,1.77929,1.77929,0.22303000000000006,17.88235294117647,4,0,1.1754,1,1.55626,1.55626,-0.22303000000000006,16.869565217391305,6
171,ENG-Premier League,2425,2024-12-26 Liverpool-Leicester,1,2024,26776,2024-12-26 20:00:00,87,75,Liverpool,Leicester,LEI,LIV,0,0.2228,1,0.22097,0.22097,-1.6783800000000002,78.0,0,3,2.6357000000000004,3,1.89935,1.89935,1.6783800000000002,5.484848484848484,26
172,ENG-Premier League,2425,2024-12-26 Manchester City-Everton,1,2024,26777,2024-12-26 12:30:00,88,72,Manchester City,Everton,EVE,MCI,1,0.2591,1,0.653289,0.653289,-1.105201,28.09090909090909,1,1,2.609,1,2.51965,1.75849,1.105201,10.666666666666666,18
173,ENG-Premier League,2425,2024-12-26 Newcastle United-Aston Villa,1,2024,26778,2024-12-26 15:00:00,86,71,Newcastle United,Aston Villa,AVL,NEW,0,0.0707,0,0.225522,0.225522,-2.603148,21.714285714285715,2,3,2.8808000000000002,3,2.82867,2.82867,2.603148,6.107142857142857,20
174,ENG-Premier League,2425,2024-12-26 Nottingham Forest-Tottenham,1,2024,26779,2024-12-26 15:00:00,249,82,Nottingham Forest,Tottenham,TOT,NOT,0,1.1156,0,1.05758,1.05758,-0.24259999999999993,5.4,9,3,1.5766999999999998,1,1.30018,1.30018,0.24259999999999993,23.153846153846153,5
175,ENG-Premier League,2425,2024-12-26 Southampton-West Ham,1,2024,26780,2024-12-26 15:00:00,74,81,Southampton,West Ham,WHU,SOU,3,1.1689,1,1.90111,1.90111,-0.2972199999999998,18.857142857142858,6,0,1.5784,0,2.19833,2.19833,0.2972199999999998,7.9655172413793105,9
176,ENG-Premier League,2425,2024-12-26 Wolverhampton Wanderers-Manchester United,1,2024,26781,2024-12-26 17:30:00,229,89,Wolverhampton Wanderers,Manchester United,MUN,WOL,0,0.722,0,0.358876,0.358876,-0.46761300000000006,7.470588235294118,2,3,1.9208,2,0.826489,0.826489,0.46761300000000006,10.523809523809524,4
177,ENG-Premier League,2425,2024-12-27 Arsenal-Ipswich,1,2024,26773,2024-12-27 20:15:00,83,285,Arsenal,Ipswich,IPS,ARS,0,0.0856,0,0.0783327,0.0783327,-2.0862873000000004,19.41176470588235,0,3,2.8423,1,2.16462,2.16462,2.0862873000000004,6.428571428571429,12
178,ENG-Premier League,2425,2024-12-27 Brighton-Brentford,1,2024,26774,2024-12-27 19:30:00,220,244,Brighton,Brentford,BRE,BRI,1,1.0741999999999998,0,0.961233,0.961233,-0.374147,12.631578947368421,5,1,1.6324999999999998,0,1.33538,1.33538,0.374147,8.347826086956522,21
179,ENG-Premier League,2425,2024-12-29 Crystal Palace-Southampton,1,2024,26784,2024-12-29 15:00:00,78,74,Crystal Palace,Southampton,SOU,CRY,0,0.2976,1,1.21853,1.21853,-1.8356400000000002,5.65625,1,3,2.5632,2,3.05417,3.05417,1.8356400000000002,7.0285714285714285,10
180,ENG-Premier League,2425,2024-12-29 Everton-Nottingham Forest,1,2024,26785,2024-12-29 15:00:00,72,249,Everton,Nottingham Forest,NOT,EVE,3,2.4487,2,2.02753,2.02753,1.412339,17.0,7,0,0.38470000000000004,0,0.615191,0.615191,-1.412339,8.1875,8
181,ENG-Premier League,2425,2024-12-29 Fulham-Bournemouth,1,2024,26786,2024-12-29 15:00:00,228,73,Fulham,Bournemouth,BOU,FLH,1,1.9376000000000002,2,1.70692,1.70692,0.745354,10.423076923076923,10,1,0.8170999999999999,2,0.961566,0.961566,-0.745354,11.944444444444445,5
182,ENG-Premier League,2425,2024-12-29 Leicester-Manchester City,1,2024,26788,2024-12-29 14:30:00,75,88,Leicester,Manchester City,MCI,LEI,3,1.1524,2,1.58002,1.58002,-0.26205999999999996,27.642857142857142,9,0,1.5841,0,1.84208,1.84208,0.26205999999999996,15.31578947368421,5
183,ENG-Premier League,2425,2024-12-29 Tottenham-Wolverhampton Wanderers,1,2024,26790,2024-12-29 15:00:00,82,229,Tottenham,Wolverhampton Wanderers,WOL,TOT,1,0.29879999999999995,2,0.640697,0.640697,-0.882473,10.9,6,1,2.5563,2,2.28433,1.52317,0.882473,11.68421052631579,6
184,ENG-Premier League,2425,2024-12-29 West Ham-Liverpool,1,2024,26791,2024-12-29 17:15:00,81,87,West Ham,Liverpool,LIV,WHU,3,2.8459999999999996,5,3.29868,3.29868,2.780401,10.035714285714286,16,0,0.09620000000000001,0,0.518279,0.518279,-2.780401,14.157894736842104,3
185,ENG-Premier League,2425,2024-12-30 Aston Villa-Brighton,1,2024,26782,2024-12-30 19:45:00,71,220,Aston Villa,Brighton,BRI,AVL,1,0.6501,2,0.938042,0.938042,-0.18075799999999997,8.59375,6,1,2.1243,2,1.87997,1.1188,0.18075799999999997,9.95,13
186,ENG-Premier League,2425,2024-12-30 Ipswich-Chelsea,1,2024,26787,2024-12-30 19:45:00,285,80,Ipswich,Chelsea,CHE,IPS,0,1.4575,0,1.60622,1.60622,0.866462,7.5625,18,3,1.2616,2,1.50093,0.739758,-0.866462,22.9375,4
187,ENG-Premier League,2425,2024-12-30 Manchester United-Newcastle United,1,2024,26789,2024-12-30 20:00:00,89,86,Manchester United,Newcastle United,NEW,MUN,3,2.2635,2,2.2424,2.2424,1.24167,19.444444444444443,5,0,0.5484,0,1.00073,1.00073,-1.24167,9.833333333333334,6
188,ENG-Premier League,2425,2025-01-01 Brentford-Arsenal,1,2024,26783,2025-01-01 17:30:00,244,83,Brentford,Arsenal,ARS,BRE,3,2.7520999999999995,3,1.99848,1.99848,1.725876,17.41176470588235,17,0,0.1493,1,0.272604,0.272604,-1.725876,17.727272727272727,2
189,ENG-Premier League,2425,2025-01-04 Aston Villa-Leicester,1,2024,26793,2025-01-04 15:00:00,71,75,Aston Villa,Leicester,LEI,AVL,0,0.2842,1,0.81548,0.81548,-1.5301200000000001,20.842105263157894,3,3,2.5573,2,2.3456,2.3456,1.5301200000000001,9.03448275862069,9
190,ENG-Premier League,2425,2025-01-04 Bournemouth-Everton,1,2024,26792,2025-01-04 15:00:00,73,72,Bournemouth,Everton,EVE,BOU,0,0.17420000000000002,0,0.561015,0.561015,-2.057505,10.722222222222221,1,3,2.738,1,2.61852,2.61852,2.057505,3.962962962962963,14
191,ENG-Premier League,2425,2025-01-04 Brighton-Arsenal,1,2024,26794,2025-01-04 17:30:00,220,83,Brighton,Arsenal,ARS,BRI,1,1.3613,1,1.81142,1.81142,0.8074600000000001,10.833333333333334,8,1,1.3562,1,1.76513,1.00396,-0.8074600000000001,14.772727272727273,4
192,ENG-Premier League,2425,2025-01-04 Crystal Palace-Chelsea,1,2024,26795,2025-01-04 15:00:00,78,80,Crystal Palace,Chelsea,CHE,CRY,1,1.5524,1,1.51541,1.51541,0.23880999999999997,9.272727272727273,16,1,1.1723,1,1.2766,1.2766,-0.23880999999999997,19.294117647058822,6
193,ENG-Premier League,2425,2025-01-04 Manchester City-West Ham,1,2024,26798,2025-01-04 15:00:00,88,81,Manchester City,West Ham,WHU,MCI,0,1.0314999999999999,1,1.53286,1.53286,-0.44700000000000006,11.777777777777779,7,3,1.7275,4,1.97986,1.97986,0.44700000000000006,14.68421052631579,9
194,ENG-Premier League,2425,2025-01-04 Southampton-Brentford,1,2024,26799,2025-01-04 15:00:00,74,244,Southampton,Brentford,BRE,SOU,3,2.9964,5,5.54874,4.78757,4.537955999999999,11.090909090909092,15,0,0.0018,0,0.249614,0.249614,-4.537955999999999,12.88888888888889,9
195,ENG-Premier League,2425,2025-01-04 Tottenham-Newcastle United,1,2024,26800,2025-01-04 12:30:00,82,86,Tottenham,Newcastle United,NEW,TOT,3,2.3865000000000003,2,2.42963,2.42963,1.4263,7.730769230769231,9,0,0.44189999999999996,1,1.00333,1.00333,-1.4263,5.806451612903226,15
196,ENG-Premier League,2425,2025-01-05 Fulham-Ipswich,1,2024,26796,2025-01-05 14:00:00,228,285,Fulham,Ipswich,IPS,FLH,1,0.5066,2,1.4434,0.682234,-0.45011599999999996,13.75,2,1,2.294,2,2.65469,1.13235,0.45011599999999996,8.1875,5
197,ENG-Premier League,2425,2025-01-05 Liverpool-Manchester United,1,2024,26797,2025-01-05 16:30:00,87,89,Liverpool,Manchester United,MUN,LIV,1,0.6461,2,1.67469,1.67469,-0.4261499999999998,7.555555555555555,7,1,2.1611000000000002,2,2.862,2.10084,0.4261499999999998,8.869565217391305,7
198,ENG-Premier League,2425,2025-01-06 Wolverhampton Wanderers-Nottingham Forest,1,2024,26801,2025-01-06 20:00:00,229,249,Wolverhampton Wanderers,Nottingham Forest,NOT,WOL,3,1.8789,3,2.57227,2.57227,0.66764,18.2,11,0,0.8769,0,1.90463,1.90463,-0.66764,9.55,12
199,ENG-Premier League,2425,2025-01-14 Brentford-Manchester City,1,2024,26803,2025-01-14 19:30:00,244,88,Brentford,Manchester City,MCI,BRE,1,1.5518,2,2.65315,2.65315,0.26227,20.181818181818183,15,1,1.2401,2,2.39088,2.39088,-0.26227,14.214285714285714,14
200,ENG-Premier League,2425,2025-01-14 Chelsea-Bournemouth,1,2024,26809,2025-01-14 19:30:00,80,73,Chelsea,Bournemouth,BOU,CHE,1,0.4455,2,1.14845,0.387282,-2.150798,8.923076923076923,8,1,2.3727,2,2.53808,2.53808,2.150798,9.421052631578947,12
201,ENG-Premier League,2425,2025-01-14 Nottingham Forest-Liverpool,1,2024,26807,2025-01-14 20:00:00,249,87,Nottingham Forest,Liverpool,LIV,NOT,1,2.7403000000000004,1,2.72291,2.72291,2.1937100000000003,6.375,18,1,0.1675,1,0.5292,0.5292,-2.1937100000000003,21.545454545454547,2
202,ENG-Premier League,2425,2025-01-14 West Ham-Fulham,1,2024,26808,2025-01-14 19:30:00,81,228,West Ham,Fulham,FLH,WHU,0,2.6248,2,2.83581,2.83581,1.898488,8.65625,9,3,0.25570000000000004,3,0.937322,0.937322,-1.898488,17.294117647058822,2
203,ENG-Premier League,2425,2025-01-15 Arsenal-Tottenham,1,2024,26802,2025-01-15 20:00:00,83,82,Arsenal,Tottenham,TOT,ARS,0,0.4317,1,0.777071,0.777071,-1.4779390000000001,21.444444444444443,0,3,2.3930999999999996,2,2.25501,2.25501,1.4779390000000001,6.135135135135135,11
204,ENG-Premier League,2425,2025-01-15 Everton-Aston Villa,1,2024,26804,2025-01-15 19:30:00,72,71,Everton,Aston Villa,AVL,EVE,3,1.3870999999999998,1,1.28522,1.28522,0.05396000000000001,14.6,5,0,1.3195999999999999,0,1.23126,1.23126,-0.05396000000000001,9.678571428571429,4
205,ENG-Premier League,2425,2025-01-15 Leicester-Crystal Palace,1,2024,26806,2025-01-15 19:30:00,75,78,Leicester,Crystal Palace,CRY,LEI,3,1.52,2,2.2647,2.2647,0.16565999999999992,15.478260869565217,7,0,1.238,0,2.09904,2.09904,-0.16565999999999992,12.272727272727273,7
206,ENG-Premier League,2425,2025-01-15 Newcastle United-Wolverhampton Wanderers,1,2024,26810,2025-01-15 19:30:00,86,229,Newcastle United,Wolverhampton Wanderers,WOL,NEW,0,0.9416,0,1.47433,1.47433,-0.6589400000000001,14.833333333333334,8,3,1.8340999999999998,3,2.13327,2.13327,0.6589400000000001,5.59375,10
207,ENG-Premier League,2425,2025-01-16 Ipswich-Brighton,1,2024,26805,2025-01-16 19:30:00,285,220,Ipswich,Brighton,BRI,IPS,3,2.0936,2,1.06343,1.06343,0.7953030000000001,10.538461538461538,9,0,0.5738,0,0.268127,0.268127,-0.7953030000000001,11.565217391304348,1
208,ENG-Premier League,2425,2025-01-16 Manchester United-Southampton,1,2024,26811,2025-01-16 20:00:00,89,74,Manchester United,Southampton,SOU,MUN,0,0.4456,1,1.36705,1.36705,-1.74142,12.821428571428571,1,3,2.4094,3,3.10847,3.10847,1.74142,12.411764705882353,15
209,ENG-Premier League,2425,2025-01-18 Arsenal-Aston Villa,1,2024,26812,2025-01-18 17:30:00,83,71,Arsenal,Aston Villa,AVL,ARS,1,1.0373999999999999,2,1.20602,1.20602,-0.43855999999999984,15.0,1,1,1.6845,2,1.64458,1.64458,0.43855999999999984,6.818181818181818,8
210,ENG-Premier League,2425,2025-01-18 Brentford-Liverpool,1,2024,26813,2025-01-18 15:00:00,244,87,Brentford,Liverpool,LIV,BRE,3,2.7965,2,4.16249,4.16249,2.96228,8.16,23,0,0.1391,0,1.20021,1.20021,-2.96228,16.9,8
211,ENG-Premier League,2425,2025-01-18 Leicester-Fulham,1,2024,26817,2025-01-18 15:00:00,75,228,Leicester,Fulham,FLH,LEI,3,2.6144,2,2.36823,2.36823,1.691296,9.80952380952381,10,0,0.25039999999999996,0,0.676934,0.676934,-1.691296,19.0,2
212,ENG-Premier League,2425,2025-01-18 Newcastle United-Bournemouth,1,2024,26819,2025-01-18 12:30:00,86,73,Newcastle United,Bournemouth,BOU,NEW,3,2.5229000000000004,4,2.70174,2.70174,1.863939,6.147058823529412,8,0,0.3428,1,0.837801,0.837801,-1.863939,7.9375,12
213,ENG-Premier League,2425,2025-01-18 West Ham-Crystal Palace,1,2024,26821,2025-01-18 15:00:00,81,78,West Ham,Crystal Palace,CRY,WHU,3,2.6231,2,1.62561,0.864444,0.643382,12.74074074074074,5,0,0.2249,0,0.221062,0.221062,-0.643382,13.85,4
214,ENG-Premier League,2425,2025-01-19 Everton-Tottenham,1,2024,26815,2025-01-19 14:00:00,72,82,Everton,Tottenham,TOT,EVE,0,0.6095,2,1.35719,1.35719,-1.2037000000000002,9.0,8,3,2.1962,3,2.56089,2.56089,1.2037000000000002,12.035714285714286,6
215,ENG-Premier League,2425,2025-01-19 Ipswich-Manchester City,1,2024,26816,2025-01-19 16:30:00,285,88,Ipswich,Manchester City,MCI,IPS,3,2.7443000000000004,6,3.20228,3.20228,2.406643,8.869565217391305,17,0,0.1748,0,0.795637,0.795637,-2.406643,39.8,3
216,ENG-Premier League,2425,2025-01-19 Manchester United-Brighton,1,2024,26818,2025-01-19 14:00:00,89,220,Manchester United,Brighton,BRI,MUN,3,2.0938,3,2.17172,2.17172,1.614659,18.857142857142858,6,0,0.673,1,1.31823,0.557061,-1.614659,8.866666666666667,8
217,ENG-Premier League,2425,2025-01-19 Nottingham Forest-Southampton,1,2024,26820,2025-01-19 14:00:00,249,74,Nottingham Forest,Southampton,SOU,NOT,0,0.4667,2,1.25922,1.25922,-1.1049699999999998,9.823529411764707,2,3,2.3204,3,2.36419,2.36419,1.1049699999999998,12.842105263157896,9
218,ENG-Premier League,2425,2025-01-20 Chelsea-Wolverhampton Wanderers,1,2024,26814,2025-01-20 20:00:00,80,229,Chelsea,Wolverhampton Wanderers,WOL,CHE,0,0.1815,1,1.06726,1.06726,-2.08156,16.045454545454547,10,3,2.7219,3,3.14882,3.14882,2.08156,13.23076923076923,10
219,ENG-Premier League,2425,2025-01-25 Bournemouth-Nottingham Forest,1,2024,26822,2025-01-25 15:00:00,73,249,Bournemouth,Nottingham Forest,NOT,BOU,0,0.3197,0,0.996166,0.996166,-1.829234,7.65,12,3,2.5601000000000003,5,2.8254,2.8254,1.829234,7.666666666666667,6
220,ENG-Premier League,2425,2025-01-25 Brighton-Everton,1,2024,26824,2025-01-25 15:00:00,220,72,Brighton,Everton,EVE,BRI,3,1.6616,1,0.870883,0.109715,-0.534065,16.68421052631579,2,0,0.9701,0,0.64378,0.64378,0.534065,6.6923076923076925,9
221,ENG-Premier League,2425,2025-01-25 Liverpool-Ipswich,1,2024,26827,2025-01-25 15:00:00,87,285,Liverpool,Ipswich,IPS,LIV,0,0.3684,1,0.804707,0.804707,-1.3633829999999998,11.72,2,3,2.4444,4,2.16809,2.16809,1.3633829999999998,6.551724137931035,15
222,ENG-Premier League,2425,2025-01-25 Manchester City-Chelsea,1,2024,26828,2025-01-25 17:30:00,88,80,Manchester City,Chelsea,CHE,MCI,0,0.8682000000000001,1,1.49843,1.49843,-0.7337000000000002,22.705882352941178,5,3,1.9055999999999997,3,2.23213,2.23213,0.7337000000000002,15.529411764705882,3
223,ENG-Premier League,2425,2025-01-25 Southampton-Newcastle United,1,2024,26829,2025-01-25 15:00:00,74,86,Southampton,Newcastle United,NEW,SOU,3,2.7137,3,3.08319,2.32202,1.4963990000000003,11.181818181818182,11,0,0.1946,1,0.825621,0.825621,-1.4963990000000003,13.555555555555555,2
224,ENG-Premier League,2425,2025-01-25 Wolverhampton Wanderers-Arsenal,1,2024,26831,2025-01-25 15:00:00,229,83,Wolverhampton Wanderers,Arsenal,ARS,WOL,3,1.6851,1,0.887358,0.887358,0.372634,7.733333333333333,2,0,0.9501,0,0.514724,0.514724,-0.372634,6.7407407407407405,0
225,ENG-Premier League,2425,2025-01-26 Aston Villa-West Ham,1,2024,26823,2025-01-26 16:30:00,71,81,Aston Villa,West Ham,WHU,AVL,1,2.0029000000000003,1,1.67886,1.67886,0.771009,6.32258064516129,5,1,0.7566999999999999,1,0.907851,0.907851,-0.771009,8.67741935483871,7
226,ENG-Premier League,2425,2025-01-26 Crystal Palace-Brentford,1,2024,26825,2025-01-26 14:00:00,78,244,Crystal Palace,Brentford,BRE,CRY,3,1.9575,2,1.92037,1.1592,-0.07257000000000002,8.5,11,0,0.7787999999999999,1,1.23177,1.23177,0.07257000000000002,15.454545454545455,9
227,ENG-Premier League,2425,2025-01-26 Fulham-Manchester United,1,2024,26826,2025-01-26 19:00:00,228,89,Fulham,Manchester United,MUN,FLH,3,0.8438,1,0.201988,0.201988,-0.35858300000000004,16.058823529411764,5,0,1.6486999999999998,0,0.560571,0.560571,0.35858300000000004,30.8,3
228,ENG-Premier League,2425,2025-01-26 Tottenham-Leicester,1,2024,26830,2025-01-26 14:00:00,82,75,Tottenham,Leicester,LEI,TOT,3,1.4557,2,1.40469,1.40469,0.1298600000000001,11.25925925925926,5,0,1.1875,1,1.27483,1.27483,-0.1298600000000001,11.4,5
229,ENG-Premier League,2425,2025-02-01 Bournemouth-Liverpool,1,2024,26832,2025-02-01 15:00:00,73,87,Bournemouth,Liverpool,LIV,BOU,3,2.1038,2,2.7219,1.96073,0.30800000000000005,8.636363636363637,11,0,0.7025,0,1.65273,1.65273,-0.30800000000000005,8.192307692307692,5
230,ENG-Premier League,2425,2025-02-01 Everton-Leicester,1,2024,26836,2025-02-01 15:00:00,72,75,Everton,Leicester,LEI,EVE,0,0.1015,0,0.447136,0.447136,-2.665474,12.043478260869565,4,3,2.845,4,3.11261,3.11261,2.665474,17.944444444444443,14
231,ENG-Premier League,2425,2025-02-01 Ipswich-Southampton,1,2024,26837,2025-02-01 15:00:00,285,74,Ipswich,Southampton,SOU,IPS,3,0.7545999999999999,2,1.17566,1.17566,-0.7727900000000001,10.310344827586206,1,0,1.9861,1,1.94845,1.94845,0.7727900000000001,9.041666666666666,5
232,ENG-Premier League,2425,2025-02-01 Newcastle United-Fulham,1,2024,26839,2025-02-01 15:00:00,86,228,Newcastle United,Fulham,FLH,NEW,3,1.6649999999999998,2,1.60881,1.60881,0.38165000000000004,11.736842105263158,5,0,1.0527,1,1.22716,1.22716,-0.38165000000000004,13.6875,10
233,ENG-Premier League,2425,2025-02-01 Nottingham Forest-Brighton,1,2024,26840,2025-02-01 12:30:00,249,220,Nottingham Forest,Brighton,BRI,NOT,0,0.041800000000000004,0,0.756296,0.756296,-2.550234,6.285714285714286,8,3,2.9326,7,4.0677,3.30653,2.550234,19.9375,7
234,ENG-Premier League,2425,2025-02-01 Wolverhampton Wanderers-Aston Villa,1,2024,26841,2025-02-01 17:30:00,229,71,Wolverhampton Wanderers,Aston Villa,AVL,WOL,0,0.45170000000000005,0,0.742809,0.742809,-1.2586509999999997,11.5,4,3,2.3543,2,2.00146,2.00146,1.2586509999999997,12.25,2
235,ENG-Premier League,2425,2025-02-02 Arsenal-Manchester City,1,2024,26833,2025-02-02 16:30:00,83,88,Arsenal,Manchester City,MCI,ARS,0,0.7171,1,0.743191,0.743191,-0.7888289999999999,17.76923076923077,7,3,2.0152,5,1.53202,1.53202,0.7888289999999999,14.466666666666667,6
236,ENG-Premier League,2425,2025-02-02 Brentford-Tottenham,1,2024,26834,2025-02-02 14:00:00,244,82,Brentford,Tottenham,TOT,BRE,3,0.8316,2,0.945355,0.945355,-0.719395,9.083333333333334,4,0,1.9175999999999997,0,1.66475,1.66475,0.719395,12.333333333333334,8
237,ENG-Premier League,2425,2025-02-02 Manchester United-Crystal Palace,1,2024,26838,2025-02-02 14:00:00,89,78,Manchester United,Crystal Palace,CRY,MUN,3,2.1191,2,2.44633,2.44633,0.93927,13.476190476190476,6,0,0.6737,0,1.50706,1.50706,-0.93927,5.565217391304348,18
238,ENG-Premier League,2425,2025-02-03 Chelsea-West Ham,1,2024,26835,2025-02-03 20:00:00,80,81,Chelsea,West Ham,WHU,CHE,0,1.2126000000000001,1,1.1868,1.1868,-0.20385999999999993,30.5,8,3,1.5123000000000002,2,1.39066,1.39066,0.20385999999999993,6.2727272727272725,6
239,ENG-Premier League,2425,2025-02-12 Everton-Liverpool,1,2024,26748,2025-02-12 19:30:00,72,87,Everton,Liverpool,LIV,EVE,1,1.3736000000000002,2,0.929103,0.929103,0.01858000000000004,4.5625,2,1,1.2764000000000002,2,0.910523,0.910523,-0.01858000000000004,17.72222222222222,2
240,ENG-Premier League,2425,2025-02-14 Brighton-Chelsea,1,2024,26843,2025-02-14 20:00:00,220,80,Brighton,Chelsea,CHE,BRI,0,0.3892,0,0.649788,0.649788,-1.4191319999999998,6.193548387096774,9,3,2.4382,3,2.06892,2.06892,1.4191319999999998,17.074074074074073,7
241,ENG-Premier League,2425,2025-02-15 Aston Villa-Ipswich,1,2024,26842,2025-02-15 15:00:00,71,285,Aston Villa,Ipswich,IPS,AVL,1,0.0906,1,0.332864,0.332864,-2.5655460000000003,13.208333333333334,0,1,2.853,1,2.89841,2.89841,2.5655460000000003,7.666666666666667,19
242,ENG-Premier League,2425,2025-02-15 Crystal Palace-Everton,1,2024,26844,2025-02-15 17:30:00,78,72,Crystal Palace,Everton,EVE,CRY,3,0.5251,2,1.01565,1.01565,-1.29081,10.695652173913043,4,0,2.2888,1,2.30646,2.30646,1.29081,9.65,9
243,ENG-Premier League,2425,2025-02-15 Fulham-Nottingham Forest,1,2024,26845,2025-02-15 15:00:00,228,249,Fulham,Nottingham Forest,NOT,FLH,0,0.2265,1,0.331301,0.331301,-1.8786289999999999,25.363636363636363,4,3,2.6468999999999996,2,2.20993,2.20993,1.8786289999999999,13.941176470588236,6
244,ENG-Premier League,2425,2025-02-15 Leicester-Arsenal,1,2024,26846,2025-02-15 12:30:00,75,83,Leicester,Arsenal,ARS,LEI,3,2.6084,2,1.75,1.75,1.516791,6.0,10,0,0.2378,0,0.233209,0.233209,-1.516791,10.461538461538462,3
245,ENG-Premier League,2425,2025-02-15 Manchester City-Newcastle United,1,2024,26848,2025-02-15 15:00:00,88,86,Manchester City,Newcastle United,NEW,MCI,0,0.1307,0,0.157211,0.157211,-1.962829,10.903225806451612,1,3,2.7776,4,2.12004,2.12004,1.962829,15.5,4
246,ENG-Premier League,2425,2025-02-15 Southampton-Bournemouth,1,2024,26849,2025-02-15 15:00:00,74,73,Southampton,Bournemouth,BOU,SOU,3,2.2659000000000002,3,2.08722,2.08722,1.1128019999999998,7.230769230769231,3,0,0.5265,1,0.974418,0.974418,-1.1128019999999998,8.724137931034482,7
247,ENG-Premier League,2425,2025-02-15 West Ham-Brentford,1,2024,26851,2025-02-15 15:00:00,81,244,West Ham,Brentford,BRE,WHU,3,2.3373999999999997,1,1.96499,1.96499,1.291524,8.8125,9,0,0.472,0,0.673466,0.673466,-1.291524,10.052631578947368,8
248,ENG-Premier League,2425,2025-02-16 Liverpool-Wolverhampton Wanderers,1,2024,26847,2025-02-16 14:00:00,87,229,Liverpool,Wolverhampton Wanderers,WOL,LIV,0,0.6923999999999999,1,1.05329,1.05329,-0.0531299999999999,9.25,7,3,2.0721,2,1.86758,1.10642,0.0531299999999999,11.454545454545455,7
249,ENG-Premier League,2425,2025-02-16 Tottenham-Manchester United,1,2024,26850,2025-02-16 16:30:00,82,89,Tottenham,Manchester United,MUN,TOT,0,0.9837,0,1.42652,1.42652,-0.54457,11.5,8,3,1.7798999999999998,1,1.97109,1.97109,0.54457,9.636363636363637,15
250,ENG-Premier League,2425,2025-02-19 Aston Villa-Liverpool,1,2024,26884,2025-02-19 15:00:00,71,87,Aston Villa,Liverpool,LIV,AVL,1,2.1182,2,2.04279,2.04279,1.0201,13.277777777777779,17,1,0.6596,2,1.02269,1.02269,-1.0201,11.5,13
251,ENG-Premier League,2425,2025-02-21 Leicester-Brentford,1,2024,26858,2025-02-21 20:00:00,75,244,Leicester,Brentford,BRE,LEI,3,2.3359,4,2.03465,2.03465,1.306749,10.764705882352942,8,0,0.4696,0,0.727901,0.727901,-1.306749,18.916666666666668,9
252,ENG-Premier League,2425,2025-02-22 Arsenal-West Ham,1,2024,26853,2025-02-22 15:00:00,83,81,Arsenal,West Ham,WHU,ARS,3,1.1057000000000001,1,1.02684,1.02684,-0.3458000000000001,13.761904761904763,1,0,1.5830000000000002,0,1.37264,1.37264,0.3458000000000001,5.193548387096774,15
253,ENG-Premier League,2425,2025-02-22 Aston Villa-Chelsea,1,2024,26854,2025-02-22 17:30:00,71,80,Aston Villa,Chelsea,CHE,AVL,0,0.9803,1,2.17418,2.17418,-0.5199500000000001,11.72,7,3,1.7705000000000002,2,2.69413,2.69413,0.5199500000000001,9.642857142857142,5
254,ENG-Premier League,2425,2025-02-22 Bournemouth-Wolverhampton Wanderers,1,2024,26852,2025-02-22 15:00:00,73,229,Bournemouth,Wolverhampton Wanderers,WOL,BOU,3,2.4786,1,2.10124,2.10124,1.4715490000000002,5.387096774193548,5,0,0.3528,0,0.629691,0.629691,-1.4715490000000002,8.333333333333334,8
255,ENG-Premier League,2425,2025-02-22 Everton-Manchester United,1,2024,26855,2025-02-22 12:30:00,72,89,Everton,Manchester United,MUN,EVE,1,0.369,2,0.645685,0.645685,-1.458755,6.391304347826087,5,1,2.4612000000000003,2,2.10444,2.10444,1.458755,14.043478260869565,6
256,ENG-Premier League,2425,2025-02-22 Fulham-Crystal Palace,1,2024,26856,2025-02-22 15:00:00,228,78,Fulham,Crystal Palace,CRY,FLH,3,2.4812999999999996,2,1.46203,1.46203,1.22777,17.666666666666668,5,0,0.318,0,0.23426,0.23426,-1.22777,7.12,8
257,ENG-Premier League,2425,2025-02-22 Ipswich-Tottenham,1,2024,26857,2025-02-22 15:00:00,285,82,Ipswich,Tottenham,TOT,IPS,3,1.7563000000000002,4,1.58741,1.58741,0.4335199999999999,9.0,7,0,0.958,1,1.15389,1.15389,-0.4335199999999999,10.228571428571428,4
258,ENG-Premier League,2425,2025-02-22 Southampton-Brighton,1,2024,26861,2025-02-22 15:00:00,74,220,Southampton,Brighton,BRI,SOU,3,2.9958,4,5.12018,5.12018,4.966033,9.777777777777779,6,0,0.0021,0,0.154147,0.154147,-4.966033,9.846153846153847,1
259,ENG-Premier League,2425,2025-02-23 Manchester City-Liverpool,1,2024,26859,2025-02-23 16:30:00,88,87,Manchester City,Liverpool,LIV,MCI,3,1.5565,2,0.807058,0.807058,0.22457800000000006,21.2,7,0,1.0677999999999999,0,0.58248,0.58248,-0.22457800000000006,18.90909090909091,9
260,ENG-Premier League,2425,2025-02-23 Newcastle United-Nottingham Forest,1,2024,26860,2025-02-23 14:00:00,86,249,Newcastle United,Nottingham Forest,NOT,NEW,0,0.6869000000000001,3,2.38603,2.38603,-0.3113800000000002,10.958333333333334,7,3,2.1107,4,3.45858,2.69741,0.3113800000000002,6.75,5
261,ENG-Premier League,2425,2025-02-25 Brighton-Bournemouth,1,2024,26863,2025-02-25 19:30:00,220,73,Brighton,Bournemouth,BOU,BRI,0,0.7937,1,1.70169,1.70169,-0.11641000000000012,4.588235294117647,8,3,1.9919,2,2.57927,1.8181,0.11641000000000012,11.619047619047619,7
262,ENG-Premier League,2425,2025-02-25 Chelsea-Southampton,1,2024,26869,2025-02-25 20:15:00,80,74,Chelsea,Southampton,SOU,CHE,0,0.25460000000000005,0,0.845039,0.845039,-2.1373010000000003,21.866666666666667,4,3,2.6348,4,2.98234,2.98234,2.1373010000000003,13.75,18
263,ENG-Premier League,2425,2025-02-25 Crystal Palace-Aston Villa,1,2024,26868,2025-02-25 19:30:00,78,71,Crystal Palace,Aston Villa,AVL,CRY,0,0.0199,1,0.667217,0.667217,-3.358003,5.714285714285714,1,3,2.9674,4,4.02522,4.02522,3.358003,6.428571428571429,9
264,ENG-Premier League,2425,2025-02-25 Wolverhampton Wanderers-Fulham,1,2024,26867,2025-02-25 19:30:00,229,228,Wolverhampton Wanderers,Fulham,FLH,WOL,3,1.7796,2,1.43473,1.43473,0.505757,13.083333333333334,4,0,0.9564,1,0.928973,0.928973,-0.505757,13.411764705882353,2
265,ENG-Premier League,2425,2025-02-26 Brentford-Everton,1,2024,26862,2025-02-26 19:30:00,244,72,Brentford,Everton,EVE,BRE,1,1.4206999999999999,1,1.44955,1.44955,0.10945999999999989,31.875,4,1,1.2521,1,1.34009,1.34009,-0.10945999999999989,13.625,6
266,ENG-Premier League,2425,2025-02-26 Liverpool-Newcastle United,1,2024,26870,2025-02-26 20:15:00,87,86,Liverpool,Newcastle United,NEW,LIV,0,0.5595,0,0.45882,0.45882,-0.9414499999999999,19.5,3,3,2.1678,2,1.40027,1.40027,0.9414499999999999,6.777777777777778,8
267,ENG-Premier League,2425,2025-02-26 Manchester United-Ipswich,1,2024,26871,2025-02-26 19:30:00,89,285,Manchester United,Ipswich,IPS,MUN,0,0.9478,2,1.04498,1.04498,-0.35704,8.708333333333334,8,3,1.7134,3,1.40202,1.40202,0.35704,15.461538461538462,4
268,ENG-Premier League,2425,2025-02-26 Nottingham Forest-Arsenal,1,2024,26864,2025-02-26 19:30:00,249,83,Nottingham Forest,Arsenal,ARS,NOT,1,2.0645,0,1.31766,1.31766,0.809049,5.3478260869565215,7,1,0.6533,0,0.508611,0.508611,-0.809049,13.117647058823529,4
269,ENG-Premier League,2425,2025-02-26 Tottenham-Manchester City,1,2024,26865,2025-02-26 19:30:00,82,88,Tottenham,Manchester City,MCI,TOT,3,2.1733000000000002,1,2.38641,2.38641,1.1021500000000002,13.423076923076923,11,0,0.6301,0,1.28426,1.28426,-1.1021500000000002,10.458333333333334,5
270,ENG-Premier League,2425,2025-02-27 West Ham-Leicester,1,2024,26866,2025-02-27 20:00:00,81,75,West Ham,Leicester,LEI,WHU,0,0.2054,0,0.289578,0.289578,-1.4147919999999998,20.11111111111111,0,3,2.6633,2,1.70437,1.70437,1.4147919999999998,14.473684210526315,6
271,ENG-Premier League,2425,2025-03-08 Brentford-Aston Villa,1,2024,26872,2025-03-08 17:30:00,244,71,Brentford,Aston Villa,AVL,BRE,3,1.9199,1,1.29638,1.29638,0.6586370000000001,20.25,5,0,0.7849999999999999,0,0.637743,0.637743,-0.6586370000000001,5.777777777777778,10
272,ENG-Premier League,2425,2025-03-08 Brighton-Fulham,1,2024,26873,2025-03-08 15:00:00,220,228,Brighton,Fulham,FLH,BRI,0,0.3972,1,0.708227,0.708227,-0.474773,22.153846153846153,1,3,2.4018,2,1.94417,1.183,0.474773,9.0,11
273,ENG-Premier League,2425,2025-03-08 Crystal Palace-Ipswich,1,2024,26875,2025-03-08 15:00:00,78,285,Crystal Palace,Ipswich,IPS,CRY,0,0.498,0,1.63282,1.63282,-1.5059700000000003,16.0,1,3,2.3349,1,3.13879,3.13879,1.5059700000000003,5.866666666666666,1
274,ENG-Premier League,2425,2025-03-08 Liverpool-Southampton,1,2024,26876,2025-03-08 15:00:00,87,74,Liverpool,Southampton,SOU,LIV,0,0.0095,1,0.511566,0.511566,-2.956054,19.833333333333332,0,3,2.9843,3,4.98996,3.46762,2.956054,4.823529411764706,19
275,ENG-Premier League,2425,2025-03-08 Nottingham Forest-Manchester City,1,2024,26878,2025-03-08 12:30:00,249,88,Nottingham Forest,Manchester City,MCI,NOT,0,1.512,0,0.721234,0.721234,0.219758,7.625,6,3,1.0776,1,0.501476,0.501476,-0.219758,13.869565217391305,3
276,ENG-Premier League,2425,2025-03-08 Wolverhampton Wanderers-Everton,1,2024,26881,2025-03-08 20:00:00,229,72,Wolverhampton Wanderers,Everton,EVE,WOL,1,1.843,1,1.3672,1.3672,0.5547679999999999,10.264705882352942,3,1,0.8695,1,0.812432,0.812432,-0.5547679999999999,9.263157894736842,7
277,ENG-Premier League,2425,2025-03-09 Chelsea-Leicester,1,2024,26874,2025-03-09 14:00:00,80,75,Chelsea,Leicester,LEI,CHE,0,0.1337,0,0.108487,0.108487,-0.8987830000000001,10.96,1,3,2.7635000000000005,1,1.76844,1.00727,0.8987830000000001,12.523809523809524,16
278,ENG-Premier League,2425,2025-03-09 Manchester United-Arsenal,1,2024,26877,2025-03-09 16:30:00,89,83,Manchester United,Arsenal,ARS,MUN,1,1.7511999999999999,1,1.82996,1.82996,0.5188900000000001,8.117647058823529,9,1,0.9984999999999999,1,1.31107,1.31107,-0.5188900000000001,16.0,9
279,ENG-Premier League,2425,2025-03-09 Tottenham-Bournemouth,1,2024,26879,2025-03-09 14:00:00,82,73,Tottenham,Bournemouth,BOU,TOT,1,2.0221,2,2.22536,2.22536,1.6360009999999998,7.861111111111111,7,1,0.7423,2,1.35053,0.589359,-1.6360009999999998,6.884615384615385,5
280,ENG-Premier League,2425,2025-03-10 West Ham-Newcastle United,1,2024,26880,2025-03-10 20:00:00,81,86,West Ham,Newcastle United,NEW,WHU,3,2.0603,1,1.62976,1.62976,0.8057740000000001,11.952380952380953,10,0,0.6674,0,0.823986,0.823986,-0.8057740000000001,12.0,0
281,ENG-Premier League,2425,2025-03-15 Bournemouth-Brentford,1,2024,26882,2025-03-15 17:30:00,73,244,Bournemouth,Brentford,BRE,BOU,3,1.0781,2,1.60321,1.60321,-0.42393000000000014,7.8,8,0,1.6718,1,2.02714,2.02714,0.42393000000000014,7.285714285714286,17
282,ENG-Premier League,2425,2025-03-15 Everton-West Ham,1,2024,26885,2025-03-15 15:00:00,72,81,Everton,West Ham,WHU,EVE,1,0.7173,1,0.516029,0.516029,-0.6729710000000001,25.0,7,1,1.9838999999999998,1,1.189,1.189,0.6729710000000001,8.923076923076923,5
283,ENG-Premier League,2425,2025-03-15 Ipswich-Nottingham Forest,1,2024,26887,2025-03-15 15:00:00,285,249,Ipswich,Nottingham Forest,NOT,IPS,3,2.0561999999999996,4,1.30722,1.30722,0.786381,11.5,7,0,0.6642000000000001,2,0.520839,0.520839,-0.786381,21.428571428571427,1
284,ENG-Premier League,2425,2025-03-15 Manchester City-Brighton,1,2024,26889,2025-03-15 15:00:00,88,220,Manchester City,Brighton,BRI,MCI,1,1.4439,2,2.11119,2.11119,0.8459400000000001,18.2,8,1,1.3104,2,2.02642,1.26525,-0.8459400000000001,10.647058823529411,6
285,ENG-Premier League,2425,2025-03-15 Southampton-Wolverhampton Wanderers,1,2024,26891,2025-03-15 15:00:00,74,229,Southampton,Wolverhampton Wanderers,WOL,SOU,3,0.6667000000000001,2,0.540718,0.540718,-0.741382,12.357142857142858,3,0,2.0458,1,1.2821,1.2821,0.741382,11.454545454545455,6
286,ENG-Premier League,2425,2025-03-16 Arsenal-Chelsea,1,2024,26883,2025-03-16 13:30:00,83,80,Arsenal,Chelsea,CHE,ARS,0,0.8559000000000001,0,0.286036,0.286036,-0.409689,11.588235294117647,0,3,1.6941,1,0.695725,0.695725,0.409689,13.88888888888889,6
287,ENG-Premier League,2425,2025-03-16 Fulham-Tottenham,1,2024,26886,2025-03-16 13:30:00,228,82,Fulham,Tottenham,TOT,FLH,0,1.6906999999999999,0,1.40865,1.40865,0.36898999999999993,10.037037037037036,7,3,1.0252999999999999,2,1.03966,1.03966,-0.36898999999999993,8.75,9
288,ENG-Premier League,2425,2025-03-16 Leicester-Manchester United,1,2024,26888,2025-03-16 19:00:00,75,89,Leicester,Manchester United,MUN,LEI,3,1.2156,3,1.13892,1.13892,-0.16563000000000017,14.954545454545455,2,0,1.4946000000000002,0,1.30455,1.30455,0.16563000000000017,10.538461538461538,6
289,ENG-Premier League,2425,2025-04-01 Arsenal-Fulham,1,2024,26892,2025-04-01 19:45:00,83,228,Arsenal,Fulham,FLH,ARS,0,0.7285,1,1.44206,1.44206,-0.8598300000000003,20.285714285714285,2,3,2.0167,2,2.30189,2.30189,0.8598300000000003,16.8,11
290,ENG-Premier League,2425,2025-04-01 Nottingham Forest-Manchester United,1,2024,26894,2025-04-01 20:00:00,249,89,Nottingham Forest,Manchester United,MUN,NOT,0,2.3869999999999996,0,1.86688,1.86688,1.3548170000000002,4.5,13,3,0.422,1,0.512063,0.512063,-1.3548170000000002,21.705882352941178,5
291,ENG-Premier League,2425,2025-04-01 Wolverhampton Wanderers-West Ham,1,2024,26895,2025-04-01 19:45:00,229,81,Wolverhampton Wanderers,West Ham,WHU,WOL,0,1.8761999999999999,0,1.73057,1.73057,0.6269799999999999,8.071428571428571,5,3,0.8547,1,1.10359,1.10359,-0.6269799999999999,14.0,6
292,ENG-Premier League,2425,2025-04-02 Bournemouth-Ipswich,1,2024,26896,2025-04-02 19:45:00,73,285,Bournemouth,Ipswich,IPS,BOU,3,0.9074,2,1.41263,1.41263,-0.5837399999999999,15.666666666666666,6,0,1.8446,1,1.99637,1.99637,0.5837399999999999,5.233333333333333,7
293,ENG-Premier League,2425,2025-04-02 Brighton-Aston Villa,1,2024,26893,2025-04-02 19:45:00,220,71,Brighton,Aston Villa,AVL,BRI,3,1.9562,3,1.20715,1.20715,0.649141,12.5,4,0,0.7490000000000001,0,0.558009,0.558009,-0.649141,7.5,12
294,ENG-Premier League,2425,2025-04-02 Liverpool-Everton,1,2024,26901,2025-04-02 20:00:00,87,72,Liverpool,Everton,EVE,LIV,0,0.9608000000000001,0,0.823136,0.823136,-0.474044,16.705882352941178,3,3,1.7384,1,1.29718,1.29718,0.474044,4.318181818181818,10
295,ENG-Premier League,2425,2025-04-02 Manchester City-Leicester,1,2024,26898,2025-04-02 19:45:00,88,75,Manchester City,Leicester,LEI,MCI,0,0.14629999999999999,0,0.104741,0.104741,-1.966909,35.0,1,3,2.7422,2,2.07165,2.07165,1.966909,8.545454545454545,18
296,ENG-Premier League,2425,2025-04-02 Newcastle United-Brentford,1,2024,26899,2025-04-02 19:45:00,86,244,Newcastle United,Brentford,BRE,NEW,0,0.8807,1,1.53201,0.770838,-1.495002,7.72,7,3,1.8812,2,2.26584,2.26584,1.495002,9.91304347826087,7
297,ENG-Premier League,2425,2025-04-02 Southampton-Crystal Palace,1,2024,26900,2025-04-02 19:45:00,74,78,Southampton,Crystal Palace,CRY,SOU,1,1.5808,1,0.93776,0.93776,0.250456,15.642857142857142,8,1,1.0684,1,0.687304,0.687304,-0.250456,12.0,3
298,ENG-Premier League,2425,2025-04-03 Chelsea-Tottenham,1,2024,26897,2025-04-03 19:00:00,80,82,Chelsea,Tottenham,TOT,CHE,0,1.4399,0,1.40274,1.40274,0.09831000000000012,11.777777777777779,9,3,1.259,1,1.30443,1.30443,-0.09831000000000012,12.714285714285714,6
299,ENG-Premier League,2425,2025-04-05 Aston Villa-Nottingham Forest,1,2024,26902,2025-04-05 16:30:00,71,249,Aston Villa,Nottingham Forest,NOT,AVL,0,0.4008,1,0.96769,0.96769,-1.6658,10.521739130434783,4,3,2.4585,2,2.63349,2.63349,1.6658,9.947368421052632,7
300,ENG-Premier League,2425,2025-04-05 Crystal Palace-Brighton,1,2024,26904,2025-04-05 14:00:00,78,220,Crystal Palace,Brighton,BRI,CRY,0,2.1576,1,1.27226,1.27226,0.828295,7.791666666666667,7,3,0.5775,2,0.443965,0.443965,-0.828295,16.105263157894736,1
301,ENG-Premier League,2425,2025-04-05 Everton-Arsenal,1,2024,26905,2025-04-05 11:30:00,72,83,Everton,Arsenal,ARS,EVE,1,1.4371,1,1.4031,1.4031,0.935523,3.55,7,1,1.2601,1,1.22875,0.467577,-0.935523,11.791666666666666,3
302,ENG-Premier League,2425,2025-04-05 Ipswich-Wolverhampton Wanderers,1,2024,26907,2025-04-05 14:00:00,285,229,Ipswich,Wolverhampton Wanderers,WOL,IPS,3,2.6502,2,2.8096,2.8096,1.9372440000000002,8.7,8,0,0.2274,1,0.872356,0.872356,-1.9372440000000002,12.555555555555555,5
303,ENG-Premier League,2425,2025-04-05 West Ham-Bournemouth,1,2024,26911,2025-04-05 14:00:00,81,73,West Ham,Bournemouth,BOU,WHU,1,2.2605000000000004,2,1.94869,1.94869,1.040858,8.25,6,1,0.525,2,0.907832,0.907832,-1.040858,8.173913043478262,5
304,ENG-Premier League,2425,2025-04-06 Brentford-Chelsea,1,2024,26903,2025-04-06 13:00:00,244,80,Brentford,Chelsea,CHE,BRE,1,1.4249,0,1.47829,1.47829,0.11706000000000016,8.727272727272727,9,1,1.3049,0,1.36123,1.36123,-0.11706000000000016,13.0,9
305,ENG-Premier League,2425,2025-04-06 Fulham-Liverpool,1,2024,26906,2025-04-06 13:00:00,228,87,Fulham,Liverpool,LIV,FLH,0,1.1121999999999999,2,1.40638,1.40638,-0.3212600000000001,6.428571428571429,8,3,1.6276,3,1.72764,1.72764,0.3212600000000001,21.733333333333334,6
306,ENG-Premier League,2425,2025-04-06 Manchester United-Manchester City,1,2024,26909,2025-04-06 15:30:00,89,88,Manchester United,Manchester City,MCI,MUN,1,0.8709,0,0.687894,0.687894,-0.5452760000000001,10.454545454545455,1,1,1.8164999999999998,0,1.23317,1.23317,0.5452760000000001,13.523809523809524,11
307,ENG-Premier League,2425,2025-04-06 Tottenham-Southampton,1,2024,26910,2025-04-06 13:00:00,82,74,Tottenham,Southampton,SOU,TOT,0,0.27590000000000003,1,0.780439,0.780439,-1.106391,8.764705882352942,5,3,2.6009,3,2.648,1.88683,1.106391,7.7272727272727275,10
308,ENG-Premier League,2425,2025-04-07 Leicester-Newcastle United,1,2024,26908,2025-04-07 19:00:00,75,86,Leicester,Newcastle United,NEW,LEI,3,2.9585000000000004,3,3.44111,3.44111,3.086535,12.518518518518519,5,0,0.0242,0,0.354575,0.354575,-3.086535,10.416666666666666,6
309,ENG-Premier League,2425,2025-04-12 Arsenal-Brentford,1,2024,26913,2025-04-12 16:30:00,83,244,Arsenal,Brentford,BRE,ARS,1,1.1554,1,0.588583,0.588583,-0.178786,10.631578947368421,6,1,1.4515,1,0.767369,0.767369,0.178786,12.23076923076923,9
310,ENG-Premier League,2425,2025-04-12 Brighton-Leicester,1,2024,26914,2025-04-12 14:00:00,220,75,Brighton,Leicester,LEI,BRI,1,0.44780000000000003,2,1.98444,1.98444,-0.1910200000000002,17.705882352941178,4,1,2.4116,2,3.6978,2.17546,0.1910200000000002,8.8,17
311,ENG-Premier League,2425,2025-04-12 Manchester City-Crystal Palace,1,2024,26917,2025-04-12 11:30:00,88,78,Manchester City,Crystal Palace,CRY,MCI,0,0.066,2,1.33808,1.33808,-3.2591600000000005,46.22222222222222,5,3,2.8965,5,4.59724,4.59724,3.2591600000000005,8.923076923076923,10
312,ENG-Premier League,2425,2025-04-12 Nottingham Forest-Everton,1,2024,26920,2025-04-12 14:00:00,249,72,Nottingham Forest,Everton,EVE,NOT,3,2.092,1,1.26036,1.26036,0.8364109999999999,11.333333333333334,9,0,0.6268,0,0.423949,0.423949,-0.8364109999999999,22.1,1
313,ENG-Premier League,2425,2025-04-12 Southampton-Aston Villa,1,2024,26921,2025-04-12 14:00:00,74,71,Southampton,Aston Villa,AVL,SOU,3,2.8997,3,2.99927,1.36951,0.957254,10.952380952380953,13,0,0.0602,0,0.412256,0.412256,-0.957254,22.90909090909091,1
314,ENG-Premier League,2425,2025-04-13 Chelsea-Ipswich,1,2024,26915,2025-04-13 13:00:00,80,285,Chelsea,Ipswich,IPS,CHE,1,0.6135999999999999,2,1.60301,1.60301,-1.3045699999999998,22.818181818181817,3,1,2.2177000000000002,2,2.90758,2.90758,1.3045699999999998,4.16,15
315,ENG-Premier League,2425,2025-04-13 Liverpool-West Ham,1,2024,26916,2025-04-13 13:00:00,87,81,Liverpool,West Ham,WHU,LIV,0,1.4093,1,1.46598,1.46598,0.036960000000000104,17.0,6,3,1.3169,2,1.42902,1.42902,-0.036960000000000104,8.903225806451612,14
316,ENG-Premier League,2425,2025-04-13 Newcastle United-Manchester United,1,2024,26918,2025-04-13 15:30:00,86,89,Newcastle United,Manchester United,MUN,NEW,0,0.24219999999999997,1,0.786568,0.786568,-1.8517320000000002,11.38888888888889,3,3,2.6407000000000003,4,2.6383,2.6383,1.8517320000000002,7.621621621621622,10
317,ENG-Premier League,2425,2025-04-13 Wolverhampton Wanderers-Tottenham,1,2024,26919,2025-04-13 13:00:00,229,82,Wolverhampton Wanderers,Tottenham,TOT,WOL,0,0.9329000000000001,2,1.62887,1.62887,-0.6008999999999998,8.043478260869565,9,3,1.8094999999999999,4,2.22977,2.22977,0.6008999999999998,15.238095238095237,4
318,ENG-Premier League,2425,2025-04-14 Bournemouth-Fulham,1,2024,26912,2025-04-14 19:00:00,73,228,Bournemouth,Fulham,FLH,BOU,0,0.7413,0,1.07203,1.07203,-0.7856699999999999,9.61111111111111,10,3,2.0067,1,1.8577,1.8577,0.7856699999999999,11.736842105263158,4
319,ENG-Premier League,2425,2025-04-16 Newcastle United-Crystal Palace,1,2024,26890,2025-04-16 18:30:00,86,78,Newcastle United,Crystal Palace,CRY,NEW,0,1.4393,0,2.37548,1.61431,-0.7151600000000002,16.136363636363637,9,3,1.3172000000000001,5,2.32947,2.32947,0.7151600000000002,13.583333333333334,9
320,ENG-Premier League,2425,2025-04-19 Aston Villa-Newcastle United,1,2024,26922,2025-04-19 16:30:00,71,86,Aston Villa,Newcastle United,NEW,AVL,0,0.38770000000000004,1,1.27176,1.27176,-1.7819500000000001,13.875,8,3,2.47,4,3.05371,3.05371,1.7819500000000001,11.227272727272727,10
321,ENG-Premier League,2425,2025-04-19 Brentford-Brighton,1,2024,26923,2025-04-19 14:00:00,244,220,Brentford,Brighton,BRI,BRE,0,0.4121,2,1.24107,1.24107,-1.71409,15.333333333333334,10,3,2.4490999999999996,4,2.95516,2.95516,1.71409,14.333333333333334,14
322,ENG-Premier League,2425,2025-04-19 Crystal Palace-Bournemouth,1,2024,26924,2025-04-19 14:00:00,78,73,Crystal Palace,Bournemouth,BOU,CRY,1,1.5989,0,0.664093,0.664093,0.32627500000000004,6.6923076923076925,8,1,0.9461,0,0.337818,0.337818,-0.32627500000000004,16.0625,4
323,ENG-Premier League,2425,2025-04-19 Everton-Manchester City,1,2024,26925,2025-04-19 14:00:00,72,88,Everton,Manchester City,MCI,EVE,3,2.231,2,1.87989,1.87989,1.0630600000000001,10.9375,11,0,0.5501,0,0.81683,0.81683,-1.0630600000000001,17.7,4
324,ENG-Premier League,2425,2025-04-19 West Ham-Southampton,1,2024,26931,2025-04-19 14:00:00,81,74,West Ham,Southampton,SOU,WHU,1,1.3031,1,0.922877,0.922877,-0.0613530000000001,14.05,9,1,1.3721,1,0.98423,0.98423,0.0613530000000001,21.181818181818183,8
325,ENG-Premier League,2425,2025-04-20 Fulham-Chelsea,1,2024,26926,2025-04-20 13:00:00,228,80,Fulham,Chelsea,CHE,FLH,3,1.7488000000000001,2,0.75172,0.75172,0.44559800000000005,13.0625,11,0,0.8209000000000001,1,0.306122,0.306122,-0.44559800000000005,16.31578947368421,2
326,ENG-Premier League,2425,2025-04-20 Ipswich-Arsenal,1,2024,26927,2025-04-20 13:00:00,285,83,Ipswich,Arsenal,ARS,IPS,3,2.8678,4,2.81362,2.81362,2.6207409999999998,7.85,30,0,0.0769,0,0.192879,0.192879,-2.6207409999999998,19.866666666666667,2
327,ENG-Premier League,2425,2025-04-20 Leicester-Liverpool,1,2024,26928,2025-04-20 15:30:00,75,87,Leicester,Liverpool,LIV,LEI,3,2.9824,1,4.52706,4.52706,4.294855,12.578947368421053,17,0,0.01,0,0.232205,0.232205,-4.294855,14.61111111111111,3
328,ENG-Premier League,2425,2025-04-20 Manchester United-Wolverhampton Wanderers,1,2024,26929,2025-04-20 13:00:00,89,229,Manchester United,Wolverhampton Wanderers,WOL,MUN,3,0.44310000000000005,1,0.187814,0.187814,-0.9518459999999999,9.35483870967742,3,0,2.2698,0,1.13966,1.13966,0.9518459999999999,7.896551724137931,9
329,ENG-Premier League,2425,2025-04-21 Tottenham-Nottingham Forest,1,2024,26930,2025-04-21 19:00:00,82,249,Tottenham,Nottingham Forest,NOT,TOT,3,0.2521,2,0.557682,0.557682,-1.844718,12.666666666666666,1,0,2.6125000000000003,1,2.4024,2.4024,1.844718,5.476190476190476,5
330,ENG-Premier League,2425,2025-04-22 Manchester City-Aston Villa,1,2024,26937,2025-04-22 19:00:00,88,71,Manchester City,Aston Villa,AVL,MCI,0,1.762,1,1.85906,1.09789,-0.26442999999999994,17.785714285714285,3,3,0.9816999999999999,2,1.36232,1.36232,0.26442999999999994,10.555555555555555,3
331,ENG-Premier League,2425,2025-04-23 Arsenal-Crystal Palace,1,2024,26933,2025-04-23 19:00:00,83,78,Arsenal,Crystal Palace,CRY,ARS,1,1.7776,2,2.50515,2.50515,0.5836600000000001,30.1875,7,1,0.9802,2,1.92149,1.92149,-0.5836600000000001,13.0,6
332,ENG-Premier League,2425,2025-04-26 Brighton-West Ham,1,2024,26934,2025-04-26 14:00:00,220,81,Brighton,West Ham,WHU,BRI,0,1.3068,2,1.24134,1.24134,-0.05298999999999987,24.0,10,3,1.389,3,1.29433,1.29433,0.05298999999999987,9.166666666666666,10
333,ENG-Premier League,2425,2025-04-26 Chelsea-Everton,1,2024,26935,2025-04-26 11:30:00,80,72,Chelsea,Everton,EVE,CHE,0,1.4964,0,0.916838,0.916838,0.14852500000000002,14.619047619047619,0,3,1.1564999999999999,1,0.768313,0.768313,-0.14852500000000002,10.576923076923077,2
334,ENG-Premier League,2425,2025-04-26 Newcastle United-Ipswich,1,2024,26938,2025-04-26 14:00:00,86,285,Newcastle United,Ipswich,IPS,NEW,0,0.0045,0,0.127203,0.127203,-3.2270269999999996,23.7,1,3,2.9913,3,4.11539,3.35423,3.2270269999999996,5.928571428571429,23
335,ENG-Premier League,2425,2025-04-26 Southampton-Fulham,1,2024,26940,2025-04-26 14:00:00,74,228,Southampton,Fulham,FLH,SOU,3,2.0890999999999997,2,1.9956,1.9956,1.060019,7.416666666666667,8,0,0.6812,1,0.935581,0.935581,-1.060019,16.214285714285715,2
336,ENG-Premier League,2425,2025-04-26 Wolverhampton Wanderers-Leicester,1,2024,26941,2025-04-26 14:00:00,229,75,Wolverhampton Wanderers,Leicester,LEI,WOL,0,0.3266,0,1.04978,0.288615,-2.288045,10.783783783783784,4,3,2.4926,3,2.57666,2.57666,2.288045,19.5,11
337,ENG-Premier League,2425,2025-04-27 Bournemouth-Manchester United,1,2024,26932,2025-04-27 13:00:00,73,89,Bournemouth,Manchester United,MUN,BOU,1,2.3313,1,1.91039,1.91039,1.30044,7.294117647058823,15,1,0.47250000000000003,1,0.60995,0.60995,-1.30044,10.0,4
338,ENG-Premier League,2425,2025-04-27 Liverpool-Tottenham,1,2024,26936,2025-04-27 15:30:00,87,82,Liverpool,Tottenham,TOT,LIV,0,0.2047,1,0.512812,0.512812,-1.998228,24.307692307692307,5,3,2.6835999999999998,5,2.51104,2.51104,1.998228,6.0,13
339,ENG-Premier League,2425,2025-05-01 Nottingham Forest-Brentford,1,2024,26939,2025-05-01 18:30:00,249,244,Nottingham Forest,Brentford,BRE,NOT,3,2.0707999999999998,2,1.52054,1.52054,0.849933,12.125,5,0,0.6803,0,0.670607,0.670607,-0.849933,12.1875,8
340,ENG-Premier League,2425,2025-05-02 Manchester City-Wolverhampton Wanderers,1,2024,26942,2025-05-02 19:00:00,88,229,Manchester City,Wolverhampton Wanderers,WOL,MCI,0,1.0674000000000001,0,0.622455,0.622455,-0.237008,15.727272727272727,2,3,1.5434999999999999,1,0.859463,0.859463,0.237008,11.952380952380953,11
341,ENG-Premier League,2425,2025-05-03 Arsenal-Bournemouth,1,2024,26945,2025-05-03 16:30:00,83,73,Arsenal,Bournemouth,BOU,ARS,3,0.9253,2,1.41783,1.41783,-0.6370100000000001,8.75,3,0,1.819,1,2.05484,2.05484,0.6370100000000001,12.777777777777779,10
342,ENG-Premier League,2425,2025-05-03 Aston Villa-Fulham,1,2024,26946,2025-05-03 11:30:00,71,228,Aston Villa,Fulham,FLH,AVL,0,0.8140000000000001,0,0.702787,0.702787,-0.587343,9.857142857142858,7,3,1.8952,1,1.29013,1.29013,0.587343,19.90909090909091,5
343,ENG-Premier League,2425,2025-05-03 Everton-Ipswich,1,2024,26950,2025-05-03 14:00:00,72,285,Everton,Ipswich,IPS,EVE,1,1.6430000000000002,2,1.14351,1.14351,0.335029,18.0,2,1,1.0232,2,0.808481,0.808481,-0.335029,10.166666666666666,2
344,ENG-Premier League,2425,2025-05-03 Leicester-Southampton,1,2024,26951,2025-05-03 14:00:00,75,74,Leicester,Southampton,SOU,LEI,0,0.5436,0,0.550774,0.550774,-1.056616,16.736842105263158,2,3,2.2218,2,1.60739,1.60739,1.056616,12.478260869565217,2
345,ENG-Premier League,2425,2025-05-04 Brentford-Manchester United,1,2024,26947,2025-05-04 13:00:00,244,89,Brentford,Manchester United,MUN,BRE,0,0.1782,3,1.13404,1.13404,-2.4533300000000002,9.041666666666666,7,3,2.7417,4,3.58737,3.58737,2.4533300000000002,10.0,4
346,ENG-Premier League,2425,2025-05-04 Brighton-Newcastle United,1,2024,26944,2025-05-04 13:00:00,220,86,Brighton,Newcastle United,NEW,BRI,1,2.1753,1,1.63777,0.876604,0.18874100000000005,9.55,12,1,0.5700000000000001,1,0.687863,0.687863,-0.18874100000000005,13.777777777777779,1
347,ENG-Premier League,2425,2025-05-04 Chelsea-Liverpool,1,2024,26948,2025-05-04 15:30:00,80,87,Chelsea,Liverpool,LIV,CHE,0,0.28759999999999997,1,1.4267,1.4267,-1.33158,14.4,9,3,2.6048000000000004,3,3.51944,2.75828,1.33158,20.789473684210527,9
348,ENG-Premier League,2425,2025-05-04 West Ham-Tottenham,1,2024,26943,2025-05-04 13:00:00,81,82,West Ham,Tottenham,TOT,WHU,1,1.0236,1,0.847022,0.847022,-0.30463799999999985,10.238095238095237,3,1,1.6428000000000003,1,1.15166,1.15166,0.30463799999999985,5.114285714285714,6
349,ENG-Premier League,2425,2025-05-05 Crystal Palace-Nottingham Forest,1,2024,26949,2025-05-05 19:00:00,78,249,Crystal Palace,Nottingham Forest,NOT,CRY,1,0.2897,1,0.63684,0.63684,-0.94236,9.0,5,1,2.5771999999999995,1,2.34037,1.5792,0.94236,11.529411764705882,10
350,ENG-Premier League,2425,2025-05-10 Bournemouth-Aston Villa,1,2024,26955,2025-05-10 16:30:00,73,71,Bournemouth,Aston Villa,AVL,BOU,3,1.4105999999999999,1,1.12376,1.12376,0.10104000000000002,12.0,1,0,1.2057,0,1.02272,1.02272,-0.10104000000000002,4.5,10
351,ENG-Premier League,2425,2025-05-10 Fulham-Everton,1,2024,26953,2025-05-10 14:00:00,228,72,Fulham,Everton,EVE,FLH,3,1.4425999999999999,3,1.32604,1.32604,0.11735000000000007,17.41176470588235,4,0,1.2613999999999999,1,1.20869,1.20869,-0.11735000000000007,8.045454545454545,15
352,ENG-Premier League,2425,2025-05-10 Ipswich-Brentford,1,2024,26954,2025-05-10 14:00:00,285,244,Ipswich,Brentford,BRE,IPS,3,1.8655000000000002,1,1.32077,1.32077,0.603337,11.142857142857142,9,0,0.8407,0,0.717433,0.717433,-0.603337,23.22222222222222,3
353,ENG-Premier League,2425,2025-05-10 Southampton-Manchester City,1,2024,26959,2025-05-10 14:00:00,74,88,Southampton,Manchester City,MCI,SOU,1,2.5125,0,1.58463,1.58463,1.447635,7.363636363636363,24,1,0.2781,0,0.136995,0.136995,-1.447635,17.25,3
354,ENG-Premier League,2425,2025-05-10 Wolverhampton Wanderers-Brighton,1,2024,26961,2025-05-10 14:00:00,229,220,Wolverhampton Wanderers,Brighton,BRI,WOL,3,2.0248999999999997,2,1.41254,0.651374,-0.08257599999999998,11.033333333333333,5,0,0.6833,0,0.73395,0.73395,0.08257599999999998,13.2,7
355,ENG-Premier League,2425,2025-05-11 Liverpool-Arsenal,1,2024,26952,2025-05-11 15:30:00,87,83,Liverpool,Arsenal,ARS,LIV,1,1.0115,2,2.18795,2.18795,-0.5588700000000002,9.772727272727273,11,1,1.7659999999999998,2,2.74682,2.74682,0.5588700000000002,12.047619047619047,10
356,ENG-Premier League,2425,2025-05-11 Manchester United-West Ham,1,2024,26956,2025-05-11 13:15:00,89,81,Manchester United,West Ham,WHU,MUN,3,1.3066,2,2.15985,2.15985,-0.15302000000000016,14.823529411764707,2,0,1.4452,0,2.31287,2.31287,0.15302000000000016,15.857142857142858,9
357,ENG-Premier League,2425,2025-05-11 Newcastle United-Chelsea,1,2024,26957,2025-05-11 11:00:00,86,80,Newcastle United,Chelsea,CHE,NEW,0,0.5624,0,0.646426,0.646426,-1.023874,9.25,6,3,2.2061,2,1.6703,1.6703,1.023874,14.0625,17
358,ENG-Premier League,2425,2025-05-11 Nottingham Forest-Leicester,1,2024,26958,2025-05-11 13:15:00,249,75,Nottingham Forest,Leicester,LEI,NOT,1,0.9512999999999999,2,1.22949,1.22949,-0.5396000000000001,24.7,5,1,1.7835,2,1.76909,1.76909,0.5396000000000001,8.384615384615385,3
359,ENG-Premier League,2425,2025-05-11 Tottenham-Crystal Palace,1,2024,26960,2025-05-11 13:15:00,82,78,Tottenham,Crystal Palace,CRY,TOT,3,2.8668,2,3.98546,3.98546,3.178668,9.954545454545455,10,0,0.0879,0,0.806792,0.806792,-3.178668,9.518518518518519,2
360,ENG-Premier League,2425,2025-05-16 Aston Villa-Tottenham,1,2024,26963,2025-05-16 18:30:00,71,82,Aston Villa,Tottenham,TOT,AVL,0,0.48769999999999997,0,0.523016,0.523016,-1.1675939999999998,26.25,2,3,2.2784000000000004,2,1.69061,1.69061,1.1675939999999998,9.5,19
361,ENG-Premier League,2425,2025-05-16 Chelsea-Manchester United,1,2024,26966,2025-05-16 19:15:00,80,89,Chelsea,Manchester United,MUN,CHE,0,0.4868,0,0.337632,0.337632,-0.958078,8.916666666666666,5,3,2.2511,1,1.29571,1.29571,0.958078,12.375,5
362,ENG-Premier League,2425,2025-05-18 Arsenal-Newcastle United,1,2024,26962,2025-05-18 15:30:00,83,86,Arsenal,Newcastle United,NEW,ARS,0,2.1799,0,2.24634,2.24634,1.08676,9.368421052631579,8,3,0.6165999999999999,1,1.15958,1.15958,-1.08676,11.11111111111111,3
363,ENG-Premier League,2425,2025-05-18 Brentford-Fulham,1,2024,26964,2025-05-18 14:00:00,244,228,Brentford,Fulham,FLH,BRE,3,0.7343000000000001,3,1.61741,1.61741,-0.05187000000000008,15.909090909090908,6,0,2.0339,2,2.43045,1.66928,0.05187000000000008,11.857142857142858,4
364,ENG-Premier League,2425,2025-05-18 Everton-Southampton,1,2024,26968,2025-05-18 11:00:00,72,74,Everton,Southampton,SOU,EVE,0,0.28500000000000003,0,1.05025,1.05025,-1.62768,21.285714285714285,2,3,2.5638000000000005,2,2.67793,2.67793,1.62768,16.61904761904762,11
365,ENG-Premier League,2425,2025-05-18 Leicester-Ipswich,1,2024,26969,2025-05-18 14:00:00,75,285,Leicester,Ipswich,IPS,LEI,0,1.8169,0,1.36957,1.36957,0.5810259999999999,12.708333333333334,4,3,0.8986,2,0.788544,0.788544,-0.5810259999999999,9.321428571428571,6
366,ENG-Premier League,2425,2025-05-18 West Ham-Nottingham Forest,1,2024,26971,2025-05-18 13:15:00,81,249,West Ham,Nottingham Forest,NOT,WHU,3,2.3123,2,2.14756,2.14756,1.297103,10.961538461538462,9,0,0.5036,1,0.850457,0.850457,-1.297103,6.7727272727272725,5
367,ENG-Premier League,2425,2025-05-19 Brighton-Liverpool,1,2024,26965,2025-05-19 19:00:00,220,87,Brighton,Liverpool,LIV,BRI,0,1.9883,2,3.065,3.065,0.8871099999999998,13.0,13,3,0.8144,3,2.17789,2.17789,-0.8871099999999998,15.45,20
368,ENG-Premier League,2425,2025-05-20 Crystal Palace-Wolverhampton Wanderers,1,2024,26967,2025-05-20 19:00:00,78,229,Crystal Palace,Wolverhampton Wanderers,WOL,CRY,0,1.1765,2,1.42886,1.42886,-0.25564999999999993,8.941176470588236,9,3,1.5617,4,1.68451,1.68451,0.25564999999999993,17.714285714285715,12
369,ENG-Premier League,2425,2025-05-20 Manchester City-Bournemouth,1,2024,26970,2025-05-20 19:00:00,88,73,Manchester City,Bournemouth,BOU,MCI,0,0.8341999999999999,1,0.962014,0.962014,-0.635776,22.466666666666665,2,3,1.8995,3,1.59779,1.59779,0.635776,20.818181818181817,8
370,ENG-Premier League,2425,2025-05-25 Bournemouth-Leicester,1,2024,26979,2025-05-25 15:00:00,73,75,Bournemouth,Leicester,LEI,BOU,0,0.0733,0,0.156702,0.156702,-2.5677879999999997,9.28,3,3,2.8686999999999996,2,2.72449,2.72449,2.5677879999999997,4.647058823529412,16
371,ENG-Premier League,2425,2025-05-25 Fulham-Manchester City,1,2024,26981,2025-05-25 15:00:00,228,88,Fulham,Manchester City,MCI,FLH,3,1.5218,2,2.45923,1.69806,-0.5199100000000003,13.545454545454545,16,0,1.2431,0,2.21797,2.21797,0.5199100000000003,22.153846153846153,5
372,ENG-Premier League,2425,2025-05-25 Ipswich-West Ham,1,2024,26980,2025-05-25 15:00:00,285,81,Ipswich,West Ham,WHU,IPS,3,1.3971,3,0.967379,0.967379,0.07428400000000002,8.115384615384615,7,0,1.2639,1,0.893095,0.893095,-0.07428400000000002,14.607142857142858,6
373,ENG-Premier League,2425,2025-05-25 Liverpool-Crystal Palace,1,2024,26975,2025-05-25 15:00:00,87,78,Liverpool,Crystal Palace,CRY,LIV,1,0.9857,1,1.4144,1.4144,-0.5068199999999998,25.416666666666668,3,1,1.7519,1,1.92122,1.92122,0.5068199999999998,6.346153846153846,9
374,ENG-Premier League,2425,2025-05-25 Manchester United-Aston Villa,1,2024,26974,2025-05-25 15:00:00,89,71,Manchester United,Aston Villa,AVL,MUN,0,0.07980000000000001,0,0.335222,0.335222,-1.8662080000000003,26.90909090909091,5,3,2.8667999999999996,2,2.96259,2.20143,1.8662080000000003,5.107142857142857,24
375,ENG-Premier League,2425,2025-05-25 Newcastle United-Everton,1,2024,26973,2025-05-25 15:00:00,86,72,Newcastle United,Everton,EVE,NEW,3,1.2846000000000002,1,1.07279,1.07279,-0.08631000000000011,17.866666666666667,1,0,1.404,0,1.1591,1.1591,0.08631000000000011,6.25,6
376,ENG-Premier League,2425,2025-05-25 Nottingham Forest-Chelsea,1,2024,26972,2025-05-25 15:00:00,249,80,Nottingham Forest,Chelsea,CHE,NOT,3,1.1323999999999999,1,1.30874,1.30874,-0.2714000000000001,14.117647058823529,1,0,1.5584,0,1.58014,1.58014,0.2714000000000001,11.38888888888889,3
377,ENG-Premier League,2425,2025-05-25 Southampton-Arsenal,1,2024,26977,2025-05-25 15:00:00,74,83,Southampton,Arsenal,ARS,SOU,3,2.5522,2,2.40711,2.40711,1.8089659999999999,7.357142857142857,11,0,0.31120000000000003,1,0.598144,0.598144,-1.8089659999999999,17.3,4
378,ENG-Premier League,2425,2025-05-25 Tottenham-Brighton,1,2024,26976,2025-05-25 15:00:00,82,220,Tottenham,Brighton,BRI,TOT,3,2.2437,4,3.11624,2.35507,1.26359,6.615384615384615,12,0,0.5655,1,1.85265,1.09148,-1.26359,18.0625,3
379,ENG-Premier League,2425,2025-05-25 Wolverhampton Wanderers-Brentford,1,2024,26978,2025-05-25 15:00:00,229,244,Wolverhampton Wanderers,Brentford,BRE,WOL,1,2.019,1,1.97196,1.97196,0.86307,7.44,7,1,0.7593,1,1.10889,1.10889,-0.86307,13.45,7
