join_key,league,season,game,league_id,season_id,game_id,date,home_team_id,away_team_id,home_team,away_team,away_team_code,home_team_code,home_goals,away_goals,home_xg,away_xg,is_result,has_data,url,home_team_shortened
2017-08-11_Arsenal,ENG-Premier League,1718,2017-08-11 Arsenal-Leicester,1,2017,7119,2017-08-11,83,75,Arsenal,Leicester,LEI,ARS,4,3,2.54329,1.46495,True,True,https://understat.com/match/7119,Arsenal
2017-08-12_Brighton,ENG-Premier League,1718,2017-08-12 Brighton-Manchester City,1,2017,7126,2017-08-12,220,88,Brighton,Manchester City,MCI,BRI,0,2,0.276343,1.86751,True,True,https://understat.com/match/7126,Brighton
2017-08-12_Chelsea,ENG-Premier League,1718,2017-08-12 Chelsea-Burnley,1,2017,7123,2017-08-12,80,92,Chelsea,Burnley,BUR,CHE,2,3,1.35651,0.564237,True,True,https://understat.com/match/7123,Chelsea
2017-08-12_Crystal,ENG-Premier League,1718,2017-08-12 Crystal Palace-Huddersfield,1,2017,7124,2017-08-12,78,219,Crystal Palace,Huddersfield,HUD,CRY,0,3,0.988934,1.73657,True,True,https://understat.com/match/7124,Crystal
2017-08-12_Everton,ENG-Premier League,1718,2017-08-12 Everton-Stoke,1,2017,7125,2017-08-12,72,85,Everton,Stoke,STO,EVE,1,0,0.720574,0.27644,True,True,https://understat.com/match/7125,Everton
2017-08-12_Southampton,ENG-Premier League,1718,2017-08-12 Southampton-Swansea,1,2017,7122,2017-08-12,74,84,Southampton,Swansea,SWA,SOU,0,0,2.21748,0.406196,True,True,https://understat.com/match/7122,Southampton
2017-08-12_Watford,ENG-Premier League,1718,2017-08-12 Watford-Liverpool,1,2017,7120,2017-08-12,90,87,Watford,Liverpool,LIV,WAT,3,3,2.17647,2.61549,True,True,https://understat.com/match/7120,Watford
2017-08-12_West,ENG-Premier League,1718,2017-08-12 West Bromwich Albion-Bournemouth,1,2017,7121,2017-08-12,76,73,West Bromwich Albion,Bournemouth,BOU,WBA,1,0,1.18399,0.378659,True,True,https://understat.com/match/7121,West
2017-08-13_Manchester,ENG-Premier League,1718,2017-08-13 Manchester United-West Ham,1,2017,7128,2017-08-13,89,81,Manchester United,West Ham,WHU,MUN,4,0,2.63853,0.62654,True,True,https://understat.com/match/7128,Manchester
2017-08-13_Newcastle,ENG-Premier League,1718,2017-08-13 Newcastle United-Tottenham,1,2017,7127,2017-08-13,86,82,Newcastle United,Tottenham,TOT,NEW,0,2,0.634633,2.34418,True,True,https://understat.com/match/7127,Newcastle
2017-08-19_Bournemouth,ENG-Premier League,1718,2017-08-19 Bournemouth-Watford,1,2017,7131,2017-08-19,73,90,Bournemouth,Watford,WAT,BOU,0,2,0.766694,2.17717,True,True,https://understat.com/match/7131,Bournemouth
2017-08-19_Burnley,ENG-Premier League,1718,2017-08-19 Burnley-West Bromwich Albion,1,2017,7132,2017-08-19,92,76,Burnley,West Bromwich Albion,WBA,BUR,0,1,1.37242,0.653058,True,True,https://understat.com/match/7132,Burnley
2017-08-19_Leicester,ENG-Premier League,1718,2017-08-19 Leicester-Brighton,1,2017,7133,2017-08-19,75,220,Leicester,Brighton,BRI,LEI,2,0,1.88355,0.123075,True,True,https://understat.com/match/7133,Leicester
2017-08-19_Liverpool,ENG-Premier League,1718,2017-08-19 Liverpool-Crystal Palace,1,2017,7134,2017-08-19,87,78,Liverpool,Crystal Palace,CRY,LIV,1,0,2.84978,0.727364,True,True,https://understat.com/match/7134,Liverpool
2017-08-19_Southampton,ENG-Premier League,1718,2017-08-19 Southampton-West Ham,1,2017,7130,2017-08-19,74,81,Southampton,West Ham,WHU,SOU,3,2,2.1424,1.53269,True,True,https://understat.com/match/7130,Southampton
2017-08-19_Stoke,ENG-Premier League,1718,2017-08-19 Stoke-Arsenal,1,2017,7135,2017-08-19,85,83,Stoke,Arsenal,ARS,STO,1,0,0.692644,1.40658,True,True,https://understat.com/match/7135,Stoke
2017-08-19_Swansea,ENG-Premier League,1718,2017-08-19 Swansea-Manchester United,1,2017,7129,2017-08-19,84,89,Swansea,Manchester United,MUN,SWA,0,4,0.304164,3.41021,True,True,https://understat.com/match/7129,Swansea
2017-08-20_Huddersfield,ENG-Premier League,1718,2017-08-20 Huddersfield-Newcastle United,1,2017,7136,2017-08-20,219,86,Huddersfield,Newcastle United,NEW,HUD,1,0,0.267008,0.973322,True,True,https://understat.com/match/7136,Huddersfield
2017-08-20_Tottenham,ENG-Premier League,1718,2017-08-20 Tottenham-Chelsea,1,2017,7137,2017-08-20,82,80,Tottenham,Chelsea,CHE,TOT,1,2,0.72428,0.834423,True,True,https://understat.com/match/7137,Tottenham
2017-08-21_Manchester,ENG-Premier League,1718,2017-08-21 Manchester City-Everton,1,2017,7138,2017-08-21,88,72,Manchester City,Everton,EVE,MCI,1,1,1.14216,0.59971,True,True,https://understat.com/match/7138,Manchester
2017-08-26_Bournemouth,ENG-Premier League,1718,2017-08-26 Bournemouth-Manchester City,1,2017,7139,2017-08-26,73,88,Bournemouth,Manchester City,MCI,BOU,1,2,0.415402,1.76626,True,True,https://understat.com/match/7139,Bournemouth
2017-08-26_Crystal,ENG-Premier League,1718,2017-08-26 Crystal Palace-Swansea,1,2017,7141,2017-08-26,78,84,Crystal Palace,Swansea,SWA,CRY,0,2,0.818951,0.966783,True,True,https://understat.com/match/7141,Crystal
2017-08-26_Huddersfield,ENG-Premier League,1718,2017-08-26 Huddersfield-Southampton,1,2017,7144,2017-08-26,219,74,Huddersfield,Southampton,SOU,HUD,0,0,1.51605,0.795911,True,True,https://understat.com/match/7144,Huddersfield
2017-08-26_Manchester,ENG-Premier League,1718,2017-08-26 Manchester United-Leicester,1,2017,7145,2017-08-26,89,75,Manchester United,Leicester,LEI,MUN,2,0,2.73725,0.670573,True,True,https://understat.com/match/7145,Manchester
2017-08-26_Newcastle,ENG-Premier League,1718,2017-08-26 Newcastle United-West Ham,1,2017,7142,2017-08-26,86,81,Newcastle United,West Ham,WHU,NEW,3,0,2.76107,0.558484,True,True,https://understat.com/match/7142,Newcastle
2017-08-26_Watford,ENG-Premier League,1718,2017-08-26 Watford-Brighton,1,2017,7143,2017-08-26,90,220,Watford,Brighton,BRI,WAT,0,0,0.281459,0.952357,True,True,https://understat.com/match/7143,Watford
2017-08-27_Chelsea,ENG-Premier League,1718,2017-08-27 Chelsea-Everton,1,2017,7140,2017-08-27,80,72,Chelsea,Everton,EVE,CHE,2,0,1.16991,0.326655,True,True,https://understat.com/match/7140,Chelsea
2017-08-27_Liverpool,ENG-Premier League,1718,2017-08-27 Liverpool-Arsenal,1,2017,7148,2017-08-27,87,83,Liverpool,Arsenal,ARS,LIV,4,0,3.45998,0.484816,True,True,https://understat.com/match/7148,Liverpool
2017-08-27_Tottenham,ENG-Premier League,1718,2017-08-27 Tottenham-Burnley,1,2017,7147,2017-08-27,82,92,Tottenham,Burnley,BUR,TOT,1,1,2.3497,0.670943,True,True,https://understat.com/match/7147,Tottenham
2017-08-27_West,ENG-Premier League,1718,2017-08-27 West Bromwich Albion-Stoke,1,2017,7146,2017-08-27,76,85,West Bromwich Albion,Stoke,STO,WBA,1,1,0.875132,0.980905,True,True,https://understat.com/match/7146,West
2017-09-09_Arsenal,ENG-Premier League,1718,2017-09-09 Arsenal-Bournemouth,1,2017,7152,2017-09-09,83,73,Arsenal,Bournemouth,BOU,ARS,3,0,2.48732,0.577291,True,True,https://understat.com/match/7152,Arsenal
2017-09-09_Brighton,ENG-Premier League,1718,2017-09-09 Brighton-West Bromwich Albion,1,2017,7153,2017-09-09,220,76,Brighton,West Bromwich Albion,WBA,BRI,3,1,0.396771,0.866679,True,True,https://understat.com/match/7153,Brighton
2017-09-09_Everton,ENG-Premier League,1718,2017-09-09 Everton-Tottenham,1,2017,7154,2017-09-09,72,82,Everton,Tottenham,TOT,EVE,0,3,1.15144,2.17535,True,True,https://understat.com/match/7154,Everton
2017-09-09_Leicester,ENG-Premier League,1718,2017-09-09 Leicester-Chelsea,1,2017,7151,2017-09-09,75,80,Leicester,Chelsea,CHE,LEI,1,2,1.34903,1.03943,True,True,https://understat.com/match/7151,Leicester
2017-09-09_Manchester,ENG-Premier League,1718,2017-09-09 Manchester City-Liverpool,1,2017,7149,2017-09-09,88,87,Manchester City,Liverpool,LIV,MCI,5,0,3.14589,0.665186,True,True,https://understat.com/match/7149,Manchester
2017-09-09_Southampton,ENG-Premier League,1718,2017-09-09 Southampton-Watford,1,2017,7150,2017-09-09,74,90,Southampton,Watford,WAT,SOU,0,2,0.331259,0.57794,True,True,https://understat.com/match/7150,Southampton
2017-09-09_Stoke,ENG-Premier League,1718,2017-09-09 Stoke-Manchester United,1,2017,7155,2017-09-09,85,89,Stoke,Manchester United,MUN,STO,2,2,1.49928,1.96635,True,True,https://understat.com/match/7155,Stoke
2017-09-10_Burnley,ENG-Premier League,1718,2017-09-10 Burnley-Crystal Palace,1,2017,7156,2017-09-10,92,78,Burnley,Crystal Palace,CRY,BUR,1,0,0.429329,1.72996,True,True,https://understat.com/match/7156,Burnley
2017-09-10_Swansea,ENG-Premier League,1718,2017-09-10 Swansea-Newcastle United,1,2017,7157,2017-09-10,84,86,Swansea,Newcastle United,NEW,SWA,0,1,1.48574,1.03177,True,True,https://understat.com/match/7157,Swansea
2017-09-11_West,ENG-Premier League,1718,2017-09-11 West Ham-Huddersfield,1,2017,7158,2017-09-11,81,219,West Ham,Huddersfield,HUD,WHU,2,0,1.94969,0.339338,True,True,https://understat.com/match/7158,West
2017-09-15_Bournemouth,ENG-Premier League,1718,2017-09-15 Bournemouth-Brighton,1,2017,7159,2017-09-15,73,220,Bournemouth,Brighton,BRI,BOU,2,1,1.39529,0.874276,True,True,https://understat.com/match/7159,Bournemouth
2017-09-16_Crystal,ENG-Premier League,1718,2017-09-16 Crystal Palace-Southampton,1,2017,7160,2017-09-16,78,74,Crystal Palace,Southampton,SOU,CRY,0,1,2.03243,1.11428,True,True,https://understat.com/match/7160,Crystal
2017-09-16_Huddersfield,ENG-Premier League,1718,2017-09-16 Huddersfield-Leicester,1,2017,7161,2017-09-16,219,75,Huddersfield,Leicester,LEI,HUD,1,1,0.700349,1.24181,True,True,https://understat.com/match/7161,Huddersfield
2017-09-16_Liverpool,ENG-Premier League,1718,2017-09-16 Liverpool-Burnley,1,2017,7162,2017-09-16,87,92,Liverpool,Burnley,BUR,LIV,1,1,2.18727,0.334402,True,True,https://understat.com/match/7162,Liverpool
2017-09-16_Newcastle,ENG-Premier League,1718,2017-09-16 Newcastle United-Stoke,1,2017,7163,2017-09-16,86,85,Newcastle United,Stoke,STO,NEW,2,1,2.6598,0.675783,True,True,https://understat.com/match/7163,Newcastle
2017-09-16_Tottenham,ENG-Premier League,1718,2017-09-16 Tottenham-Swansea,1,2017,7166,2017-09-16,82,84,Tottenham,Swansea,SWA,TOT,0,0,1.17894,0.154074,True,True,https://understat.com/match/7166,Tottenham
2017-09-16_Watford,ENG-Premier League,1718,2017-09-16 Watford-Manchester City,1,2017,7164,2017-09-16,90,88,Watford,Manchester City,MCI,WAT,0,6,0.803933,3.99349,True,True,https://understat.com/match/7164,Watford
2017-09-16_West,ENG-Premier League,1718,2017-09-16 West Bromwich Albion-West Ham,1,2017,7165,2017-09-16,76,81,West Bromwich Albion,West Ham,WHU,WBA,0,0,0.781891,0.266344,True,True,https://understat.com/match/7165,West
2017-09-17_Chelsea,ENG-Premier League,1718,2017-09-17 Chelsea-Arsenal,1,2017,7167,2017-09-17,80,83,Chelsea,Arsenal,ARS,CHE,0,0,0.762129,1.42208,True,True,https://understat.com/match/7167,Chelsea
2017-09-17_Manchester,ENG-Premier League,1718,2017-09-17 Manchester United-Everton,1,2017,7168,2017-09-17,89,72,Manchester United,Everton,EVE,MUN,4,0,3.28722,1.06298,True,True,https://understat.com/match/7168,Manchester
2017-09-23_Burnley,ENG-Premier League,1718,2017-09-23 Burnley-Huddersfield,1,2017,7174,2017-09-23,92,219,Burnley,Huddersfield,HUD,BUR,0,0,0.369454,0.312561,True,True,https://understat.com/match/7174,Burnley
2017-09-23_Everton,ENG-Premier League,1718,2017-09-23 Everton-Bournemouth,1,2017,7175,2017-09-23,72,73,Everton,Bournemouth,BOU,EVE,2,1,2.21092,0.384728,True,True,https://understat.com/match/7175,Everton
2017-09-23_Leicester,ENG-Premier League,1718,2017-09-23 Leicester-Liverpool,1,2017,7176,2017-09-23,75,87,Leicester,Liverpool,LIV,LEI,2,3,2.88766,1.92902,True,True,https://understat.com/match/7176,Leicester
2017-09-23_Manchester,ENG-Premier League,1718,2017-09-23 Manchester City-Crystal Palace,1,2017,7173,2017-09-23,88,78,Manchester City,Crystal Palace,CRY,MCI,5,0,5.72543,0.611018,True,True,https://understat.com/match/7173,Manchester
2017-09-23_Southampton,ENG-Premier League,1718,2017-09-23 Southampton-Manchester United,1,2017,7172,2017-09-23,74,89,Southampton,Manchester United,MUN,SOU,0,1,0.802062,1.07247,True,True,https://understat.com/match/7172,Southampton
2017-09-23_Stoke,ENG-Premier League,1718,2017-09-23 Stoke-Chelsea,1,2017,7170,2017-09-23,85,80,Stoke,Chelsea,CHE,STO,0,4,0.600959,1.59815,True,True,https://understat.com/match/7170,Stoke
2017-09-23_Swansea,ENG-Premier League,1718,2017-09-23 Swansea-Watford,1,2017,7171,2017-09-23,84,90,Swansea,Watford,WAT,SWA,1,2,1.50811,1.25817,True,True,https://understat.com/match/7171,Swansea
2017-09-23_West,ENG-Premier League,1718,2017-09-23 West Ham-Tottenham,1,2017,7169,2017-09-23,81,82,West Ham,Tottenham,TOT,WHU,2,3,0.67667,1.45327,True,True,https://understat.com/match/7169,West
2017-09-24_Brighton,ENG-Premier League,1718,2017-09-24 Brighton-Newcastle United,1,2017,7177,2017-09-24,220,86,Brighton,Newcastle United,NEW,BRI,1,0,0.507341,1.37001,True,True,https://understat.com/match/7177,Brighton
2017-09-25_Arsenal,ENG-Premier League,1718,2017-09-25 Arsenal-West Bromwich Albion,1,2017,7178,2017-09-25,83,76,Arsenal,West Bromwich Albion,WBA,ARS,2,0,2.39316,0.766652,True,True,https://understat.com/match/7178,Arsenal
2017-09-30_Bournemouth,ENG-Premier League,1718,2017-09-30 Bournemouth-Leicester,1,2017,7184,2017-09-30,73,75,Bournemouth,Leicester,LEI,BOU,0,0,1.39901,0.594808,True,True,https://understat.com/match/7184,Bournemouth
2017-09-30_Chelsea,ENG-Premier League,1718,2017-09-30 Chelsea-Manchester City,1,2017,7185,2017-09-30,80,88,Chelsea,Manchester City,MCI,CHE,0,1,0.911532,1.23068,True,True,https://understat.com/match/7185,Chelsea
2017-09-30_Huddersfield,ENG-Premier League,1718,2017-09-30 Huddersfield-Tottenham,1,2017,7179,2017-09-30,219,82,Huddersfield,Tottenham,TOT,HUD,0,4,0.196648,1.56089,True,True,https://understat.com/match/7179,Huddersfield
2017-09-30_Manchester,ENG-Premier League,1718,2017-09-30 Manchester United-Crystal Palace,1,2017,7180,2017-09-30,89,78,Manchester United,Crystal Palace,CRY,MUN,4,0,3.47508,0.244321,True,True,https://understat.com/match/7180,Manchester
2017-09-30_Stoke,ENG-Premier League,1718,2017-09-30 Stoke-Southampton,1,2017,7181,2017-09-30,85,74,Stoke,Southampton,SOU,STO,2,1,2.68136,1.42781,True,True,https://understat.com/match/7181,Stoke
2017-09-30_West,ENG-Premier League,1718,2017-09-30 West Bromwich Albion-Watford,1,2017,7182,2017-09-30,76,90,West Bromwich Albion,Watford,WAT,WBA,2,2,1.93896,1.62462,True,True,https://understat.com/match/7182,West
2017-09-30_West,ENG-Premier League,1718,2017-09-30 West Ham-Swansea,1,2017,7183,2017-09-30,81,84,West Ham,Swansea,SWA,WHU,1,0,0.692185,0.178568,True,True,https://understat.com/match/7183,West
2017-10-01_Arsenal,ENG-Premier League,1718,2017-10-01 Arsenal-Brighton,1,2017,7186,2017-10-01,83,220,Arsenal,Brighton,BRI,ARS,2,0,2.47818,0.386343,True,True,https://understat.com/match/7186,Arsenal
2017-10-01_Everton,ENG-Premier League,1718,2017-10-01 Everton-Burnley,1,2017,7187,2017-10-01,72,92,Everton,Burnley,BUR,EVE,0,1,0.93376,0.383977,True,True,https://understat.com/match/7187,Everton
2017-10-01_Newcastle,ENG-Premier League,1718,2017-10-01 Newcastle United-Liverpool,1,2017,7188,2017-10-01,86,87,Newcastle United,Liverpool,LIV,NEW,1,1,0.280437,1.64475,True,True,https://understat.com/match/7188,Newcastle
2017-10-14_Burnley,ENG-Premier League,1718,2017-10-14 Burnley-West Ham,1,2017,7190,2017-10-14,92,81,Burnley,West Ham,WHU,BUR,1,1,0.70219,0.835192,True,True,https://understat.com/match/7190,Burnley
2017-10-14_Crystal,ENG-Premier League,1718,2017-10-14 Crystal Palace-Chelsea,1,2017,7191,2017-10-14,78,80,Crystal Palace,Chelsea,CHE,CRY,2,1,1.51873,0.651919,True,True,https://understat.com/match/7191,Crystal
2017-10-14_Liverpool,ENG-Premier League,1718,2017-10-14 Liverpool-Manchester United,1,2017,7193,2017-10-14,87,89,Liverpool,Manchester United,MUN,LIV,0,0,1.92702,0.230358,True,True,https://understat.com/match/7193,Liverpool
2017-10-14_Manchester,ENG-Premier League,1718,2017-10-14 Manchester City-Stoke,1,2017,7194,2017-10-14,88,85,Manchester City,Stoke,STO,MCI,7,2,4.45388,0.681236,True,True,https://understat.com/match/7194,Manchester
2017-10-14_Swansea,ENG-Premier League,1718,2017-10-14 Swansea-Huddersfield,1,2017,7196,2017-10-14,84,219,Swansea,Huddersfield,HUD,SWA,2,0,1.65446,0.596086,True,True,https://understat.com/match/7196,Swansea
2017-10-14_Tottenham,ENG-Premier League,1718,2017-10-14 Tottenham-Bournemouth,1,2017,7197,2017-10-14,82,73,Tottenham,Bournemouth,BOU,TOT,1,0,1.95684,0.17504,True,True,https://understat.com/match/7197,Tottenham
2017-10-14_Watford,ENG-Premier League,1718,2017-10-14 Watford-Arsenal,1,2017,7198,2017-10-14,90,83,Watford,Arsenal,ARS,WAT,2,1,1.63418,0.988468,True,True,https://understat.com/match/7198,Watford
2017-10-15_Brighton,ENG-Premier League,1718,2017-10-15 Brighton-Everton,1,2017,7189,2017-10-15,220,72,Brighton,Everton,EVE,BRI,1,1,1.05884,1.45518,True,True,https://understat.com/match/7189,Brighton
2017-10-15_Southampton,ENG-Premier League,1718,2017-10-15 Southampton-Newcastle United,1,2017,7195,2017-10-15,74,86,Southampton,Newcastle United,NEW,SOU,2,2,1.71445,0.950997,True,True,https://understat.com/match/7195,Southampton
2017-10-16_Leicester,ENG-Premier League,1718,2017-10-16 Leicester-West Bromwich Albion,1,2017,7192,2017-10-16,75,76,Leicester,West Bromwich Albion,WBA,LEI,1,1,0.964277,0.155254,True,True,https://understat.com/match/7192,Leicester
2017-10-20_West,ENG-Premier League,1718,2017-10-20 West Ham-Brighton,1,2017,7208,2017-10-20,81,220,West Ham,Brighton,BRI,WHU,0,3,0.569111,1.98345,True,True,https://understat.com/match/7208,West
2017-10-21_Chelsea,ENG-Premier League,1718,2017-10-21 Chelsea-Watford,1,2017,7199,2017-10-21,80,90,Chelsea,Watford,WAT,CHE,4,2,1.78315,1.79693,True,True,https://understat.com/match/7199,Chelsea
2017-10-21_Huddersfield,ENG-Premier League,1718,2017-10-21 Huddersfield-Manchester United,1,2017,7201,2017-10-21,219,89,Huddersfield,Manchester United,MUN,HUD,2,1,1.26744,0.807135,True,True,https://understat.com/match/7201,Huddersfield
2017-10-21_Manchester,ENG-Premier League,1718,2017-10-21 Manchester City-Burnley,1,2017,7202,2017-10-21,88,92,Manchester City,Burnley,BUR,MCI,3,0,3.71812,0.14859,True,True,https://understat.com/match/7202,Manchester
2017-10-21_Newcastle,ENG-Premier League,1718,2017-10-21 Newcastle United-Crystal Palace,1,2017,7203,2017-10-21,86,78,Newcastle United,Crystal Palace,CRY,NEW,1,0,0.270313,0.566845,True,True,https://understat.com/match/7203,Newcastle
2017-10-21_Southampton,ENG-Premier League,1718,2017-10-21 Southampton-West Bromwich Albion,1,2017,7204,2017-10-21,74,76,Southampton,West Bromwich Albion,WBA,SOU,1,0,2.02288,0.504128,True,True,https://understat.com/match/7204,Southampton
2017-10-21_Stoke,ENG-Premier League,1718,2017-10-21 Stoke-Bournemouth,1,2017,7205,2017-10-21,85,73,Stoke,Bournemouth,BOU,STO,1,2,1.60117,1.11834,True,True,https://understat.com/match/7205,Stoke
2017-10-21_Swansea,ENG-Premier League,1718,2017-10-21 Swansea-Leicester,1,2017,7206,2017-10-21,84,75,Swansea,Leicester,LEI,SWA,1,2,0.559618,1.80814,True,True,https://understat.com/match/7206,Swansea
2017-10-22_Everton,ENG-Premier League,1718,2017-10-22 Everton-Arsenal,1,2017,7200,2017-10-22,72,83,Everton,Arsenal,ARS,EVE,2,5,0.810989,3.86029,True,True,https://understat.com/match/7200,Everton
2017-10-22_Tottenham,ENG-Premier League,1718,2017-10-22 Tottenham-Liverpool,1,2017,7207,2017-10-22,82,87,Tottenham,Liverpool,LIV,TOT,4,1,2.62043,0.667771,True,True,https://understat.com/match/7207,Tottenham
2017-10-28_Arsenal,ENG-Premier League,1718,2017-10-28 Arsenal-Swansea,1,2017,7209,2017-10-28,83,84,Arsenal,Swansea,SWA,ARS,2,1,2.37777,0.8355,True,True,https://understat.com/match/7209,Arsenal
2017-10-28_Bournemouth,ENG-Premier League,1718,2017-10-28 Bournemouth-Chelsea,1,2017,7210,2017-10-28,73,80,Bournemouth,Chelsea,CHE,BOU,0,1,0.455055,1.78362,True,True,https://understat.com/match/7210,Bournemouth
2017-10-28_Crystal,ENG-Premier League,1718,2017-10-28 Crystal Palace-West Ham,1,2017,7213,2017-10-28,78,81,Crystal Palace,West Ham,WHU,CRY,2,2,2.91672,0.742845,True,True,https://understat.com/match/7213,Crystal
2017-10-28_Liverpool,ENG-Premier League,1718,2017-10-28 Liverpool-Huddersfield,1,2017,7217,2017-10-28,87,219,Liverpool,Huddersfield,HUD,LIV,3,0,2.14257,0.0554802,True,True,https://understat.com/match/7217,Liverpool
2017-10-28_Manchester,ENG-Premier League,1718,2017-10-28 Manchester United-Tottenham,1,2017,7218,2017-10-28,89,82,Manchester United,Tottenham,TOT,MUN,1,0,0.943496,1.08708,True,True,https://understat.com/match/7218,Manchester
2017-10-28_Watford,ENG-Premier League,1718,2017-10-28 Watford-Stoke,1,2017,7216,2017-10-28,90,85,Watford,Stoke,STO,WAT,0,1,1.13448,0.778883,True,True,https://understat.com/match/7216,Watford
2017-10-28_West,ENG-Premier League,1718,2017-10-28 West Bromwich Albion-Manchester City,1,2017,7215,2017-10-28,76,88,West Bromwich Albion,Manchester City,MCI,WBA,2,3,1.11852,2.77085,True,True,https://understat.com/match/7215,West
2017-10-29_Brighton,ENG-Premier League,1718,2017-10-29 Brighton-Southampton,1,2017,7211,2017-10-29,220,74,Brighton,Southampton,SOU,BRI,1,1,1.50533,0.54364,True,True,https://understat.com/match/7211,Brighton
2017-10-29_Leicester,ENG-Premier League,1718,2017-10-29 Leicester-Everton,1,2017,7214,2017-10-29,75,72,Leicester,Everton,EVE,LEI,2,0,1.36768,0.575236,True,True,https://understat.com/match/7214,Leicester
2017-10-30_Burnley,ENG-Premier League,1718,2017-10-30 Burnley-Newcastle United,1,2017,7212,2017-10-30,92,86,Burnley,Newcastle United,NEW,BUR,1,0,1.0271,0.516369,True,True,https://understat.com/match/7212,Burnley
2017-11-04_Huddersfield,ENG-Premier League,1718,2017-11-04 Huddersfield-West Bromwich Albion,1,2017,7221,2017-11-04,219,76,Huddersfield,West Bromwich Albion,WBA,HUD,1,0,0.260436,0.382005,True,True,https://understat.com/match/7221,Huddersfield
2017-11-04_Newcastle,ENG-Premier League,1718,2017-11-04 Newcastle United-Bournemouth,1,2017,7222,2017-11-04,86,73,Newcastle United,Bournemouth,BOU,NEW,0,1,0.676091,1.28703,True,True,https://understat.com/match/7222,Newcastle
2017-11-04_Southampton,ENG-Premier League,1718,2017-11-04 Southampton-Burnley,1,2017,7223,2017-11-04,74,92,Southampton,Burnley,BUR,SOU,0,1,0.789259,0.137743,True,True,https://understat.com/match/7223,Southampton
2017-11-04_Stoke,ENG-Premier League,1718,2017-11-04 Stoke-Leicester,1,2017,7224,2017-11-04,85,75,Stoke,Leicester,LEI,STO,2,2,1.22988,1.39563,True,True,https://understat.com/match/7224,Stoke
2017-11-04_Swansea,ENG-Premier League,1718,2017-11-04 Swansea-Brighton,1,2017,7225,2017-11-04,84,220,Swansea,Brighton,BRI,SWA,0,1,1.24557,0.874927,True,True,https://understat.com/match/7225,Swansea
2017-11-04_West,ENG-Premier League,1718,2017-11-04 West Ham-Liverpool,1,2017,7227,2017-11-04,81,87,West Ham,Liverpool,LIV,WHU,1,4,1.13045,2.8773,True,True,https://understat.com/match/7227,West
2017-11-05_Chelsea,ENG-Premier League,1718,2017-11-05 Chelsea-Manchester United,1,2017,7219,2017-11-05,80,89,Chelsea,Manchester United,MUN,CHE,1,0,1.8417,0.773586,True,True,https://understat.com/match/7219,Chelsea
2017-11-05_Everton,ENG-Premier League,1718,2017-11-05 Everton-Watford,1,2017,7220,2017-11-05,72,90,Everton,Watford,WAT,EVE,3,2,2.5796,2.05534,True,True,https://understat.com/match/7220,Everton
2017-11-05_Manchester,ENG-Premier League,1718,2017-11-05 Manchester City-Arsenal,1,2017,7228,2017-11-05,88,83,Manchester City,Arsenal,ARS,MCI,3,1,2.15028,0.340407,True,True,https://understat.com/match/7228,Manchester
2017-11-05_Tottenham,ENG-Premier League,1718,2017-11-05 Tottenham-Crystal Palace,1,2017,7226,2017-11-05,82,78,Tottenham,Crystal Palace,CRY,TOT,1,0,0.991813,1.10222,True,True,https://understat.com/match/7226,Tottenham
2017-11-18_Arsenal,ENG-Premier League,1718,2017-11-18 Arsenal-Tottenham,1,2017,7236,2017-11-18,83,82,Arsenal,Tottenham,TOT,ARS,2,0,2.24246,0.591192,True,True,https://understat.com/match/7236,Arsenal
2017-11-18_Bournemouth,ENG-Premier League,1718,2017-11-18 Bournemouth-Huddersfield,1,2017,7237,2017-11-18,73,219,Bournemouth,Huddersfield,HUD,BOU,4,0,1.38782,1.1633,True,True,https://understat.com/match/7237,Bournemouth
2017-11-18_Burnley,ENG-Premier League,1718,2017-11-18 Burnley-Swansea,1,2017,7233,2017-11-18,92,84,Burnley,Swansea,SWA,BUR,2,0,1.5427,0.431402,True,True,https://understat.com/match/7233,Burnley
2017-11-18_Crystal,ENG-Premier League,1718,2017-11-18 Crystal Palace-Everton,1,2017,7234,2017-11-18,78,72,Crystal Palace,Everton,EVE,CRY,2,2,2.02983,1.68728,True,True,https://understat.com/match/7234,Crystal
2017-11-18_Leicester,ENG-Premier League,1718,2017-11-18 Leicester-Manchester City,1,2017,7235,2017-11-18,75,88,Leicester,Manchester City,MCI,LEI,0,2,0.0970457,2.40056,True,True,https://understat.com/match/7235,Leicester
2017-11-18_Liverpool,ENG-Premier League,1718,2017-11-18 Liverpool-Southampton,1,2017,7231,2017-11-18,87,74,Liverpool,Southampton,SOU,LIV,3,0,2.06277,0.563886,True,True,https://understat.com/match/7231,Liverpool
2017-11-18_Manchester,ENG-Premier League,1718,2017-11-18 Manchester United-Newcastle United,1,2017,7232,2017-11-18,89,86,Manchester United,Newcastle United,NEW,MUN,4,1,2.57424,1.08708,True,True,https://understat.com/match/7232,Manchester
2017-11-18_West,ENG-Premier League,1718,2017-11-18 West Bromwich Albion-Chelsea,1,2017,7229,2017-11-18,76,80,West Bromwich Albion,Chelsea,CHE,WBA,0,4,0.590655,1.71709,True,True,https://understat.com/match/7229,West
2017-11-19_Watford,ENG-Premier League,1718,2017-11-19 Watford-West Ham,1,2017,7230,2017-11-19,90,81,Watford,West Ham,WHU,WAT,2,0,1.24547,1.43369,True,True,https://understat.com/match/7230,Watford
2017-11-20_Brighton,ENG-Premier League,1718,2017-11-20 Brighton-Stoke,1,2017,7238,2017-11-20,220,85,Brighton,Stoke,STO,BRI,2,2,0.490058,1.20507,True,True,https://understat.com/match/7238,Brighton
2017-11-24_West,ENG-Premier League,1718,2017-11-24 West Ham-Leicester,1,2017,7247,2017-11-24,81,75,West Ham,Leicester,LEI,WHU,1,1,0.775297,0.453851,True,True,https://understat.com/match/7247,West
2017-11-25_Crystal,ENG-Premier League,1718,2017-11-25 Crystal Palace-Stoke,1,2017,7246,2017-11-25,78,85,Crystal Palace,Stoke,STO,CRY,2,1,1.48339,0.628292,True,True,https://understat.com/match/7246,Crystal
2017-11-25_Liverpool,ENG-Premier League,1718,2017-11-25 Liverpool-Chelsea,1,2017,7244,2017-11-25,87,80,Liverpool,Chelsea,CHE,LIV,1,1,1.50368,0.739983,True,True,https://understat.com/match/7244,Liverpool
2017-11-25_Manchester,ENG-Premier League,1718,2017-11-25 Manchester United-Brighton,1,2017,7243,2017-11-25,89,220,Manchester United,Brighton,BRI,MUN,1,0,1.50148,0.565072,True,True,https://understat.com/match/7243,Manchester
2017-11-25_Newcastle,ENG-Premier League,1718,2017-11-25 Newcastle United-Watford,1,2017,7242,2017-11-25,86,90,Newcastle United,Watford,WAT,NEW,0,3,0.86002,2.05844,True,True,https://understat.com/match/7242,Newcastle
2017-11-25_Swansea,ENG-Premier League,1718,2017-11-25 Swansea-Bournemouth,1,2017,7240,2017-11-25,84,73,Swansea,Bournemouth,BOU,SWA,0,0,0.879594,0.449075,True,True,https://understat.com/match/7240,Swansea
2017-11-25_Tottenham,ENG-Premier League,1718,2017-11-25 Tottenham-West Bromwich Albion,1,2017,7239,2017-11-25,82,76,Tottenham,West Bromwich Albion,WBA,TOT,1,1,1.91526,0.71711,True,True,https://understat.com/match/7239,Tottenham
2017-11-26_Burnley,ENG-Premier League,1718,2017-11-26 Burnley-Arsenal,1,2017,7248,2017-11-26,92,83,Burnley,Arsenal,ARS,BUR,0,1,0.402745,1.75184,True,True,https://understat.com/match/7248,Burnley
2017-11-26_Huddersfield,ENG-Premier League,1718,2017-11-26 Huddersfield-Manchester City,1,2017,7245,2017-11-26,219,88,Huddersfield,Manchester City,MCI,HUD,1,2,0.537698,2.66178,True,True,https://understat.com/match/7245,Huddersfield
2017-11-26_Southampton,ENG-Premier League,1718,2017-11-26 Southampton-Everton,1,2017,7241,2017-11-26,74,72,Southampton,Everton,EVE,SOU,4,1,1.97034,0.147724,True,True,https://understat.com/match/7241,Southampton
2017-11-28_Brighton,ENG-Premier League,1718,2017-11-28 Brighton-Crystal Palace,1,2017,7250,2017-11-28,220,78,Brighton,Crystal Palace,CRY,BRI,0,0,0.475162,0.584296,True,True,https://understat.com/match/7250,Brighton
2017-11-28_Leicester,ENG-Premier League,1718,2017-11-28 Leicester-Tottenham,1,2017,7249,2017-11-28,75,82,Leicester,Tottenham,TOT,LEI,2,1,0.924575,2.50552,True,True,https://understat.com/match/7249,Leicester
2017-11-28_Watford,ENG-Premier League,1718,2017-11-28 Watford-Manchester United,1,2017,7251,2017-11-28,90,89,Watford,Manchester United,MUN,WAT,2,4,1.29277,1.63491,True,True,https://understat.com/match/7251,Watford
2017-11-28_West,ENG-Premier League,1718,2017-11-28 West Bromwich Albion-Newcastle United,1,2017,7252,2017-11-28,76,86,West Bromwich Albion,Newcastle United,NEW,WBA,2,2,0.845327,1.1342,True,True,https://understat.com/match/7252,West
2017-11-29_Arsenal,ENG-Premier League,1718,2017-11-29 Arsenal-Huddersfield,1,2017,7254,2017-11-29,83,219,Arsenal,Huddersfield,HUD,ARS,5,0,4.47889,0.475716,True,True,https://understat.com/match/7254,Arsenal
2017-11-29_Bournemouth,ENG-Premier League,1718,2017-11-29 Bournemouth-Burnley,1,2017,7253,2017-11-29,73,92,Bournemouth,Burnley,BUR,BOU,1,2,0.915088,1.08519,True,True,https://understat.com/match/7253,Bournemouth
2017-11-29_Chelsea,ENG-Premier League,1718,2017-11-29 Chelsea-Swansea,1,2017,7255,2017-11-29,80,84,Chelsea,Swansea,SWA,CHE,1,0,2.30012,0.0411427,True,True,https://understat.com/match/7255,Chelsea
2017-11-29_Everton,ENG-Premier League,1718,2017-11-29 Everton-West Ham,1,2017,7256,2017-11-29,72,81,Everton,West Ham,WHU,EVE,4,0,1.76497,1.03658,True,True,https://understat.com/match/7256,Everton
2017-11-29_Manchester,ENG-Premier League,1718,2017-11-29 Manchester City-Southampton,1,2017,7257,2017-11-29,88,74,Manchester City,Southampton,SOU,MCI,2,1,1.64952,1.7066,True,True,https://understat.com/match/7257,Manchester
2017-11-29_Stoke,ENG-Premier League,1718,2017-11-29 Stoke-Liverpool,1,2017,7258,2017-11-29,85,87,Stoke,Liverpool,LIV,STO,0,3,0.846748,2.58757,True,True,https://understat.com/match/7258,Stoke
2017-12-02_Arsenal,ENG-Premier League,1718,2017-12-02 Arsenal-Manchester United,1,2017,7266,2017-12-02,83,89,Arsenal,Manchester United,MUN,ARS,1,3,4.24057,2.06831,True,True,https://understat.com/match/7266,Arsenal
2017-12-02_Brighton,ENG-Premier League,1718,2017-12-02 Brighton-Liverpool,1,2017,7268,2017-12-02,220,87,Brighton,Liverpool,LIV,BRI,1,5,1.65878,1.77566,True,True,https://understat.com/match/7268,Brighton
2017-12-02_Chelsea,ENG-Premier League,1718,2017-12-02 Chelsea-Newcastle United,1,2017,7259,2017-12-02,80,86,Chelsea,Newcastle United,NEW,CHE,3,1,3.07794,0.519549,True,True,https://understat.com/match/7259,Chelsea
2017-12-02_Everton,ENG-Premier League,1718,2017-12-02 Everton-Huddersfield,1,2017,7260,2017-12-02,72,219,Everton,Huddersfield,HUD,EVE,2,0,0.820024,0.223429,True,True,https://understat.com/match/7260,Everton
2017-12-02_Leicester,ENG-Premier League,1718,2017-12-02 Leicester-Burnley,1,2017,7261,2017-12-02,75,92,Leicester,Burnley,BUR,LEI,1,0,1.61269,0.789388,True,True,https://understat.com/match/7261,Leicester
2017-12-02_Stoke,ENG-Premier League,1718,2017-12-02 Stoke-Swansea,1,2017,7263,2017-12-02,85,84,Stoke,Swansea,SWA,STO,2,1,1.24743,0.320601,True,True,https://understat.com/match/7263,Stoke
2017-12-02_Watford,ENG-Premier League,1718,2017-12-02 Watford-Tottenham,1,2017,7264,2017-12-02,90,82,Watford,Tottenham,TOT,WAT,1,1,0.352672,0.788817,True,True,https://understat.com/match/7264,Watford
2017-12-02_West,ENG-Premier League,1718,2017-12-02 West Bromwich Albion-Crystal Palace,1,2017,7265,2017-12-02,76,78,West Bromwich Albion,Crystal Palace,CRY,WBA,0,0,1.65178,0.80924,True,True,https://understat.com/match/7265,West
2017-12-03_Bournemouth,ENG-Premier League,1718,2017-12-03 Bournemouth-Southampton,1,2017,7267,2017-12-03,73,74,Bournemouth,Southampton,SOU,BOU,1,1,1.11195,1.00264,True,True,https://understat.com/match/7267,Bournemouth
2017-12-03_Manchester,ENG-Premier League,1718,2017-12-03 Manchester City-West Ham,1,2017,7262,2017-12-03,88,81,Manchester City,West Ham,WHU,MCI,2,1,2.45603,0.474483,True,True,https://understat.com/match/7262,Manchester
2017-12-09_Burnley,ENG-Premier League,1718,2017-12-09 Burnley-Watford,1,2017,7272,2017-12-09,92,90,Burnley,Watford,WAT,BUR,1,0,0.485632,0.819233,True,True,https://understat.com/match/7272,Burnley
2017-12-09_Crystal,ENG-Premier League,1718,2017-12-09 Crystal Palace-Bournemouth,1,2017,7273,2017-12-09,78,73,Crystal Palace,Bournemouth,BOU,CRY,2,2,4.61208,0.962374,True,True,https://understat.com/match/7273,Crystal
2017-12-09_Huddersfield,ENG-Premier League,1718,2017-12-09 Huddersfield-Brighton,1,2017,7274,2017-12-09,219,220,Huddersfield,Brighton,BRI,HUD,2,0,2.68125,0.273809,True,True,https://understat.com/match/7274,Huddersfield
2017-12-09_Newcastle,ENG-Premier League,1718,2017-12-09 Newcastle United-Leicester,1,2017,7277,2017-12-09,86,75,Newcastle United,Leicester,LEI,NEW,2,3,0.964657,0.444099,True,True,https://understat.com/match/7277,Newcastle
2017-12-09_Swansea,ENG-Premier League,1718,2017-12-09 Swansea-West Bromwich Albion,1,2017,7271,2017-12-09,84,76,Swansea,West Bromwich Albion,WBA,SWA,1,0,1.01101,0.25228,True,True,https://understat.com/match/7271,Swansea
2017-12-09_Tottenham,ENG-Premier League,1718,2017-12-09 Tottenham-Stoke,1,2017,7270,2017-12-09,82,85,Tottenham,Stoke,STO,TOT,5,1,4.01925,0.749296,True,True,https://understat.com/match/7270,Tottenham
2017-12-09_West,ENG-Premier League,1718,2017-12-09 West Ham-Chelsea,1,2017,7269,2017-12-09,81,80,West Ham,Chelsea,CHE,WHU,1,0,0.418127,1.18891,True,True,https://understat.com/match/7269,West
2017-12-10_Liverpool,ENG-Premier League,1718,2017-12-10 Liverpool-Everton,1,2017,7275,2017-12-10,87,72,Liverpool,Everton,EVE,LIV,1,1,1.89569,0.823217,True,True,https://understat.com/match/7275,Liverpool
2017-12-10_Manchester,ENG-Premier League,1718,2017-12-10 Manchester United-Manchester City,1,2017,7276,2017-12-10,89,88,Manchester United,Manchester City,MCI,MUN,1,2,1.43756,2.03041,True,True,https://understat.com/match/7276,Manchester
2017-12-10_Southampton,ENG-Premier League,1718,2017-12-10 Southampton-Arsenal,1,2017,7278,2017-12-10,74,83,Southampton,Arsenal,ARS,SOU,1,1,1.21942,0.608352,True,True,https://understat.com/match/7278,Southampton
2017-12-12_Burnley,ENG-Premier League,1718,2017-12-12 Burnley-Stoke,1,2017,7279,2017-12-12,92,85,Burnley,Stoke,STO,BUR,1,0,0.360081,0.916344,True,True,https://understat.com/match/7279,Burnley
2017-12-12_Crystal,ENG-Premier League,1718,2017-12-12 Crystal Palace-Watford,1,2017,7282,2017-12-12,78,90,Crystal Palace,Watford,WAT,CRY,2,1,1.10545,1.40441,True,True,https://understat.com/match/7282,Crystal
2017-12-12_Huddersfield,ENG-Premier League,1718,2017-12-12 Huddersfield-Chelsea,1,2017,7280,2017-12-12,219,80,Huddersfield,Chelsea,CHE,HUD,1,3,0.476748,1.8707,True,True,https://understat.com/match/7280,Huddersfield
2017-12-13_Liverpool,ENG-Premier League,1718,2017-12-13 Liverpool-West Bromwich Albion,1,2017,7287,2017-12-13,87,76,Liverpool,West Bromwich Albion,WBA,LIV,0,0,2.13915,0.520382,True,True,https://understat.com/match/7287,Liverpool
2017-12-13_Manchester,ENG-Premier League,1718,2017-12-13 Manchester United-Bournemouth,1,2017,7283,2017-12-13,89,73,Manchester United,Bournemouth,BOU,MUN,1,0,1.24043,0.815792,True,True,https://understat.com/match/7283,Manchester
2017-12-13_Newcastle,ENG-Premier League,1718,2017-12-13 Newcastle United-Everton,1,2017,7284,2017-12-13,86,72,Newcastle United,Everton,EVE,NEW,0,1,0.570658,1.38719,True,True,https://understat.com/match/7284,Newcastle
2017-12-13_Southampton,ENG-Premier League,1718,2017-12-13 Southampton-Leicester,1,2017,7285,2017-12-13,74,75,Southampton,Leicester,LEI,SOU,1,4,1.11749,2.24579,True,True,https://understat.com/match/7285,Southampton
2017-12-13_Swansea,ENG-Premier League,1718,2017-12-13 Swansea-Manchester City,1,2017,7281,2017-12-13,84,88,Swansea,Manchester City,MCI,SWA,0,4,0.589496,3.56828,True,True,https://understat.com/match/7281,Swansea
2017-12-13_Tottenham,ENG-Premier League,1718,2017-12-13 Tottenham-Brighton,1,2017,7288,2017-12-13,82,220,Tottenham,Brighton,BRI,TOT,2,0,1.87344,0.315616,True,True,https://understat.com/match/7288,Tottenham
2017-12-13_West,ENG-Premier League,1718,2017-12-13 West Ham-Arsenal,1,2017,7286,2017-12-13,81,83,West Ham,Arsenal,ARS,WHU,0,0,0.405172,1.02186,True,True,https://understat.com/match/7286,West
2017-12-16_Arsenal,ENG-Premier League,1718,2017-12-16 Arsenal-Newcastle United,1,2017,7289,2017-12-16,83,86,Arsenal,Newcastle United,NEW,ARS,1,0,2.02472,0.286547,True,True,https://understat.com/match/7289,Arsenal
2017-12-16_Brighton,ENG-Premier League,1718,2017-12-16 Brighton-Burnley,1,2017,7291,2017-12-16,220,92,Brighton,Burnley,BUR,BRI,0,0,1.49029,1.32536,True,True,https://understat.com/match/7291,Brighton
2017-12-16_Chelsea,ENG-Premier League,1718,2017-12-16 Chelsea-Southampton,1,2017,7292,2017-12-16,80,74,Chelsea,Southampton,SOU,CHE,1,0,1.29018,0.587081,True,True,https://understat.com/match/7292,Chelsea
2017-12-16_Leicester,ENG-Premier League,1718,2017-12-16 Leicester-Crystal Palace,1,2017,7294,2017-12-16,75,78,Leicester,Crystal Palace,CRY,LEI,0,3,0.758241,2.25889,True,True,https://understat.com/match/7294,Leicester
2017-12-16_Manchester,ENG-Premier League,1718,2017-12-16 Manchester City-Tottenham,1,2017,7298,2017-12-16,88,82,Manchester City,Tottenham,TOT,MCI,4,1,4.14588,0.182456,True,True,https://understat.com/match/7298,Manchester
2017-12-16_Stoke,ENG-Premier League,1718,2017-12-16 Stoke-West Ham,1,2017,7297,2017-12-16,85,81,Stoke,West Ham,WHU,STO,0,3,0.983293,3.08244,True,True,https://understat.com/match/7297,Stoke
2017-12-16_Watford,ENG-Premier League,1718,2017-12-16 Watford-Huddersfield,1,2017,7296,2017-12-16,90,219,Watford,Huddersfield,HUD,WAT,1,4,0.589103,3.49193,True,True,https://understat.com/match/7296,Watford
2017-12-17_Bournemouth,ENG-Premier League,1718,2017-12-17 Bournemouth-Liverpool,1,2017,7290,2017-12-17,73,87,Bournemouth,Liverpool,LIV,BOU,0,4,0.539178,3.25041,True,True,https://understat.com/match/7290,Bournemouth
2017-12-17_West,ENG-Premier League,1718,2017-12-17 West Bromwich Albion-Manchester United,1,2017,7295,2017-12-17,76,89,West Bromwich Albion,Manchester United,MUN,WBA,1,2,1.076,0.898984,True,True,https://understat.com/match/7295,West
2017-12-18_Everton,ENG-Premier League,1718,2017-12-18 Everton-Swansea,1,2017,7293,2017-12-18,72,84,Everton,Swansea,SWA,EVE,3,1,2.01756,0.766224,True,True,https://understat.com/match/7293,Everton
2017-12-22_Arsenal,ENG-Premier League,1718,2017-12-22 Arsenal-Liverpool,1,2017,7301,2017-12-22,83,87,Arsenal,Liverpool,LIV,ARS,3,3,1.13104,2.05947,True,True,https://understat.com/match/7301,Arsenal
2017-12-23_Brighton,ENG-Premier League,1718,2017-12-23 Brighton-Watford,1,2017,7305,2017-12-23,220,90,Brighton,Watford,WAT,BRI,1,0,1.40139,1.30044,True,True,https://understat.com/match/7305,Brighton
2017-12-23_Burnley,ENG-Premier League,1718,2017-12-23 Burnley-Tottenham,1,2017,7304,2017-12-23,92,82,Burnley,Tottenham,TOT,BUR,0,3,0.159735,3.30947,True,True,https://understat.com/match/7304,Burnley
2017-12-23_Everton,ENG-Premier League,1718,2017-12-23 Everton-Chelsea,1,2017,7303,2017-12-23,72,80,Everton,Chelsea,CHE,EVE,0,0,0.342403,1.84971,True,True,https://understat.com/match/7303,Everton
2017-12-23_Leicester,ENG-Premier League,1718,2017-12-23 Leicester-Manchester United,1,2017,7302,2017-12-23,75,89,Leicester,Manchester United,MUN,LEI,2,2,1.56465,2.15281,True,True,https://understat.com/match/7302,Leicester
2017-12-23_Manchester,ENG-Premier League,1718,2017-12-23 Manchester City-Bournemouth,1,2017,7308,2017-12-23,88,73,Manchester City,Bournemouth,BOU,MCI,4,0,1.55724,0.334896,True,True,https://understat.com/match/7308,Manchester
2017-12-23_Southampton,ENG-Premier League,1718,2017-12-23 Southampton-Huddersfield,1,2017,7307,2017-12-23,74,219,Southampton,Huddersfield,HUD,SOU,1,1,1.73805,1.09381,True,True,https://understat.com/match/7307,Southampton
2017-12-23_Stoke,ENG-Premier League,1718,2017-12-23 Stoke-West Bromwich Albion,1,2017,7306,2017-12-23,85,76,Stoke,West Bromwich Albion,WBA,STO,3,1,1.7986,2.0544,True,True,https://understat.com/match/7306,Stoke
2017-12-23_Swansea,ENG-Premier League,1718,2017-12-23 Swansea-Crystal Palace,1,2017,7299,2017-12-23,84,78,Swansea,Crystal Palace,CRY,SWA,1,1,0.546613,1.25546,True,True,https://understat.com/match/7299,Swansea
2017-12-23_West,ENG-Premier League,1718,2017-12-23 West Ham-Newcastle United,1,2017,7300,2017-12-23,81,86,West Ham,Newcastle United,NEW,WHU,2,3,2.31898,1.90622,True,True,https://understat.com/match/7300,West
2017-12-26_Bournemouth,ENG-Premier League,1718,2017-12-26 Bournemouth-West Ham,1,2017,7309,2017-12-26,73,81,Bournemouth,West Ham,WHU,BOU,3,3,2.84928,1.87596,True,True,https://understat.com/match/7309,Bournemouth
2017-12-26_Chelsea,ENG-Premier League,1718,2017-12-26 Chelsea-Brighton,1,2017,7310,2017-12-26,80,220,Chelsea,Brighton,BRI,CHE,2,0,2.16934,0.452601,True,True,https://understat.com/match/7310,Chelsea
2017-12-26_Huddersfield,ENG-Premier League,1718,2017-12-26 Huddersfield-Stoke,1,2017,7312,2017-12-26,219,85,Huddersfield,Stoke,STO,HUD,1,1,1.8756,1.19984,True,True,https://understat.com/match/7312,Huddersfield
2017-12-26_Liverpool,ENG-Premier League,1718,2017-12-26 Liverpool-Swansea,1,2017,7313,2017-12-26,87,84,Liverpool,Swansea,SWA,LIV,5,0,3.06422,0.2719,True,True,https://understat.com/match/7313,Liverpool
2017-12-26_Manchester,ENG-Premier League,1718,2017-12-26 Manchester United-Burnley,1,2017,7314,2017-12-26,89,92,Manchester United,Burnley,BUR,MUN,2,2,1.80763,0.786214,True,True,https://understat.com/match/7314,Manchester
2017-12-26_Tottenham,ENG-Premier League,1718,2017-12-26 Tottenham-Southampton,1,2017,7316,2017-12-26,82,74,Tottenham,Southampton,SOU,TOT,5,2,3.08413,0.591118,True,True,https://understat.com/match/7316,Tottenham
2017-12-26_Watford,ENG-Premier League,1718,2017-12-26 Watford-Leicester,1,2017,7317,2017-12-26,90,75,Watford,Leicester,LEI,WAT,2,1,1.43009,1.54771,True,True,https://understat.com/match/7317,Watford
2017-12-26_West,ENG-Premier League,1718,2017-12-26 West Bromwich Albion-Everton,1,2017,7318,2017-12-26,76,72,West Bromwich Albion,Everton,EVE,WBA,0,0,1.18168,0.405775,True,True,https://understat.com/match/7318,West
2017-12-27_Newcastle,ENG-Premier League,1718,2017-12-27 Newcastle United-Manchester City,1,2017,7315,2017-12-27,86,88,Newcastle United,Manchester City,MCI,NEW,0,1,0.174705,1.93187,True,True,https://understat.com/match/7315,Newcastle
2017-12-28_Crystal,ENG-Premier League,1718,2017-12-28 Crystal Palace-Arsenal,1,2017,7311,2017-12-28,78,83,Crystal Palace,Arsenal,ARS,CRY,2,3,1.14522,1.84104,True,True,https://understat.com/match/7311,Crystal
2017-12-30_Bournemouth,ENG-Premier League,1718,2017-12-30 Bournemouth-Everton,1,2017,7319,2017-12-30,73,72,Bournemouth,Everton,EVE,BOU,2,1,1.39955,0.599608,True,True,https://understat.com/match/7319,Bournemouth
2017-12-30_Chelsea,ENG-Premier League,1718,2017-12-30 Chelsea-Stoke,1,2017,7320,2017-12-30,80,85,Chelsea,Stoke,STO,CHE,5,0,3.09527,0.28218,True,True,https://understat.com/match/7320,Chelsea
2017-12-30_Huddersfield,ENG-Premier League,1718,2017-12-30 Huddersfield-Burnley,1,2017,7322,2017-12-30,219,92,Huddersfield,Burnley,BUR,HUD,0,0,0.049118,1.20923,True,True,https://understat.com/match/7322,Huddersfield
2017-12-30_Liverpool,ENG-Premier League,1718,2017-12-30 Liverpool-Leicester,1,2017,7323,2017-12-30,87,75,Liverpool,Leicester,LEI,LIV,2,1,2.56607,0.789667,True,True,https://understat.com/match/7323,Liverpool
2017-12-30_Manchester,ENG-Premier League,1718,2017-12-30 Manchester United-Southampton,1,2017,7324,2017-12-30,89,74,Manchester United,Southampton,SOU,MUN,0,0,1.87247,0.85013,True,True,https://understat.com/match/7324,Manchester
2017-12-30_Newcastle,ENG-Premier League,1718,2017-12-30 Newcastle United-Brighton,1,2017,7325,2017-12-30,86,220,Newcastle United,Brighton,BRI,NEW,0,0,0.504379,0.630058,True,True,https://understat.com/match/7325,Newcastle
2017-12-30_Watford,ENG-Premier League,1718,2017-12-30 Watford-Swansea,1,2017,7327,2017-12-30,90,84,Watford,Swansea,SWA,WAT,1,2,1.17794,1.31479,True,True,https://understat.com/match/7327,Watford
2017-12-31_Crystal,ENG-Premier League,1718,2017-12-31 Crystal Palace-Manchester City,1,2017,7321,2017-12-31,78,88,Crystal Palace,Manchester City,MCI,CRY,0,0,1.72153,1.09586,True,True,https://understat.com/match/7321,Crystal
2017-12-31_West,ENG-Premier League,1718,2017-12-31 West Bromwich Albion-Arsenal,1,2017,7328,2017-12-31,76,83,West Bromwich Albion,Arsenal,ARS,WBA,1,1,1.39429,0.917801,True,True,https://understat.com/match/7328,West
2018-01-01_Brighton,ENG-Premier League,1718,2018-01-01 Brighton-Bournemouth,1,2017,7331,2018-01-01,220,73,Brighton,Bournemouth,BOU,BRI,2,2,2.37332,1.28248,True,True,https://understat.com/match/7331,Brighton
2018-01-01_Burnley,ENG-Premier League,1718,2018-01-01 Burnley-Liverpool,1,2017,7332,2018-01-01,92,87,Burnley,Liverpool,LIV,BUR,1,2,0.900466,1.62514,True,True,https://understat.com/match/7332,Burnley
2018-01-01_Everton,ENG-Premier League,1718,2018-01-01 Everton-Manchester United,1,2017,7333,2018-01-01,72,89,Everton,Manchester United,MUN,EVE,0,2,1.23952,1.26247,True,True,https://understat.com/match/7333,Everton
2018-01-01_Leicester,ENG-Premier League,1718,2018-01-01 Leicester-Huddersfield,1,2017,7334,2018-01-01,75,219,Leicester,Huddersfield,HUD,LEI,3,0,1.45074,0.226625,True,True,https://understat.com/match/7334,Leicester
2018-01-01_Stoke,ENG-Premier League,1718,2018-01-01 Stoke-Newcastle United,1,2017,7337,2018-01-01,85,86,Stoke,Newcastle United,NEW,STO,0,1,1.50029,2.02028,True,True,https://understat.com/match/7337,Stoke
2018-01-02_Manchester,ENG-Premier League,1718,2018-01-02 Manchester City-Watford,1,2017,7335,2018-01-02,88,90,Manchester City,Watford,WAT,MCI,3,1,2.77398,0.965283,True,True,https://understat.com/match/7335,Manchester
2018-01-02_Southampton,ENG-Premier League,1718,2018-01-02 Southampton-Crystal Palace,1,2017,7336,2018-01-02,74,78,Southampton,Crystal Palace,CRY,SOU,1,2,0.445301,1.34294,True,True,https://understat.com/match/7336,Southampton
2018-01-02_Swansea,ENG-Premier League,1718,2018-01-02 Swansea-Tottenham,1,2017,7338,2018-01-02,84,82,Swansea,Tottenham,TOT,SWA,0,2,0.397789,1.61843,True,True,https://understat.com/match/7338,Swansea
2018-01-02_West,ENG-Premier League,1718,2018-01-02 West Ham-West Bromwich Albion,1,2017,7329,2018-01-02,81,76,West Ham,West Bromwich Albion,WBA,WHU,2,1,1.0594,0.63538,True,True,https://understat.com/match/7329,West
2018-01-03_Arsenal,ENG-Premier League,1718,2018-01-03 Arsenal-Chelsea,1,2017,7330,2018-01-03,83,80,Arsenal,Chelsea,CHE,ARS,2,2,1.23205,3.0768,True,True,https://understat.com/match/7330,Arsenal
2018-01-04_Tottenham,ENG-Premier League,1718,2018-01-04 Tottenham-West Ham,1,2017,7326,2018-01-04,82,81,Tottenham,West Ham,WHU,TOT,1,1,1.64908,0.612933,True,True,https://understat.com/match/7326,Tottenham
2018-01-13_Chelsea,ENG-Premier League,1718,2018-01-13 Chelsea-Leicester,1,2017,7340,2018-01-13,80,75,Chelsea,Leicester,LEI,CHE,0,0,0.622946,1.36341,True,True,https://understat.com/match/7340,Chelsea
2018-01-13_Crystal,ENG-Premier League,1718,2018-01-13 Crystal Palace-Burnley,1,2017,7341,2018-01-13,78,92,Crystal Palace,Burnley,BUR,CRY,1,0,1.80971,0.907849,True,True,https://understat.com/match/7341,Crystal
2018-01-13_Huddersfield,ENG-Premier League,1718,2018-01-13 Huddersfield-West Ham,1,2017,7342,2018-01-13,219,81,Huddersfield,West Ham,WHU,HUD,1,4,0.681,0.986853,True,True,https://understat.com/match/7342,Huddersfield
2018-01-13_Newcastle,ENG-Premier League,1718,2018-01-13 Newcastle United-Swansea,1,2017,7345,2018-01-13,86,84,Newcastle United,Swansea,SWA,NEW,1,1,1.8273,0.895774,True,True,https://understat.com/match/7345,Newcastle
2018-01-13_Tottenham,ENG-Premier League,1718,2018-01-13 Tottenham-Everton,1,2017,7346,2018-01-13,82,72,Tottenham,Everton,EVE,TOT,4,0,4.21366,0.290345,True,True,https://understat.com/match/7346,Tottenham
2018-01-13_Watford,ENG-Premier League,1718,2018-01-13 Watford-Southampton,1,2017,7347,2018-01-13,90,74,Watford,Southampton,SOU,WAT,2,2,1.67369,0.857637,True,True,https://understat.com/match/7347,Watford
2018-01-13_West,ENG-Premier League,1718,2018-01-13 West Bromwich Albion-Brighton,1,2017,7348,2018-01-13,76,220,West Bromwich Albion,Brighton,BRI,WBA,2,0,1.38478,0.530765,True,True,https://understat.com/match/7348,West
2018-01-14_Bournemouth,ENG-Premier League,1718,2018-01-14 Bournemouth-Arsenal,1,2017,7339,2018-01-14,73,83,Bournemouth,Arsenal,ARS,BOU,2,1,0.822285,1.00956,True,True,https://understat.com/match/7339,Bournemouth
2018-01-14_Liverpool,ENG-Premier League,1718,2018-01-14 Liverpool-Manchester City,1,2017,7343,2018-01-14,87,88,Liverpool,Manchester City,MCI,LIV,4,3,1.01595,0.722959,True,True,https://understat.com/match/7343,Liverpool
2018-01-15_Manchester,ENG-Premier League,1718,2018-01-15 Manchester United-Stoke,1,2017,7344,2018-01-15,89,85,Manchester United,Stoke,STO,MUN,3,0,1.9485,1.47603,True,True,https://understat.com/match/7344,Manchester
2018-01-20_Arsenal,ENG-Premier League,1718,2018-01-20 Arsenal-Crystal Palace,1,2017,7349,2018-01-20,83,78,Arsenal,Crystal Palace,CRY,ARS,4,1,3.56519,0.501202,True,True,https://understat.com/match/7349,Arsenal
2018-01-20_Brighton,ENG-Premier League,1718,2018-01-20 Brighton-Chelsea,1,2017,7350,2018-01-20,220,80,Brighton,Chelsea,CHE,BRI,0,4,0.881174,1.52008,True,True,https://understat.com/match/7350,Brighton
2018-01-20_Burnley,ENG-Premier League,1718,2018-01-20 Burnley-Manchester United,1,2017,7351,2018-01-20,92,89,Burnley,Manchester United,MUN,BUR,0,1,0.568215,0.860828,True,True,https://understat.com/match/7351,Burnley
2018-01-20_Everton,ENG-Premier League,1718,2018-01-20 Everton-West Bromwich Albion,1,2017,7352,2018-01-20,72,76,Everton,West Bromwich Albion,WBA,EVE,1,1,0.92355,1.34998,True,True,https://understat.com/match/7352,Everton
2018-01-20_Leicester,ENG-Premier League,1718,2018-01-20 Leicester-Watford,1,2017,7353,2018-01-20,75,90,Leicester,Watford,WAT,LEI,2,0,1.51932,0.740795,True,True,https://understat.com/match/7353,Leicester
2018-01-20_Manchester,ENG-Premier League,1718,2018-01-20 Manchester City-Newcastle United,1,2017,7354,2018-01-20,88,86,Manchester City,Newcastle United,NEW,MCI,3,1,2.5505,0.992018,True,True,https://understat.com/match/7354,Manchester
2018-01-20_Stoke,ENG-Premier League,1718,2018-01-20 Stoke-Huddersfield,1,2017,7356,2018-01-20,85,219,Stoke,Huddersfield,HUD,STO,2,0,0.987799,0.238458,True,True,https://understat.com/match/7356,Stoke
2018-01-20_West,ENG-Premier League,1718,2018-01-20 West Ham-Bournemouth,1,2017,7358,2018-01-20,81,73,West Ham,Bournemouth,BOU,WHU,1,1,0.980241,0.501886,True,True,https://understat.com/match/7358,West
2018-01-21_Southampton,ENG-Premier League,1718,2018-01-21 Southampton-Tottenham,1,2017,7355,2018-01-21,74,82,Southampton,Tottenham,TOT,SOU,1,1,1.15209,1.30653,True,True,https://understat.com/match/7355,Southampton
2018-01-22_Swansea,ENG-Premier League,1718,2018-01-22 Swansea-Liverpool,1,2017,7357,2018-01-22,84,87,Swansea,Liverpool,LIV,SWA,1,0,0.498742,2.19675,True,True,https://understat.com/match/7357,Swansea
2018-01-30_Huddersfield,ENG-Premier League,1718,2018-01-30 Huddersfield-Liverpool,1,2017,7359,2018-01-30,219,87,Huddersfield,Liverpool,LIV,HUD,0,3,0.288048,2.05148,True,True,https://understat.com/match/7359,Huddersfield
2018-01-30_Swansea,ENG-Premier League,1718,2018-01-30 Swansea-Arsenal,1,2017,7361,2018-01-30,84,83,Swansea,Arsenal,ARS,SWA,3,1,2.37911,1.15616,True,True,https://understat.com/match/7361,Swansea
2018-01-30_West,ENG-Premier League,1718,2018-01-30 West Ham-Crystal Palace,1,2017,7360,2018-01-30,81,78,West Ham,Crystal Palace,CRY,WHU,1,1,1.11632,1.15809,True,True,https://understat.com/match/7360,West
2018-01-31_Chelsea,ENG-Premier League,1718,2018-01-31 Chelsea-Bournemouth,1,2017,7362,2018-01-31,80,73,Chelsea,Bournemouth,BOU,CHE,0,3,1.14795,1.42447,True,True,https://understat.com/match/7362,Chelsea
2018-01-31_Everton,ENG-Premier League,1718,2018-01-31 Everton-Leicester,1,2017,7365,2018-01-31,72,75,Everton,Leicester,LEI,EVE,2,1,1.53072,2.65018,True,True,https://understat.com/match/7365,Everton
2018-01-31_Manchester,ENG-Premier League,1718,2018-01-31 Manchester City-West Bromwich Albion,1,2017,7366,2018-01-31,88,76,Manchester City,West Bromwich Albion,WBA,MCI,3,0,2.68955,0.118043,True,True,https://understat.com/match/7366,Manchester
2018-01-31_Newcastle,ENG-Premier League,1718,2018-01-31 Newcastle United-Burnley,1,2017,7364,2018-01-31,86,92,Newcastle United,Burnley,BUR,NEW,1,1,2.52275,1.22828,True,True,https://understat.com/match/7364,Newcastle
2018-01-31_Southampton,ENG-Premier League,1718,2018-01-31 Southampton-Brighton,1,2017,7363,2018-01-31,74,220,Southampton,Brighton,BRI,SOU,1,1,1.27393,1.07907,True,True,https://understat.com/match/7363,Southampton
2018-01-31_Stoke,ENG-Premier League,1718,2018-01-31 Stoke-Watford,1,2017,7368,2018-01-31,85,90,Stoke,Watford,WAT,STO,0,0,0.722172,0.740773,True,True,https://understat.com/match/7368,Stoke
2018-01-31_Tottenham,ENG-Premier League,1718,2018-01-31 Tottenham-Manchester United,1,2017,7367,2018-01-31,82,89,Tottenham,Manchester United,MUN,TOT,2,0,2.0117,0.817997,True,True,https://understat.com/match/7367,Tottenham
2018-02-03_Arsenal,ENG-Premier League,1718,2018-02-03 Arsenal-Everton,1,2017,7369,2018-02-03,83,72,Arsenal,Everton,EVE,ARS,5,1,3.19622,1.49065,True,True,https://understat.com/match/7369,Arsenal
2018-02-03_Bournemouth,ENG-Premier League,1718,2018-02-03 Bournemouth-Stoke,1,2017,7370,2018-02-03,73,85,Bournemouth,Stoke,STO,BOU,2,1,1.91091,0.721222,True,True,https://understat.com/match/7370,Bournemouth
2018-02-03_Brighton,ENG-Premier League,1718,2018-02-03 Brighton-West Ham,1,2017,7371,2018-02-03,220,81,Brighton,West Ham,WHU,BRI,3,1,1.64227,0.443751,True,True,https://understat.com/match/7371,Brighton
2018-02-03_Burnley,ENG-Premier League,1718,2018-02-03 Burnley-Manchester City,1,2017,7372,2018-02-03,92,88,Burnley,Manchester City,MCI,BUR,1,1,0.795971,2.24914,True,True,https://understat.com/match/7372,Burnley
2018-02-03_Leicester,ENG-Premier League,1718,2018-02-03 Leicester-Swansea,1,2017,7374,2018-02-03,75,84,Leicester,Swansea,SWA,LEI,1,1,1.48466,0.569943,True,True,https://understat.com/match/7374,Leicester
2018-02-03_Manchester,ENG-Premier League,1718,2018-02-03 Manchester United-Huddersfield,1,2017,7376,2018-02-03,89,219,Manchester United,Huddersfield,HUD,MUN,2,0,1.63389,0.13049,True,True,https://understat.com/match/7376,Manchester
2018-02-03_West,ENG-Premier League,1718,2018-02-03 West Bromwich Albion-Southampton,1,2017,7378,2018-02-03,76,74,West Bromwich Albion,Southampton,SOU,WBA,2,3,0.876603,0.99695,True,True,https://understat.com/match/7378,West
2018-02-04_Crystal,ENG-Premier League,1718,2018-02-04 Crystal Palace-Newcastle United,1,2017,7373,2018-02-04,78,86,Crystal Palace,Newcastle United,NEW,CRY,1,1,3.00238,1.14408,True,True,https://understat.com/match/7373,Crystal
2018-02-04_Liverpool,ENG-Premier League,1718,2018-02-04 Liverpool-Tottenham,1,2017,7375,2018-02-04,87,82,Liverpool,Tottenham,TOT,LIV,2,2,1.28962,2.54392,True,True,https://understat.com/match/7375,Liverpool
2018-02-05_Watford,ENG-Premier League,1718,2018-02-05 Watford-Chelsea,1,2017,7377,2018-02-05,90,80,Watford,Chelsea,CHE,WAT,4,1,2.12696,0.573557,True,True,https://understat.com/match/7377,Watford
2018-02-10_Everton,ENG-Premier League,1718,2018-02-10 Everton-Crystal Palace,1,2017,7380,2018-02-10,72,78,Everton,Crystal Palace,CRY,EVE,3,1,1.48792,1.65713,True,True,https://understat.com/match/7380,Everton
2018-02-10_Manchester,ENG-Premier League,1718,2018-02-10 Manchester City-Leicester,1,2017,7382,2018-02-10,88,75,Manchester City,Leicester,LEI,MCI,5,1,2.59121,0.109716,True,True,https://understat.com/match/7382,Manchester
2018-02-10_Stoke,ENG-Premier League,1718,2018-02-10 Stoke-Brighton,1,2017,7385,2018-02-10,85,220,Stoke,Brighton,BRI,STO,1,1,1.39547,0.897856,True,True,https://understat.com/match/7385,Stoke
2018-02-10_Swansea,ENG-Premier League,1718,2018-02-10 Swansea-Burnley,1,2017,7386,2018-02-10,84,92,Swansea,Burnley,BUR,SWA,1,0,0.843332,0.430729,True,True,https://understat.com/match/7386,Swansea
2018-02-10_Tottenham,ENG-Premier League,1718,2018-02-10 Tottenham-Arsenal,1,2017,7387,2018-02-10,82,83,Tottenham,Arsenal,ARS,TOT,1,0,2.63564,0.487297,True,True,https://understat.com/match/7387,Tottenham
2018-02-10_West,ENG-Premier League,1718,2018-02-10 West Ham-Watford,1,2017,7388,2018-02-10,81,90,West Ham,Watford,WAT,WHU,2,0,1.83359,0.799928,True,True,https://understat.com/match/7388,West
2018-02-11_Huddersfield,ENG-Premier League,1718,2018-02-11 Huddersfield-Bournemouth,1,2017,7381,2018-02-11,219,73,Huddersfield,Bournemouth,BOU,HUD,4,1,2.56699,0.433555,True,True,https://understat.com/match/7381,Huddersfield
2018-02-11_Newcastle,ENG-Premier League,1718,2018-02-11 Newcastle United-Manchester United,1,2017,7383,2018-02-11,86,89,Newcastle United,Manchester United,MUN,NEW,1,0,0.676656,1.71995,True,True,https://understat.com/match/7383,Newcastle
2018-02-11_Southampton,ENG-Premier League,1718,2018-02-11 Southampton-Liverpool,1,2017,7384,2018-02-11,74,87,Southampton,Liverpool,LIV,SOU,0,2,0.854343,2.35575,True,True,https://understat.com/match/7384,Southampton
2018-02-12_Chelsea,ENG-Premier League,1718,2018-02-12 Chelsea-West Bromwich Albion,1,2017,7379,2018-02-12,80,76,Chelsea,West Bromwich Albion,WBA,CHE,3,0,2.37995,0.628806,True,True,https://understat.com/match/7379,Chelsea
2018-02-24_Bournemouth,ENG-Premier League,1718,2018-02-24 Bournemouth-Newcastle United,1,2017,7390,2018-02-24,73,86,Bournemouth,Newcastle United,NEW,BOU,2,2,1.20646,4.23567,True,True,https://understat.com/match/7390,Bournemouth
2018-02-24_Brighton,ENG-Premier League,1718,2018-02-24 Brighton-Swansea,1,2017,7391,2018-02-24,220,84,Brighton,Swansea,SWA,BRI,4,1,3.2913,0.443169,True,True,https://understat.com/match/7391,Brighton
2018-02-24_Burnley,ENG-Premier League,1718,2018-02-24 Burnley-Southampton,1,2017,7398,2018-02-24,92,74,Burnley,Southampton,SOU,BUR,1,1,1.28178,0.65898,True,True,https://understat.com/match/7398,Burnley
2018-02-24_Leicester,ENG-Premier League,1718,2018-02-24 Leicester-Stoke,1,2017,7396,2018-02-24,75,85,Leicester,Stoke,STO,LEI,1,1,1.12487,0.166078,True,True,https://understat.com/match/7396,Leicester
2018-02-24_Liverpool,ENG-Premier League,1718,2018-02-24 Liverpool-West Ham,1,2017,7395,2018-02-24,87,81,Liverpool,West Ham,WHU,LIV,4,1,3.9205,0.33527,True,True,https://understat.com/match/7395,Liverpool
2018-02-24_Watford,ENG-Premier League,1718,2018-02-24 Watford-Everton,1,2017,7392,2018-02-24,90,72,Watford,Everton,EVE,WAT,1,0,0.606929,0.665127,True,True,https://understat.com/match/7392,Watford
2018-02-24_West,ENG-Premier League,1718,2018-02-24 West Bromwich Albion-Huddersfield,1,2017,7394,2018-02-24,76,219,West Bromwich Albion,Huddersfield,HUD,WBA,1,2,1.50162,1.18101,True,True,https://understat.com/match/7394,West
2018-02-25_Crystal,ENG-Premier League,1718,2018-02-25 Crystal Palace-Tottenham,1,2017,7397,2018-02-25,78,82,Crystal Palace,Tottenham,TOT,CRY,0,1,0.184958,1.65074,True,True,https://understat.com/match/7397,Crystal
2018-02-25_Manchester,ENG-Premier League,1718,2018-02-25 Manchester United-Chelsea,1,2017,7393,2018-02-25,89,80,Manchester United,Chelsea,CHE,MUN,2,1,1.30036,1.68958,True,True,https://understat.com/match/7393,Manchester
2018-03-01_Arsenal,ENG-Premier League,1718,2018-03-01 Arsenal-Manchester City,1,2017,7389,2018-03-01,83,88,Arsenal,Manchester City,MCI,ARS,0,3,1.30172,1.92605,True,True,https://understat.com/match/7389,Arsenal
2018-03-03_Burnley,ENG-Premier League,1718,2018-03-03 Burnley-Everton,1,2017,7400,2018-03-03,92,72,Burnley,Everton,EVE,BUR,2,1,2.33524,1.79993,True,True,https://understat.com/match/7400,Burnley
2018-03-03_Leicester,ENG-Premier League,1718,2018-03-03 Leicester-Bournemouth,1,2017,7402,2018-03-03,75,73,Leicester,Bournemouth,BOU,LEI,1,1,2.97799,1.4035,True,True,https://understat.com/match/7402,Leicester
2018-03-03_Liverpool,ENG-Premier League,1718,2018-03-03 Liverpool-Newcastle United,1,2017,7403,2018-03-03,87,86,Liverpool,Newcastle United,NEW,LIV,2,0,1.56935,0.255322,True,True,https://understat.com/match/7403,Liverpool
2018-03-03_Southampton,ENG-Premier League,1718,2018-03-03 Southampton-Stoke,1,2017,7405,2018-03-03,74,85,Southampton,Stoke,STO,SOU,0,0,0.982895,0.385303,True,True,https://understat.com/match/7405,Southampton
2018-03-03_Swansea,ENG-Premier League,1718,2018-03-03 Swansea-West Ham,1,2017,7406,2018-03-03,84,81,Swansea,West Ham,WHU,SWA,4,1,2.30838,0.497211,True,True,https://understat.com/match/7406,Swansea
2018-03-03_Tottenham,ENG-Premier League,1718,2018-03-03 Tottenham-Huddersfield,1,2017,7407,2018-03-03,82,219,Tottenham,Huddersfield,HUD,TOT,2,0,1.63794,0.138106,True,True,https://understat.com/match/7407,Tottenham
2018-03-03_Watford,ENG-Premier League,1718,2018-03-03 Watford-West Bromwich Albion,1,2017,7408,2018-03-03,90,76,Watford,West Bromwich Albion,WBA,WAT,1,0,1.23526,1.09115,True,True,https://understat.com/match/7408,Watford
2018-03-04_Brighton,ENG-Premier League,1718,2018-03-04 Brighton-Arsenal,1,2017,7399,2018-03-04,220,83,Brighton,Arsenal,ARS,BRI,2,1,1.48498,0.801513,True,True,https://understat.com/match/7399,Brighton
2018-03-04_Manchester,ENG-Premier League,1718,2018-03-04 Manchester City-Chelsea,1,2017,7404,2018-03-04,88,80,Manchester City,Chelsea,CHE,MCI,1,0,0.953312,0.118301,True,True,https://understat.com/match/7404,Manchester
2018-03-05_Crystal,ENG-Premier League,1718,2018-03-05 Crystal Palace-Manchester United,1,2017,7401,2018-03-05,78,89,Crystal Palace,Manchester United,MUN,CRY,2,3,0.74138,1.25439,True,True,https://understat.com/match/7401,Crystal
2018-03-10_Chelsea,ENG-Premier League,1718,2018-03-10 Chelsea-Crystal Palace,1,2017,7411,2018-03-10,80,78,Chelsea,Crystal Palace,CRY,CHE,2,1,3.87829,1.13893,True,True,https://understat.com/match/7411,Chelsea
2018-03-10_Everton,ENG-Premier League,1718,2018-03-10 Everton-Brighton,1,2017,7412,2018-03-10,72,220,Everton,Brighton,BRI,EVE,2,0,1.68868,0.321797,True,True,https://understat.com/match/7412,Everton
2018-03-10_Huddersfield,ENG-Premier League,1718,2018-03-10 Huddersfield-Swansea,1,2017,7413,2018-03-10,219,84,Huddersfield,Swansea,SWA,HUD,0,0,1.39381,0.0,True,True,https://understat.com/match/7413,Huddersfield
2018-03-10_Manchester,ENG-Premier League,1718,2018-03-10 Manchester United-Liverpool,1,2017,7414,2018-03-10,89,87,Manchester United,Liverpool,LIV,MUN,2,1,0.845051,0.777089,True,True,https://understat.com/match/7414,Manchester
2018-03-10_Newcastle,ENG-Premier League,1718,2018-03-10 Newcastle United-Southampton,1,2017,7415,2018-03-10,86,74,Newcastle United,Southampton,SOU,NEW,3,0,1.35847,0.496723,True,True,https://understat.com/match/7415,Newcastle
2018-03-10_West,ENG-Premier League,1718,2018-03-10 West Bromwich Albion-Leicester,1,2017,7417,2018-03-10,76,75,West Bromwich Albion,Leicester,LEI,WBA,1,4,0.360925,1.86524,True,True,https://understat.com/match/7417,West
2018-03-10_West,ENG-Premier League,1718,2018-03-10 West Ham-Burnley,1,2017,7418,2018-03-10,81,92,West Ham,Burnley,BUR,WHU,0,3,0.72673,1.41929,True,True,https://understat.com/match/7418,West
2018-03-11_Arsenal,ENG-Premier League,1718,2018-03-11 Arsenal-Watford,1,2017,7409,2018-03-11,83,90,Arsenal,Watford,WAT,ARS,3,0,2.38263,1.54676,True,True,https://understat.com/match/7409,Arsenal
2018-03-11_Bournemouth,ENG-Premier League,1718,2018-03-11 Bournemouth-Tottenham,1,2017,7410,2018-03-11,73,82,Bournemouth,Tottenham,TOT,BOU,1,4,1.17387,2.53124,True,True,https://understat.com/match/7410,Bournemouth
2018-03-12_Stoke,ENG-Premier League,1718,2018-03-12 Stoke-Manchester City,1,2017,7416,2018-03-12,85,88,Stoke,Manchester City,MCI,STO,0,2,0.157023,1.64562,True,True,https://understat.com/match/7416,Stoke
2018-03-17_Bournemouth,ENG-Premier League,1718,2018-03-17 Bournemouth-West Bromwich Albion,1,2017,7419,2018-03-17,73,76,Bournemouth,West Bromwich Albion,WBA,BOU,2,1,0.685329,1.74488,True,True,https://understat.com/match/7419,Bournemouth
2018-03-17_Huddersfield,ENG-Premier League,1718,2018-03-17 Huddersfield-Crystal Palace,1,2017,7421,2018-03-17,219,78,Huddersfield,Crystal Palace,CRY,HUD,0,2,0.220381,2.74705,True,True,https://understat.com/match/7421,Huddersfield
2018-03-17_Liverpool,ENG-Premier League,1718,2018-03-17 Liverpool-Watford,1,2017,7423,2018-03-17,87,90,Liverpool,Watford,WAT,LIV,5,0,1.81208,0.35476,True,True,https://understat.com/match/7423,Liverpool
2018-03-17_Stoke,ENG-Premier League,1718,2018-03-17 Stoke-Everton,1,2017,7425,2018-03-17,85,72,Stoke,Everton,EVE,STO,1,2,0.894266,2.97881,True,True,https://understat.com/match/7425,Stoke
2018-03-31_Brighton,ENG-Premier League,1718,2018-03-31 Brighton-Leicester,1,2017,7430,2018-03-31,220,75,Brighton,Leicester,LEI,BRI,0,2,1.60322,1.26582,True,True,https://understat.com/match/7430,Brighton
2018-03-31_Crystal,ENG-Premier League,1718,2018-03-31 Crystal Palace-Liverpool,1,2017,7432,2018-03-31,78,87,Crystal Palace,Liverpool,LIV,CRY,1,2,1.90868,1.72037,True,True,https://understat.com/match/7432,Crystal
2018-03-31_Everton,ENG-Premier League,1718,2018-03-31 Everton-Manchester City,1,2017,7433,2018-03-31,72,88,Everton,Manchester City,MCI,EVE,1,3,0.859628,1.91312,True,True,https://understat.com/match/7433,Everton
2018-03-31_Manchester,ENG-Premier League,1718,2018-03-31 Manchester United-Swansea,1,2017,7435,2018-03-31,89,84,Manchester United,Swansea,SWA,MUN,2,0,2.14368,0.138813,True,True,https://understat.com/match/7435,Manchester
2018-03-31_Newcastle,ENG-Premier League,1718,2018-03-31 Newcastle United-Huddersfield,1,2017,7436,2018-03-31,86,219,Newcastle United,Huddersfield,HUD,NEW,1,0,2.53617,0.280847,True,True,https://understat.com/match/7436,Newcastle
2018-03-31_Watford,ENG-Premier League,1718,2018-03-31 Watford-Bournemouth,1,2017,7437,2018-03-31,90,73,Watford,Bournemouth,BOU,WAT,2,2,0.76133,2.1146,True,True,https://understat.com/match/7437,Watford
2018-03-31_West,ENG-Premier League,1718,2018-03-31 West Bromwich Albion-Burnley,1,2017,7438,2018-03-31,76,92,West Bromwich Albion,Burnley,BUR,WBA,1,2,0.394723,1.41534,True,True,https://understat.com/match/7438,West
2018-03-31_West,ENG-Premier League,1718,2018-03-31 West Ham-Southampton,1,2017,7434,2018-03-31,81,74,West Ham,Southampton,SOU,WHU,3,0,1.44971,0.446641,True,True,https://understat.com/match/7434,West
2018-04-01_Arsenal,ENG-Premier League,1718,2018-04-01 Arsenal-Stoke,1,2017,7429,2018-04-01,83,85,Arsenal,Stoke,STO,ARS,3,0,3.56649,0.342516,True,True,https://understat.com/match/7429,Arsenal
2018-04-01_Chelsea,ENG-Premier League,1718,2018-04-01 Chelsea-Tottenham,1,2017,7431,2018-04-01,80,82,Chelsea,Tottenham,TOT,CHE,1,3,1.209,1.3895,True,True,https://understat.com/match/7431,Chelsea
2018-04-07_Bournemouth,ENG-Premier League,1718,2018-04-07 Bournemouth-Crystal Palace,1,2017,7440,2018-04-07,73,78,Bournemouth,Crystal Palace,CRY,BOU,2,2,2.09227,1.14558,True,True,https://understat.com/match/7440,Bournemouth
2018-04-07_Brighton,ENG-Premier League,1718,2018-04-07 Brighton-Huddersfield,1,2017,7441,2018-04-07,220,219,Brighton,Huddersfield,HUD,BRI,1,1,1.53244,1.48964,True,True,https://understat.com/match/7441,Brighton
2018-04-07_Everton,ENG-Premier League,1718,2018-04-07 Everton-Liverpool,1,2017,7443,2018-04-07,72,87,Everton,Liverpool,LIV,EVE,0,0,0.723427,0.947321,True,True,https://understat.com/match/7443,Everton
2018-04-07_Leicester,ENG-Premier League,1718,2018-04-07 Leicester-Newcastle United,1,2017,7444,2018-04-07,75,86,Leicester,Newcastle United,NEW,LEI,1,2,1.09224,0.285116,True,True,https://understat.com/match/7444,Leicester
2018-04-07_Manchester,ENG-Premier League,1718,2018-04-07 Manchester City-Manchester United,1,2017,7445,2018-04-07,88,89,Manchester City,Manchester United,MUN,MCI,2,3,3.42967,1.21683,True,True,https://understat.com/match/7445,Manchester
2018-04-07_Stoke,ENG-Premier League,1718,2018-04-07 Stoke-Tottenham,1,2017,7446,2018-04-07,85,82,Stoke,Tottenham,TOT,STO,1,2,1.40115,1.79894,True,True,https://understat.com/match/7446,Stoke
2018-04-07_Watford,ENG-Premier League,1718,2018-04-07 Watford-Burnley,1,2017,7447,2018-04-07,90,92,Watford,Burnley,BUR,WAT,1,2,1.36685,1.38319,True,True,https://understat.com/match/7447,Watford
2018-04-07_West,ENG-Premier League,1718,2018-04-07 West Bromwich Albion-Swansea,1,2017,7448,2018-04-07,76,84,West Bromwich Albion,Swansea,SWA,WBA,1,1,1.22912,0.655729,True,True,https://understat.com/match/7448,West
2018-04-08_Arsenal,ENG-Premier League,1718,2018-04-08 Arsenal-Southampton,1,2017,7439,2018-04-08,83,74,Arsenal,Southampton,SOU,ARS,3,2,1.58895,2.16699,True,True,https://understat.com/match/7439,Arsenal
2018-04-08_Chelsea,ENG-Premier League,1718,2018-04-08 Chelsea-West Ham,1,2017,7442,2018-04-08,80,81,Chelsea,West Ham,WHU,CHE,1,1,2.12073,0.302554,True,True,https://understat.com/match/7442,Chelsea
2018-04-14_Burnley,ENG-Premier League,1718,2018-04-14 Burnley-Leicester,1,2017,7449,2018-04-14,92,75,Burnley,Leicester,LEI,BUR,2,1,1.05951,1.99812,True,True,https://understat.com/match/7449,Burnley
2018-04-14_Crystal,ENG-Premier League,1718,2018-04-14 Crystal Palace-Brighton,1,2017,7450,2018-04-14,78,220,Crystal Palace,Brighton,BRI,CRY,3,2,2.49925,1.54485,True,True,https://understat.com/match/7450,Crystal
2018-04-14_Huddersfield,ENG-Premier League,1718,2018-04-14 Huddersfield-Watford,1,2017,7451,2018-04-14,219,90,Huddersfield,Watford,WAT,HUD,1,0,0.929512,0.306273,True,True,https://understat.com/match/7451,Huddersfield
2018-04-14_Liverpool,ENG-Premier League,1718,2018-04-14 Liverpool-Bournemouth,1,2017,7452,2018-04-14,87,73,Liverpool,Bournemouth,BOU,LIV,3,0,2.6402,0.540593,True,True,https://understat.com/match/7452,Liverpool
2018-04-14_Southampton,ENG-Premier League,1718,2018-04-14 Southampton-Chelsea,1,2017,7455,2018-04-14,74,80,Southampton,Chelsea,CHE,SOU,2,3,1.2922,0.663817,True,True,https://understat.com/match/7455,Southampton
2018-04-14_Swansea,ENG-Premier League,1718,2018-04-14 Swansea-Everton,1,2017,7456,2018-04-14,84,72,Swansea,Everton,EVE,SWA,1,1,1.19751,1.61456,True,True,https://understat.com/match/7456,Swansea
2018-04-14_Tottenham,ENG-Premier League,1718,2018-04-14 Tottenham-Manchester City,1,2017,7457,2018-04-14,82,88,Tottenham,Manchester City,MCI,TOT,1,3,0.445014,3.61987,True,True,https://understat.com/match/7457,Tottenham
2018-04-15_Manchester,ENG-Premier League,1718,2018-04-15 Manchester United-West Bromwich Albion,1,2017,7453,2018-04-15,89,76,Manchester United,West Bromwich Albion,WBA,MUN,0,1,0.639748,0.824508,True,True,https://understat.com/match/7453,Manchester
2018-04-15_Newcastle,ENG-Premier League,1718,2018-04-15 Newcastle United-Arsenal,1,2017,7454,2018-04-15,86,83,Newcastle United,Arsenal,ARS,NEW,2,1,0.888452,1.41538,True,True,https://understat.com/match/7454,Newcastle
2018-04-16_West,ENG-Premier League,1718,2018-04-16 West Ham-Stoke,1,2017,7458,2018-04-16,81,85,West Ham,Stoke,STO,WHU,1,1,0.807456,1.41085,True,True,https://understat.com/match/7458,West
2018-04-17_Brighton,ENG-Premier League,1718,2018-04-17 Brighton-Tottenham,1,2017,7462,2018-04-17,220,82,Brighton,Tottenham,TOT,BRI,1,1,0.988099,1.36248,True,True,https://understat.com/match/7462,Brighton
2018-04-18_Bournemouth,ENG-Premier League,1718,2018-04-18 Bournemouth-Manchester United,1,2017,7463,2018-04-18,73,89,Bournemouth,Manchester United,MUN,BOU,0,2,1.18301,1.61597,True,True,https://understat.com/match/7463,Bournemouth
2018-04-19_Burnley,ENG-Premier League,1718,2018-04-19 Burnley-Chelsea,1,2017,7420,2018-04-19,92,80,Burnley,Chelsea,CHE,BUR,1,2,0.221642,1.7717,True,True,https://understat.com/match/7420,Burnley
2018-04-19_Leicester,ENG-Premier League,1718,2018-04-19 Leicester-Southampton,1,2017,7464,2018-04-19,75,74,Leicester,Southampton,SOU,LEI,0,0,0.515248,0.651171,True,True,https://understat.com/match/7464,Leicester
2018-04-21_Watford,ENG-Premier League,1718,2018-04-21 Watford-Crystal Palace,1,2017,7467,2018-04-21,90,78,Watford,Crystal Palace,CRY,WAT,0,0,0.59455,0.182325,True,True,https://understat.com/match/7467,Watford
2018-04-21_West,ENG-Premier League,1718,2018-04-21 West Bromwich Albion-Liverpool,1,2017,7468,2018-04-21,76,87,West Bromwich Albion,Liverpool,LIV,WBA,2,2,1.39669,1.6393,True,True,https://understat.com/match/7468,West
2018-04-22_Arsenal,ENG-Premier League,1718,2018-04-22 Arsenal-West Ham,1,2017,7459,2018-04-22,83,81,Arsenal,West Ham,WHU,ARS,4,1,2.07299,0.623161,True,True,https://understat.com/match/7459,Arsenal
2018-04-22_Manchester,ENG-Premier League,1718,2018-04-22 Manchester City-Swansea,1,2017,7465,2018-04-22,88,84,Manchester City,Swansea,SWA,MCI,5,0,3.41675,0.297493,True,True,https://understat.com/match/7465,Manchester
2018-04-22_Stoke,ENG-Premier League,1718,2018-04-22 Stoke-Burnley,1,2017,7466,2018-04-22,85,92,Stoke,Burnley,BUR,STO,1,1,0.356095,1.61309,True,True,https://understat.com/match/7466,Stoke
2018-04-23_Everton,ENG-Premier League,1718,2018-04-23 Everton-Newcastle United,1,2017,7461,2018-04-23,72,86,Everton,Newcastle United,NEW,EVE,1,0,0.948534,0.480957,True,True,https://understat.com/match/7461,Everton
2018-04-28_Burnley,ENG-Premier League,1718,2018-04-28 Burnley-Brighton,1,2017,7469,2018-04-28,92,220,Burnley,Brighton,BRI,BUR,0,0,1.54596,0.378409,True,True,https://understat.com/match/7469,Burnley
2018-04-28_Crystal,ENG-Premier League,1718,2018-04-28 Crystal Palace-Leicester,1,2017,7470,2018-04-28,78,75,Crystal Palace,Leicester,LEI,CRY,5,0,2.7876,0.941395,True,True,https://understat.com/match/7470,Crystal
2018-04-28_Huddersfield,ENG-Premier League,1718,2018-04-28 Huddersfield-Everton,1,2017,7471,2018-04-28,219,72,Huddersfield,Everton,EVE,HUD,0,2,0.56538,0.943754,True,True,https://understat.com/match/7471,Huddersfield
2018-04-28_Liverpool,ENG-Premier League,1718,2018-04-28 Liverpool-Stoke,1,2017,7472,2018-04-28,87,85,Liverpool,Stoke,STO,LIV,0,0,2.11658,0.777827,True,True,https://understat.com/match/7472,Liverpool
2018-04-28_Newcastle,ENG-Premier League,1718,2018-04-28 Newcastle United-West Bromwich Albion,1,2017,7474,2018-04-28,86,76,Newcastle United,West Bromwich Albion,WBA,NEW,0,1,1.58397,0.703096,True,True,https://understat.com/match/7474,Newcastle
2018-04-28_Southampton,ENG-Premier League,1718,2018-04-28 Southampton-Bournemouth,1,2017,7475,2018-04-28,74,73,Southampton,Bournemouth,BOU,SOU,2,1,1.72584,1.01741,True,True,https://understat.com/match/7475,Southampton
2018-04-28_Swansea,ENG-Premier League,1718,2018-04-28 Swansea-Chelsea,1,2017,7476,2018-04-28,84,80,Swansea,Chelsea,CHE,SWA,0,1,0.502964,1.45426,True,True,https://understat.com/match/7476,Swansea
2018-04-29_Manchester,ENG-Premier League,1718,2018-04-29 Manchester United-Arsenal,1,2017,7473,2018-04-29,89,83,Manchester United,Arsenal,ARS,MUN,2,1,1.54667,0.651541,True,True,https://understat.com/match/7473,Manchester
2018-04-29_West,ENG-Premier League,1718,2018-04-29 West Ham-Manchester City,1,2017,7478,2018-04-29,81,88,West Ham,Manchester City,MCI,WHU,1,4,0.228917,2.29076,True,True,https://understat.com/match/7478,West
2018-04-30_Tottenham,ENG-Premier League,1718,2018-04-30 Tottenham-Watford,1,2017,7477,2018-04-30,82,90,Tottenham,Watford,WAT,TOT,2,0,1.76757,1.36928,True,True,https://understat.com/match/7477,Tottenham
2018-05-04_Brighton,ENG-Premier League,1718,2018-05-04 Brighton-Manchester United,1,2017,7484,2018-05-04,220,89,Brighton,Manchester United,MUN,BRI,1,0,0.922771,0.652444,True,True,https://understat.com/match/7484,Brighton
2018-05-05_Bournemouth,ENG-Premier League,1718,2018-05-05 Bournemouth-Swansea,1,2017,7488,2018-05-05,73,84,Bournemouth,Swansea,SWA,BOU,1,0,1.69618,1.0138,True,True,https://understat.com/match/7488,Bournemouth
2018-05-05_Everton,ENG-Premier League,1718,2018-05-05 Everton-Southampton,1,2017,7486,2018-05-05,72,74,Everton,Southampton,SOU,EVE,1,1,0.420891,0.634996,True,True,https://understat.com/match/7486,Everton
2018-05-05_Leicester,ENG-Premier League,1718,2018-05-05 Leicester-West Ham,1,2017,7479,2018-05-05,75,81,Leicester,West Ham,WHU,LEI,0,2,0.391738,1.43027,True,True,https://understat.com/match/7479,Leicester
2018-05-05_Stoke,ENG-Premier League,1718,2018-05-05 Stoke-Crystal Palace,1,2017,7481,2018-05-05,85,78,Stoke,Crystal Palace,CRY,STO,1,2,0.750175,1.31471,True,True,https://understat.com/match/7481,Stoke
2018-05-05_Watford,ENG-Premier League,1718,2018-05-05 Watford-Newcastle United,1,2017,7482,2018-05-05,90,86,Watford,Newcastle United,NEW,WAT,2,1,2.81246,0.613901,True,True,https://understat.com/match/7482,Watford
2018-05-05_West,ENG-Premier League,1718,2018-05-05 West Bromwich Albion-Tottenham,1,2017,7483,2018-05-05,76,82,West Bromwich Albion,Tottenham,TOT,WBA,1,0,1.21792,0.969481,True,True,https://understat.com/match/7483,West
2018-05-06_Arsenal,ENG-Premier League,1718,2018-05-06 Arsenal-Burnley,1,2017,7487,2018-05-06,83,92,Arsenal,Burnley,BUR,ARS,5,0,2.92408,0.21671,True,True,https://understat.com/match/7487,Arsenal
2018-05-06_Chelsea,ENG-Premier League,1718,2018-05-06 Chelsea-Liverpool,1,2017,7485,2018-05-06,80,87,Chelsea,Liverpool,LIV,CHE,1,0,0.806168,0.427002,True,True,https://understat.com/match/7485,Chelsea
2018-05-06_Manchester,ENG-Premier League,1718,2018-05-06 Manchester City-Huddersfield,1,2017,7480,2018-05-06,88,219,Manchester City,Huddersfield,HUD,MCI,0,0,0.78641,0.54565,True,True,https://understat.com/match/7480,Manchester
2018-05-08_Swansea,ENG-Premier League,1718,2018-05-08 Swansea-Southampton,1,2017,7426,2018-05-08,84,74,Swansea,Southampton,SOU,SWA,0,1,0.389621,1.48865,True,True,https://understat.com/match/7426,Swansea
2018-05-09_Chelsea,ENG-Premier League,1718,2018-05-09 Chelsea-Huddersfield,1,2017,7460,2018-05-09,80,219,Chelsea,Huddersfield,HUD,CHE,1,1,2.25256,0.631021,True,True,https://understat.com/match/7460,Chelsea
2018-05-09_Leicester,ENG-Premier League,1718,2018-05-09 Leicester-Arsenal,1,2017,7422,2018-05-09,75,83,Leicester,Arsenal,ARS,LEI,3,1,2.19801,1.54443,True,True,https://understat.com/match/7422,Leicester
2018-05-09_Manchester,ENG-Premier League,1718,2018-05-09 Manchester City-Brighton,1,2017,7424,2018-05-09,88,220,Manchester City,Brighton,BRI,MCI,3,1,1.64765,1.00939,True,True,https://understat.com/match/7424,Manchester
2018-05-09_Tottenham,ENG-Premier League,1718,2018-05-09 Tottenham-Newcastle United,1,2017,7427,2018-05-09,82,86,Tottenham,Newcastle United,NEW,TOT,1,0,0.835241,0.829699,True,True,https://understat.com/match/7427,Tottenham
2018-05-10_West,ENG-Premier League,1718,2018-05-10 West Ham-Manchester United,1,2017,7428,2018-05-10,81,89,West Ham,Manchester United,MUN,WHU,0,0,0.783043,0.596075,True,True,https://understat.com/match/7428,West
2018-05-13_Burnley,ENG-Premier League,1718,2018-05-13 Burnley-Bournemouth,1,2017,7492,2018-05-13,92,73,Burnley,Bournemouth,BOU,BUR,1,2,1.16179,1.38551,True,True,https://understat.com/match/7492,Burnley
2018-05-13_Crystal,ENG-Premier League,1718,2018-05-13 Crystal Palace-West Bromwich Albion,1,2017,7493,2018-05-13,78,76,Crystal Palace,West Bromwich Albion,WBA,CRY,2,0,2.36491,0.216004,True,True,https://understat.com/match/7493,Crystal
2018-05-13_Huddersfield,ENG-Premier League,1718,2018-05-13 Huddersfield-Arsenal,1,2017,7494,2018-05-13,219,83,Huddersfield,Arsenal,ARS,HUD,0,1,1.31031,2.3322,True,True,https://understat.com/match/7494,Huddersfield
2018-05-13_Liverpool,ENG-Premier League,1718,2018-05-13 Liverpool-Brighton,1,2017,7495,2018-05-13,87,220,Liverpool,Brighton,BRI,LIV,4,0,3.50981,0.0408165,True,True,https://understat.com/match/7495,Liverpool
2018-05-13_Manchester,ENG-Premier League,1718,2018-05-13 Manchester United-Watford,1,2017,7496,2018-05-13,89,90,Manchester United,Watford,WAT,MUN,1,0,0.45805,0.654288,True,True,https://understat.com/match/7496,Manchester
2018-05-13_Newcastle,ENG-Premier League,1718,2018-05-13 Newcastle United-Chelsea,1,2017,7497,2018-05-13,86,80,Newcastle United,Chelsea,CHE,NEW,3,0,2.24197,0.843284,True,True,https://understat.com/match/7497,Newcastle
2018-05-13_Southampton,ENG-Premier League,1718,2018-05-13 Southampton-Manchester City,1,2017,7498,2018-05-13,74,88,Southampton,Manchester City,MCI,SOU,0,1,0.506624,0.765614,True,True,https://understat.com/match/7498,Southampton
2018-05-13_Swansea,ENG-Premier League,1718,2018-05-13 Swansea-Stoke,1,2017,7491,2018-05-13,84,85,Swansea,Stoke,STO,SWA,1,2,1.70936,1.75436,True,True,https://understat.com/match/7491,Swansea
2018-05-13_Tottenham,ENG-Premier League,1718,2018-05-13 Tottenham-Leicester,1,2017,7490,2018-05-13,82,75,Tottenham,Leicester,LEI,TOT,5,4,1.83248,1.27359,True,True,https://understat.com/match/7490,Tottenham
2018-05-13_West,ENG-Premier League,1718,2018-05-13 West Ham-Everton,1,2017,7489,2018-05-13,81,72,West Ham,Everton,EVE,WHU,3,1,1.18299,1.67867,True,True,https://understat.com/match/7489,West
