,,,players_used,Poss,90s,Touches,Touches,Touches,Touches,Touches,Touches,Touches,Take-Ons,Take-Ons,Take-Ons,Take-Ons,Take-Ons,Carries,Carries,Carries,Carries,Carries,Carries,Carries,Carries,Receiving,Receiving,url
,,,,,,Touches,Def Pen,Def 3rd,Mid 3rd,Att 3rd,Att Pen,Live,Att,Succ,Succ%,Tkld,Tkld%,Carries,TotDist,PrgDist,PrgC,1/3,CPA,Mis,Dis,Rec,PrgR,
league,season,team,,,,,,,,,,,,,,,,,,,,,,,,,,
ENG-Premier League,2324,Arsenal,25,58.2,38,26493,1974,6714,11407,8560,1480,26483,671,283,42.2,304,45.3,16297,81171,41510,821,575,327,525,375,18917,2088,/en/squads/18bb7c10/2023-2024/Arsenal-Stats
ENG-Premier League,2324,Aston Villa,31,53.1,38,23059,2807,8171,9636,5459,1010,23055,757,345,45.6,315,41.6,14451,78629,41239,775,490,217,477,416,15824,1438,/en/squads/8602292d/2023-2024/Aston-Villa-Stats
ENG-Premier League,2324,Bournemouth,30,44.4,38,20700,2486,6820,8469,5686,1033,20697,872,382,43.8,414,47.5,11015,66369,34635,709,513,240,637,386,11771,1296,/en/squads/4ba7cbea/2023-2024/Bournemouth-Stats
ENG-Premier League,2324,Brentford,28,45.2,38,21227,2878,7944,8253,5210,982,21224,577,243,42.1,269,46.6,10970,56621,29411,505,363,156,556,271,12416,1276,/en/squads/cd051869/2023-2024/Brentford-Stats
ENG-Premier League,2324,Brighton,30,59.8,38,29112,3197,9449,13090,6766,1081,29106,715,297,41.5,322,45.0,19020,92960,48884,864,584,269,579,342,21577,1767,/en/squads/d07537b9/2023-2024/Brighton-and-Hove-Albion-Stats
ENG-Premier League,2324,Burnley,31,47.4,38,22181,2907,8021,9196,5155,819,22178,699,300,42.9,329,47.1,12244,66914,35421,727,460,240,517,296,13779,1162,/en/squads/943e8050/2023-2024/Burnley-Stats
ENG-Premier League,2324,Chelsea,32,58.6,38,27725,3035,9367,12068,6558,1039,27713,869,398,45.8,365,42.0,16624,84615,44082,873,543,291,604,370,19899,1600,/en/squads/cff3d9bb/2023-2024/Chelsea-Stats
ENG-Premier League,2324,Crystal Palace,26,42.3,38,21367,2349,7237,9279,5077,797,21363,737,341,46.3,320,43.4,10943,55546,26838,506,383,170,606,426,12811,1161,/en/squads/47c64c55/2023-2024/Crystal-Palace-Stats
ENG-Premier League,2324,Everton,26,40.8,38,20053,2568,6792,8180,5283,809,20050,564,250,44.3,267,47.3,9770,52160,25904,495,389,127,560,320,11254,1119,/en/squads/d3fd31cc/2023-2024/Everton-Stats
ENG-Premier League,2324,Fulham,25,50.6,38,24318,2792,8619,10359,5568,849,24316,550,271,49.3,232,42.2,13883,72675,36777,670,508,151,520,325,16183,1452,/en/squads/fd962109/2023-2024/Fulham-Stats
ENG-Premier League,2324,Liverpool,30,61.3,38,28764,2193,7390,13756,7869,1422,28755,737,331,44.9,331,44.9,17894,92424,48244,924,694,295,574,407,20230,2091,/en/squads/822bd0ba/2023-2024/Liverpool-Stats
ENG-Premier League,2324,Luton Town,28,42.4,38,19655,2630,7028,7905,4964,780,19650,771,354,45.9,331,42.9,10069,59965,29815,675,480,169,580,385,10911,1094,/en/squads/e297cd13/2023-2024/Luton-Town-Stats
ENG-Premier League,2324,Manchester City,25,65.2,38,31414,2162,7012,14348,10260,1466,31404,731,377,51.6,282,38.6,20210,105397,58071,1127,867,415,441,356,24343,2032,/en/squads/b8fd03ef/2023-2024/Manchester-City-Stats
ENG-Premier League,2324,Manchester Utd,31,50.6,38,23998,2938,8197,9856,6146,1025,23991,697,311,44.6,303,43.5,13979,75358,39599,758,523,274,484,342,15597,1468,/en/squads/19538871/2023-2024/Manchester-United-Stats
ENG-Premier League,2324,Newcastle Utd,32,52.2,38,24004,2447,8084,10144,6004,1094,23996,730,355,48.6,288,39.5,13650,73461,36585,737,507,243,506,400,15994,1545,/en/squads/b2b47a98/2023-2024/Newcastle-United-Stats
ENG-Premier League,2324,Nott'ham Forest,33,40.6,38,20126,2493,7339,8320,4686,785,20125,604,275,45.5,268,44.4,10217,54749,29182,601,394,155,527,286,11784,1123,/en/squads/e4a775cb/2023-2024/Nottingham-Forest-Stats
ENG-Premier League,2324,Sheffield Utd,35,35.8,38,17951,2817,7156,7145,3830,646,17946,581,251,43.2,286,49.2,8332,43412,20412,346,287,128,489,322,9458,875,/en/squads/1df6b87e/2023-2024/Sheffield-United-Stats
ENG-Premier League,2324,Tottenham,29,61.6,38,28529,2791,8520,12260,8010,1316,28527,812,359,44.2,363,44.7,18087,92824,46598,957,634,349,559,375,20484,2097,/en/squads/361ca564/2023-2024/Tottenham-Hotspur-Stats
ENG-Premier League,2324,West Ham,26,41.1,38,20875,2605,7301,9100,4692,750,20869,745,353,47.4,321,43.1,11184,60658,28802,556,369,168,515,397,12459,1192,/en/squads/7c21e445/2023-2024/West-Ham-United-Stats
ENG-Premier League,2324,Wolves,27,48.9,38,23487,2823,8674,10264,4804,739,23483,823,415,50.4,324,39.4,13055,71341,36731,671,519,168,536,389,15352,1163,/en/squads/8cec06e1/2023-2024/Wolverhampton-Wanderers-Stats
ENG-Premier League,2425,Arsenal,25,56.9,38,24056,1844,6064,10362,7808,1282,24054,726,320,44.1,316,43.5,14234,75544,40246,852,540,286,483,382,16894,1801,/en/squads/18bb7c10/2024-2025/Arsenal-Stats
ENG-Premier League,2425,Aston Villa,28,50.5,38,21699,2646,7301,9257,5362,951,21693,726,327,45.0,299,41.2,12334,68906,36242,720,448,212,508,386,14423,1331,/en/squads/8602292d/2024-2025/Aston-Villa-Stats
ENG-Premier League,2425,Bournemouth,29,48.5,38,21618,2217,6444,9314,6128,1005,21611,672,294,43.8,300,44.6,11733,69030,36709,754,534,228,597,350,12855,1474,/en/squads/4ba7cbea/2024-2025/Bournemouth-Stats
ENG-Premier League,2425,Brentford,28,47.9,38,21491,3282,8328,8055,5310,987,21485,627,265,42.3,293,46.7,11412,61938,31661,598,380,213,549,300,13153,1339,/en/squads/cd051869/2024-2025/Brentford-Stats
ENG-Premier League,2425,Brighton,32,52.3,38,23677,2601,7503,10292,6153,1085,23670,797,338,42.4,382,47.9,13919,76882,41746,816,576,263,583,344,15637,1522,/en/squads/d07537b9/2024-2025/Brighton-and-Hove-Albion-Stats
ENG-Premier League,2425,Chelsea,29,57.1,38,25217,2410,7564,11375,6497,1115,25212,783,326,41.6,336,42.9,14501,78314,41394,861,493,317,466,297,17888,1576,/en/squads/cff3d9bb/2024-2025/Chelsea-Stats
ENG-Premier League,2425,Crystal Palace,29,42.8,38,20389,2570,7689,8442,4455,796,20385,500,209,41.8,241,48.2,10275,51887,25304,510,354,126,491,339,11783,1140,/en/squads/47c64c55/2024-2025/Crystal-Palace-Stats
ENG-Premier League,2425,Everton,26,40.9,38,19408,2462,6930,7927,4762,732,19406,636,283,44.5,305,48.0,9535,51039,25414,486,364,119,525,390,11309,1023,/en/squads/d3fd31cc/2024-2025/Everton-Stats
ENG-Premier League,2425,Fulham,26,52.3,38,23926,2641,8095,9787,6287,954,23922,637,288,45.2,254,39.9,14026,73723,38440,786,544,213,515,281,16043,1544,/en/squads/fd962109/2024-2025/Fulham-Stats
ENG-Premier League,2425,Ipswich Town,32,40.6,38,19091,3012,7764,7504,4032,605,19089,643,277,43.1,290,45.1,9384,53129,26144,513,330,150,538,347,11405,920,/en/squads/b74092de/2024-2025/Ipswich-Town-Stats
ENG-Premier League,2425,Leicester City,32,45.4,38,21748,2881,8066,9845,4048,632,21745,638,264,41.4,304,47.6,12276,61780,30421,576,365,143,500,336,13828,1072,/en/squads/a2d435b3/2024-2025/Leicester-City-Stats
ENG-Premier League,2425,Liverpool,24,57.7,38,25903,2421,7283,11575,7274,1315,25894,677,301,44.5,310,45.8,14934,76153,41062,826,558,323,532,350,18113,1910,/en/squads/822bd0ba/2024-2025/Liverpool-Stats
ENG-Premier League,2425,Manchester City,30,61.3,38,28103,2092,6503,12076,9753,1348,28099,799,377,47.2,301,37.7,18077,103744,56163,1146,863,404,476,395,21242,1920,/en/squads/b8fd03ef/2024-2025/Manchester-City-Stats
ENG-Premier League,2425,Manchester Utd,31,53.5,38,24734,2553,8593,10460,5908,967,24730,621,252,40.6,323,52.0,15116,75007,37992,697,475,230,521,353,16672,1433,/en/squads/19538871/2024-2025/Manchester-United-Stats
ENG-Premier League,2425,Newcastle Utd,24,51.3,38,23032,2284,7468,9671,6124,1082,23026,657,282,42.9,298,45.4,13016,71021,36065,759,474,263,491,438,15294,1583,/en/squads/b2b47a98/2024-2025/Newcastle-United-Stats
ENG-Premier League,2425,Nott'ham Forest,23,41.2,38,18996,2463,6477,7689,5063,785,18993,581,259,44.6,233,40.1,8768,49825,26563,633,384,187,563,324,10733,1117,/en/squads/e4a775cb/2024-2025/Nottingham-Forest-Stats
ENG-Premier League,2425,Southampton,36,48.5,38,22776,3003,8424,9788,4766,688,22774,736,312,42.4,333,45.2,12656,66945,34286,640,460,165,486,355,15394,1118,/en/squads/33c895d4/2024-2025/Southampton-Stats
ENG-Premier League,2425,Tottenham,31,54.7,38,24315,2626,8159,10173,6223,1001,24311,812,308,37.9,425,52.3,15073,82903,41758,840,566,249,538,426,16373,1582,/en/squads/361ca564/2024-2025/Tottenham-Hotspur-Stats
ENG-Premier League,2425,West Ham,27,48.4,38,22887,2942,8352,9852,4896,839,22884,793,347,43.8,360,45.4,11796,59439,29684,632,394,175,492,392,14712,1214,/en/squads/7c21e445/2024-2025/West-Ham-United-Stats
ENG-Premier League,2425,Wolves,32,48.1,38,22329,2578,7797,10051,4750,729,22328,731,324,44.3,315,43.1,12486,66974,34365,607,458,146,591,369,14358,1179,/en/squads/8cec06e1/2024-2025/Wolverhampton-Wanderers-Stats
