,,,players_used,90s,Total,Total,Total,Total,Total,Short,Short,Short,Medium,Medium,Medium,Long,Long,Long,Ast,xAG,Expected,Expected,KP,1/3,PPA,CrsPA,PrgP,url
,,,,,Cmp,Att,Cmp%,TotDist,PrgDist,Cmp,Att,Cmp%,Cmp,Att,Cmp%,Cmp,Att,Cmp%,,,xA,A-xAG,,,,,,
league,season,team,,,,,,,,,,,,,,,,,,,,,,,,,,
ENG-Premier League,2324,Arsenal,25,38,19094,22558,84.6,309533,102210,9719,10643,91.3,7809,8765,89.1,1178,2162,54.5,62,55.3,57.8,6.7,513,1546,548,68,2106,/en/squads/18bb7c10/2023-2024/Arsenal-Stats
ENG-Premier League,2324,Aston Villa,31,38,16133,19363,83.3,281128,95293,7110,7878,90.3,7381,8273,89.2,1330,2368,56.2,55,48.6,42.5,6.4,398,1160,363,67,1451,/en/squads/8602292d/2023-2024/Aston-Villa-Stats
ENG-Premier League,2324,Bournemouth,30,38,11899,15920,74.7,220978,83235,4976,5868,84.8,5270,6214,84.8,1393,2964,47.0,39,40.5,33.7,-1.5,414,1074,352,88,1314,/en/squads/4ba7cbea/2023-2024/Bournemouth-Stats
ENG-Premier League,2324,Brentford,28,38,12551,16818,74.6,225971,88492,5616,6628,84.7,5236,6432,81.4,1382,2776,49.8,38,42.7,40.0,-4.7,332,965,333,106,1283,/en/squads/cd051869/2023-2024/Brentford-Stats
ENG-Premier League,2324,Brighton,30,38,21810,25029,87.1,341060,113686,11574,12473,92.8,8261,9125,90.5,1296,2164,59.9,36,41.6,43.7,-5.6,429,1484,384,81,1780,/en/squads/d07537b9/2023-2024/Brighton-and-Hove-Albion-Stats
ENG-Premier League,2324,Burnley,31,38,13937,17959,77.6,246047,83556,6311,7267,86.8,6017,7042,85.4,1324,2755,48.1,30,29.7,26.6,0.3,326,976,216,54,1181,/en/squads/943e8050/2023-2024/Burnley-Stats
ENG-Premier League,2324,Chelsea,32,38,20039,23364,85.8,328448,109853,10006,10877,92.0,8176,9060,90.2,1365,2328,58.6,51,51.4,43.1,-0.4,419,1351,352,51,1615,/en/squads/cff3d9bb/2023-2024/Chelsea-Stats
ENG-Premier League,2324,Crystal Palace,26,38,12915,16754,77.1,225542,84922,6040,6920,87.3,5338,6287,84.9,1204,2608,46.2,43,38.7,31.5,4.3,353,995,273,60,1176,/en/squads/47c64c55/2023-2024/Crystal-Palace-Stats
ENG-Premier League,2324,Everton,26,38,11349,15514,73.2,208537,88374,5198,6091,85.3,4386,5405,81.1,1469,3057,48.1,17,38.1,31.8,-21.1,339,958,284,77,1129,/en/squads/d3fd31cc/2023-2024/Everton-Stats
ENG-Premier League,2324,Fulham,25,38,16311,20237,80.6,290238,100538,7028,7907,88.9,7277,8347,87.2,1586,2853,55.6,40,37.6,33.6,2.4,379,1117,355,94,1467,/en/squads/fd962109/2023-2024/Fulham-Stats
ENG-Premier League,2324,Liverpool,30,38,20376,24379,83.6,346550,118702,9656,10641,90.7,8627,9763,88.4,1637,2814,58.2,60,63.7,55.6,-3.7,598,1666,506,80,2110,/en/squads/822bd0ba/2023-2024/Liverpool-Stats
ENG-Premier League,2324,Luton Town,28,38,11048,15099,73.2,201475,81352,4969,5784,85.9,4443,5431,81.8,1289,2879,44.8,33,29.5,27.5,3.5,315,835,250,90,1113,/en/squads/e297cd13/2023-2024/Luton-Town-Stats
ENG-Premier League,2324,Manchester City,25,38,24616,27758,88.7,394064,112270,12895,13721,94.0,9449,10306,91.7,1652,2498,66.1,69,60.2,62.1,8.8,545,1890,484,65,2060,/en/squads/b8fd03ef/2023-2024/Manchester-City-Stats
ENG-Premier League,2324,Manchester Utd,31,38,15785,19538,80.8,260507,91226,7892,8866,89.0,5965,6943,85.9,1355,2517,53.8,36,40.1,34.6,-4.1,434,1202,338,50,1479,/en/squads/19538871/2023-2024/Manchester-United-Stats
ENG-Premier League,2324,Newcastle Utd,32,38,16117,19852,81.2,274265,96401,7681,8623,89.1,6722,7757,86.7,1358,2504,54.2,55,51.3,43.5,3.7,424,1107,380,76,1557,/en/squads/b2b47a98/2023-2024/Newcastle-United-Stats
ENG-Premier League,2324,Nott'ham Forest,33,38,11877,15679,75.8,210025,83097,5510,6417,85.9,4760,5855,81.3,1265,2493,50.7,43,37.9,27.8,5.1,325,905,244,61,1141,/en/squads/e4a775cb/2023-2024/Nottingham-Forest-Stats
ENG-Premier League,2324,Sheffield Utd,35,38,9531,13509,70.6,169894,71337,4492,5357,83.9,3739,4696,79.6,1042,2626,39.7,18,25.8,21.0,-7.8,257,701,198,48,884,/en/squads/1df6b87e/2023-2024/Sheffield-United-Stats
ENG-Premier League,2324,Tottenham,29,38,20649,24197,85.3,326221,111380,10630,11617,91.5,8361,9345,89.5,1089,1905,57.2,58,57.4,52.1,0.6,460,1588,454,65,2107,/en/squads/361ca564/2023-2024/Tottenham-Hotspur-Stats
ENG-Premier League,2324,West Ham,26,38,12568,16373,76.8,219336,85575,6043,6856,88.1,4817,5751,83.8,1330,2718,48.9,40,34.8,30.8,5.2,305,979,225,71,1207,/en/squads/7c21e445/2023-2024/West-Ham-United-Stats
ENG-Premier League,2324,Wolves,27,38,15484,19175,80.8,255933,84649,7694,8577,89.7,6100,7016,86.9,1218,2527,48.2,36,31.8,27.6,4.2,316,910,239,61,1180,/en/squads/8cec06e1/2023-2024/Wolverhampton-Wanderers-Stats
ENG-Premier League,2425,Arsenal,25,38,17066,20241,84.3,278808,87055,8591,9363,91.8,7129,7999,89.1,1031,2022,51.0,55,45.3,45.7,9.7,428,1397,437,75,1826,/en/squads/18bb7c10/2024-2025/Arsenal-Stats
ENG-Premier League,2425,Aston Villa,28,38,14701,17797,82.6,252637,88182,6778,7510,90.3,6555,7386,88.7,1088,2065,52.7,45,41.7,36.9,3.3,358,1137,319,56,1344,/en/squads/8602292d/2024-2025/Aston-Villa-Stats
ENG-Premier League,2425,Bournemouth,29,38,12977,16900,76.8,233955,86767,5648,6514,86.7,5659,6670,84.8,1365,2819,48.4,41,43.8,36.5,-2.8,437,1242,339,106,1489,/en/squads/4ba7cbea/2024-2025/Bournemouth-Stats
ENG-Premier League,2425,Brentford,28,38,13358,17100,78.1,245539,93263,5849,6739,86.8,5826,6875,84.7,1449,2741,52.9,44,42.4,38.1,1.6,330,1104,325,91,1356,/en/squads/cd051869/2024-2025/Brentford-Stats
ENG-Premier League,2425,Brighton,32,38,15820,19188,82.4,268916,90984,7629,8443,90.4,6541,7472,87.5,1313,2397,54.8,41,40.4,39.1,0.6,377,1189,339,87,1539,/en/squads/d07537b9/2024-2025/Brighton-and-Hove-Albion-Stats
ENG-Premier League,2425,Chelsea,29,38,18033,21320,84.6,311166,98339,8067,8802,91.6,8244,9120,90.4,1369,2547,53.7,47,52.7,41.8,-5.7,457,1488,346,73,1595,/en/squads/cff3d9bb/2024-2025/Chelsea-Stats
ENG-Premier League,2425,Crystal Palace,29,38,11875,15754,75.4,213257,80237,5198,6077,85.5,5285,6317,83.7,1137,2545,44.7,38,46.4,36.6,-8.4,379,886,272,69,1158,/en/squads/47c64c55/2024-2025/Crystal-Palace-Stats
ENG-Premier League,2425,Everton,26,38,11405,14953,76.3,215027,85013,5039,5809,86.7,4604,5451,84.5,1526,2901,52.6,27,32.2,27.2,-5.2,298,1003,261,92,1041,/en/squads/d3fd31cc/2024-2025/Everton-Stats
ENG-Premier League,2425,Fulham,26,38,16199,19753,82.0,289508,97635,7195,8007,89.9,7222,8198,88.1,1504,2703,55.6,44,37.5,35.0,6.5,398,1346,343,108,1558,/en/squads/fd962109/2024-2025/Fulham-Stats
ENG-Premier League,2425,Ipswich Town,32,38,11524,14775,78.0,204832,77912,5157,5835,88.4,5115,5988,85.4,1021,2184,46.7,26,24.2,21.2,1.8,283,865,173,54,935,/en/squads/b74092de/2024-2025/Ipswich-Town-Stats
ENG-Premier League,2425,Leicester City,32,38,13945,17486,79.7,234016,83996,6703,7482,89.6,5797,6664,87.0,1073,2370,45.3,25,25.1,24.1,-0.1,252,953,216,67,1082,/en/squads/a2d435b3/2024-2025/Leicester-City-Stats
ENG-Premier League,2425,Liverpool,24,38,18303,21758,84.1,312343,104887,8615,9382,91.8,7893,8905,88.6,1412,2550,55.4,65,61.6,54.3,3.4,509,1583,430,83,1924,/en/squads/822bd0ba/2024-2025/Liverpool-Stats
ENG-Premier League,2425,Manchester City,30,38,21531,24443,88.1,349984,98901,11071,11923,92.9,8884,9710,91.5,1281,2040,62.8,51,54.2,53.8,-3.2,472,1685,440,62,1944,/en/squads/b8fd03ef/2024-2025/Manchester-City-Stats
ENG-Premier League,2425,Manchester Utd,31,38,16837,20415,82.5,278154,89708,8233,9125,90.2,6855,7768,88.2,1257,2438,51.6,29,39.7,35.6,-10.7,406,1141,335,73,1448,/en/squads/19538871/2024-2025/Manchester-United-Stats
ENG-Premier League,2425,Newcastle Utd,24,38,15416,18898,81.6,260464,91034,7416,8283,89.5,6475,7373,87.8,1193,2313,51.6,50,46.0,42.2,4.0,399,1149,399,70,1595,/en/squads/b2b47a98/2024-2025/Newcastle-United-Stats
ENG-Premier League,2425,Nott'ham Forest,23,38,10822,14366,75.3,185832,74897,5322,6094,87.3,4065,5011,81.1,1038,2339,44.4,42,33.0,29.9,9.0,333,974,241,64,1125,/en/squads/e4a775cb/2024-2025/Nottingham-Forest-Stats
ENG-Premier League,2425,Southampton,36,38,15530,18561,83.7,263566,84964,7279,7996,91.0,6699,7455,89.9,1175,2271,51.7,16,24.8,23.9,-8.8,269,989,218,60,1127,/en/squads/33c895d4/2024-2025/Southampton-Stats
ENG-Premier League,2425,Tottenham,31,38,16513,19960,82.7,275248,93006,7576,8440,89.8,7372,8289,88.9,1101,2084,52.8,47,44.4,36.3,2.6,375,1254,369,83,1593,/en/squads/361ca564/2024-2025/Tottenham-Hotspur-Stats
ENG-Premier League,2425,West Ham,27,38,14820,18363,80.7,258653,90743,6989,7831,89.2,6245,7153,87.3,1346,2580,52.2,29,33.9,32.0,-4.9,331,1075,267,72,1222,/en/squads/7c21e445/2024-2025/West-Ham-United-Stats
ENG-Premier League,2425,Wolves,32,38,14472,17884,80.9,246100,83847,6855,7612,90.1,5909,6712,88.0,1251,2503,50.0,42,35.4,26.6,6.6,323,1011,276,72,1185,/en/squads/8cec06e1/2024-2025/Wolverhampton-Wanderers-Stats
