,,,players_used,Age,Playing Time,Playing Time,Playing Time,Playing Time,Playing Time,Starts,Starts,Starts,Subs,Subs,Subs,Team Success,Team Success,Team Success,Team Success,Team Success,Team Success (xG),Team Success (xG),Team Success (xG),Team Success (xG),url
,,,,,MP,Min,Mn/MP,Min%,90s,Starts,Mn/Start,Compl,Subs,Mn/Sub,unSub,PPM,onG,onGA,+/-,+/-90,onxG,onxGA,xG+/-,xG+/-90,
league,season,team,,,,,,,,,,,,,,,,,,,,,,,
ENG-Premier League,2324,Arsenal,25,25.0,38,3420,90,100,38,418,84,263,154,17,188,2.34,91,29,62,1.63,76.1,27.9,48.2,1.27,/en/squads/18bb7c10/2023-2024/Arsenal-Stats
ENG-Premier League,2324,Aston Villa,31,26.9,38,3420,90,100,38,418,83,270,151,19,186,1.79,76,61,15,0.39,63.3,59.9,3.4,0.09,/en/squads/8602292d/2023-2024/Aston-Villa-Stats
ENG-Premier League,2324,Bournemouth,30,25.7,38,3420,90,100,38,418,82,247,170,20,171,1.26,54,67,-13,-0.34,55.9,58.1,-2.2,-0.06,/en/squads/4ba7cbea/2023-2024/Bournemouth-Stats
ENG-Premier League,2324,Brentford,28,26.6,38,3420,90,100,38,418,83,247,170,16,172,1.03,56,65,-9,-0.24,58.2,56.0,2.2,0.06,/en/squads/cd051869/2023-2024/Brentford-Stats
ENG-Premier League,2324,Brighton,30,25.9,38,3420,90,100,38,418,80,239,176,23,166,1.26,55,62,-7,-0.18,56.8,55.4,1.4,0.04,/en/squads/d07537b9/2023-2024/Brighton-and-Hove-Albion-Stats
ENG-Premier League,2324,Burnley,31,24.5,38,3420,90,100,38,418,82,255,162,19,180,0.63,41,78,-37,-0.97,40.6,70.4,-29.7,-0.78,/en/squads/943e8050/2023-2024/Burnley-Stats
ENG-Premier League,2324,Chelsea,32,24.2,38,3420,90,100,38,418,84,267,148,17,193,1.66,77,63,14,0.37,74.5,58.1,16.4,0.43,/en/squads/cff3d9bb/2023-2024/Chelsea-Stats
ENG-Premier League,2324,Crystal Palace,26,26.8,38,3420,90,100,38,418,85,292,126,16,214,1.29,57,58,-1,-0.03,48.6,52.0,-3.4,-0.09,/en/squads/47c64c55/2023-2024/Crystal-Palace-Stats
ENG-Premier League,2324,Everton,26,27.1,38,3420,90,100,38,418,85,299,121,19,218,1.26,40,51,-11,-0.29,54.0,55.2,-1.2,-0.03,/en/squads/d3fd31cc/2023-2024/Everton-Stats
ENG-Premier League,2324,Fulham,25,28.4,38,3420,90,100,38,418,82,244,170,18,171,1.24,55,61,-6,-0.16,50.8,62.9,-12.1,-0.32,/en/squads/fd962109/2023-2024/Fulham-Stats
ENG-Premier League,2324,Liverpool,30,26.3,38,3420,90,100,38,418,82,248,166,20,176,2.16,86,41,45,1.18,87.8,45.7,42.0,1.11,/en/squads/822bd0ba/2023-2024/Liverpool-Stats
ENG-Premier League,2324,Luton Town,28,26.7,38,3420,90,100,38,418,82,260,158,20,184,0.68,52,85,-33,-0.87,42.4,78.0,-35.5,-0.94,/en/squads/e297cd13/2023-2024/Luton-Town-Stats
ENG-Premier League,2324,Manchester City,25,26.6,38,3420,90,100,38,418,85,301,115,19,221,2.39,96,34,62,1.63,80.5,35.6,44.9,1.18,/en/squads/b8fd03ef/2023-2024/Manchester-City-Stats
ENG-Premier League,2324,Manchester Utd,31,26.1,38,3420,90,100,38,418,84,266,153,17,189,1.58,57,58,-1,-0.03,56.5,68.9,-12.5,-0.33,/en/squads/19538871/2023-2024/Manchester-United-Stats
ENG-Premier League,2324,Newcastle Utd,32,27.2,38,3420,90,100,38,418,83,272,149,19,193,1.58,85,62,23,0.61,76.0,61.4,14.6,0.38,/en/squads/b2b47a98/2023-2024/Newcastle-United-Stats
ENG-Premier League,2324,Nott'ham Forest,33,25.7,38,3420,90,100,38,418,83,257,158,18,182,0.95,49,67,-18,-0.47,49.9,53.3,-3.4,-0.09,/en/squads/e4a775cb/2023-2024/Nottingham-Forest-Stats
ENG-Premier League,2324,Sheffield Utd,35,25.7,38,3420,90,100,38,418,81,263,152,23,188,0.42,35,104,-69,-1.82,38.3,76.6,-38.3,-1.01,/en/squads/1df6b87e/2023-2024/Sheffield-United-Stats
ENG-Premier League,2324,Tottenham,29,25.2,38,3420,90,100,38,418,82,244,170,19,170,1.74,74,61,13,0.34,68.2,63.4,4.8,0.13,/en/squads/361ca564/2023-2024/Tottenham-Hotspur-Stats
ENG-Premier League,2324,West Ham,26,28.3,38,3420,90,100,38,418,85,307,109,17,233,1.37,60,74,-14,-0.37,52.3,71.1,-18.8,-0.49,/en/squads/7c21e445/2023-2024/West-Ham-United-Stats
ENG-Premier League,2324,Wolves,27,26.6,38,3420,90,100,38,418,83,268,146,20,196,1.21,50,65,-15,-0.39,46.7,67.7,-21.0,-0.55,/en/squads/8cec06e1/2023-2024/Wolverhampton-Wanderers-Stats
ENG-Premier League,2425,Arsenal,25,25.8,38,3420,90,100,38,418,83,272,142,18,200,1.95,69,34,35,0.92,59.9,34.4,25.5,0.67,/en/squads/18bb7c10/2024-2025/Arsenal-Stats
ENG-Premier League,2425,Aston Villa,28,27.0,38,3420,90,100,38,418,80,246,170,23,170,1.74,58,51,7,0.18,56.1,50.1,5.9,0.16,/en/squads/8602292d/2024-2025/Aston-Villa-Stats
ENG-Premier League,2425,Bournemouth,29,25.1,38,3420,90,100,38,418,83,254,162,18,180,1.47,58,46,12,0.32,64.0,48.5,15.5,0.41,/en/squads/4ba7cbea/2024-2025/Bournemouth-Stats
ENG-Premier League,2425,Brentford,28,25.8,38,3420,90,100,38,418,85,277,142,15,200,1.47,66,57,9,0.24,59.0,55.4,3.6,0.09,/en/squads/cd051869/2024-2025/Brentford-Stats
ENG-Premier League,2425,Brighton,32,24.8,38,3420,90,100,38,418,82,231,184,18,158,1.61,66,59,7,0.18,58.7,54.6,4.1,0.11,/en/squads/d07537b9/2024-2025/Brighton-and-Hove-Albion-Stats
ENG-Premier League,2425,Chelsea,29,23.7,38,3420,90,100,38,418,83,277,140,19,202,1.82,64,43,21,0.55,67.8,47.3,20.5,0.54,/en/squads/cff3d9bb/2024-2025/Chelsea-Stats
ENG-Premier League,2425,Crystal Palace,29,26.2,38,3420,90,100,38,418,83,268,148,18,192,1.39,51,51,0,0.0,60.4,49.1,11.3,0.3,/en/squads/47c64c55/2024-2025/Crystal-Palace-Stats
ENG-Premier League,2425,Everton,26,28.0,38,3420,90,100,38,418,84,286,130,19,211,1.26,42,44,-2,-0.05,41.8,46.2,-4.5,-0.12,/en/squads/d3fd31cc/2024-2025/Everton-Stats
ENG-Premier League,2425,Fulham,26,28.1,38,3420,90,100,38,418,83,239,179,17,163,1.42,54,54,0,0.0,49.0,47.2,1.8,0.05,/en/squads/fd962109/2024-2025/Fulham-Stats
ENG-Premier League,2425,Ipswich Town,32,25.8,38,3420,90,100,38,418,82,237,178,17,164,0.58,36,82,-46,-1.21,34.4,72.7,-38.3,-1.01,/en/squads/b74092de/2024-2025/Ipswich-Town-Stats
ENG-Premier League,2425,Leicester City,32,26.6,38,3420,90,100,38,418,82,250,168,19,174,0.66,33,80,-47,-1.24,32.6,71.9,-39.3,-1.03,/en/squads/a2d435b3/2024-2025/Leicester-City-Stats
ENG-Premier League,2425,Liverpool,24,27.2,38,3420,90,100,38,418,82,252,165,20,177,2.21,86,41,45,1.18,82.2,38.6,43.6,1.15,/en/squads/822bd0ba/2024-2025/Liverpool-Stats
ENG-Premier League,2425,Manchester City,30,26.8,38,3420,90,100,38,418,85,286,131,16,207,1.87,72,44,28,0.74,68.1,47.7,20.4,0.54,/en/squads/b8fd03ef/2024-2025/Manchester-City-Stats
ENG-Premier League,2425,Manchester Utd,31,25.5,38,3420,90,100,38,418,81,256,161,23,180,1.11,44,54,-10,-0.26,52.6,53.8,-1.3,-0.03,/en/squads/19538871/2024-2025/Manchester-United-Stats
ENG-Premier League,2425,Newcastle Utd,24,27.4,38,3420,90,100,38,418,83,254,163,18,179,1.74,68,47,21,0.55,63.8,45.5,18.3,0.48,/en/squads/b2b47a98/2024-2025/Newcastle-United-Stats
ENG-Premier League,2425,Nott'ham Forest,23,26.1,38,3420,90,100,38,418,83,249,167,18,174,1.71,58,46,12,0.32,45.5,48.9,-3.4,-0.09,/en/squads/e4a775cb/2024-2025/Nottingham-Forest-Stats
ENG-Premier League,2425,Southampton,36,25.2,38,3420,90,100,38,418,80,237,180,22,162,0.32,26,86,-60,-1.58,32.7,84.8,-52.1,-1.37,/en/squads/33c895d4/2024-2025/Southampton-Stats
ENG-Premier League,2425,Tottenham,31,25.0,38,3420,90,100,38,418,82,261,158,22,183,1.0,64,65,-1,-0.03,58.8,63.3,-4.5,-0.12,/en/squads/361ca564/2024-2025/Tottenham-Hotspur-Stats
ENG-Premier League,2425,West Ham,27,28.1,38,3420,90,100,38,418,81,243,172,22,170,1.13,46,62,-16,-0.42,47.0,59.7,-12.7,-0.33,/en/squads/7c21e445/2024-2025/West-Ham-United-Stats
ENG-Premier League,2425,Wolves,32,26.9,38,3420,90,100,38,418,83,250,167,18,174,1.11,54,69,-15,-0.39,43.7,58.1,-14.5,-0.38,/en/squads/8cec06e1/2024-2025/Wolverhampton-Wanderers-Stats
