,,,players_used,90s,Att,Pass Types,Pass Types,Pass Types,Pass Types,Pass Types,Pass Types,Pass Types,Pass Types,Corner Kicks,Corner Kicks,Corner Kicks,Outcomes,Outcomes,Outcomes,url
,,,,,,Live,Dead,FK,TB,Sw,Crs,TI,CK,In,Out,Str,Cmp,Off,Blocks,
league,season,team,,,,,,,,,,,,,,,,,,
ENG-Premier League,2324,Arsenal,25,38,22558,20941,1530,443,104,65,670,560,265,217,1,0,19094,87,319,/en/squads/18bb7c10/2023-2024/Arsenal-Stats
ENG-Premier League,2324,Aston Villa,31,38,19363,17499,1817,628,80,95,651,613,231,149,15,2,16133,47,343,/en/squads/8602292d/2023-2024/Aston-Villa-Stats
ENG-Premier League,2324,Bournemouth,30,38,15920,14065,1799,419,48,91,709,774,235,192,9,4,11899,56,361,/en/squads/4ba7cbea/2023-2024/Bournemouth-Stats
ENG-Premier League,2324,Brentford,28,38,16818,14996,1752,464,70,113,706,683,184,79,51,10,12551,70,357,/en/squads/cd051869/2023-2024/Brentford-Stats
ENG-Premier League,2324,Brighton,30,38,25029,23334,1611,511,62,76,671,541,206,86,73,5,21810,84,327,/en/squads/d07537b9/2023-2024/Brighton-and-Hove-Albion-Stats
ENG-Premier League,2324,Burnley,31,38,17959,16189,1694,445,49,77,550,670,180,67,58,9,13937,76,344,/en/squads/943e8050/2023-2024/Burnley-Stats
ENG-Premier League,2324,Chelsea,32,38,23364,21587,1692,496,116,101,558,611,202,78,55,4,20039,85,348,/en/squads/cff3d9bb/2023-2024/Chelsea-Stats
ENG-Premier League,2324,Crystal Palace,26,38,16754,14948,1734,484,52,97,583,721,178,81,57,6,12915,72,366,/en/squads/47c64c55/2023-2024/Crystal-Palace-Stats
ENG-Premier League,2324,Everton,26,38,15514,13704,1721,409,45,78,752,768,181,140,26,3,11349,89,347,/en/squads/d3fd31cc/2023-2024/Everton-Stats
ENG-Premier League,2324,Fulham,25,38,20237,18414,1772,464,58,118,736,696,212,70,98,1,16311,51,421,/en/squads/fd962109/2023-2024/Fulham-Stats
ENG-Premier League,2324,Liverpool,30,38,24379,22490,1789,440,102,145,817,755,287,86,171,2,20376,100,371,/en/squads/822bd0ba/2023-2024/Liverpool-Stats
ENG-Premier League,2324,Luton Town,28,38,15099,13156,1876,498,22,111,841,703,203,93,101,5,11048,67,413,/en/squads/e297cd13/2023-2024/Luton-Town-Stats
ENG-Premier League,2324,Manchester City,25,38,27758,26136,1580,460,85,133,700,604,286,114,66,7,24616,42,383,/en/squads/b8fd03ef/2023-2024/Manchester-City-Stats
ENG-Premier League,2324,Manchester Utd,31,38,19538,17784,1663,371,73,99,594,643,224,70,86,10,15785,91,372,/en/squads/19538871/2023-2024/Manchester-United-Stats
ENG-Premier League,2324,Newcastle Utd,32,38,19852,18026,1767,515,85,133,648,679,192,75,60,9,16117,59,364,/en/squads/b2b47a98/2023-2024/Newcastle-United-Stats
ENG-Premier League,2324,Nott'ham Forest,33,38,15679,13975,1627,409,53,83,595,661,148,80,55,0,11877,77,315,/en/squads/e4a775cb/2023-2024/Nottingham-Forest-Stats
ENG-Premier League,2324,Sheffield Utd,35,38,13509,11764,1681,380,26,52,428,666,141,70,47,6,9531,64,322,/en/squads/1df6b87e/2023-2024/Sheffield-United-Stats
ENG-Premier League,2324,Tottenham,29,38,24197,22167,1947,636,91,59,710,723,234,93,70,1,20649,83,480,/en/squads/361ca564/2023-2024/Tottenham-Hotspur-Stats
ENG-Premier League,2324,West Ham,26,38,16373,14568,1734,429,60,158,661,721,165,93,61,0,12568,71,411,/en/squads/7c21e445/2023-2024/West-Ham-United-Stats
ENG-Premier League,2324,Wolves,27,38,19175,17409,1688,439,49,125,578,684,156,75,41,15,15484,78,333,/en/squads/8cec06e1/2023-2024/Wolverhampton-Wanderers-Stats
ENG-Premier League,2425,Arsenal,25,38,20241,18608,1553,432,80,74,766,598,251,211,3,2,17066,80,278,/en/squads/18bb7c10/2024-2025/Arsenal-Stats
ENG-Premier League,2425,Aston Villa,28,38,17797,16044,1698,583,95,58,604,497,230,148,24,1,14701,55,346,/en/squads/8602292d/2024-2025/Aston-Villa-Stats
ENG-Premier League,2425,Bournemouth,29,38,16900,15136,1694,430,59,78,832,686,228,166,18,4,12977,70,314,/en/squads/4ba7cbea/2024-2025/Bournemouth-Stats
ENG-Premier League,2425,Brentford,28,38,17100,15453,1584,386,69,71,674,602,174,139,2,0,13358,63,288,/en/squads/cd051869/2024-2025/Brentford-Stats
ENG-Premier League,2425,Brighton,32,38,19188,17527,1615,482,77,76,704,605,188,107,48,7,15820,46,310,/en/squads/d07537b9/2024-2025/Brighton-and-Hove-Albion-Stats
ENG-Premier League,2425,Chelsea,29,38,21320,19613,1642,516,79,95,663,587,234,121,37,8,18033,65,304,/en/squads/cff3d9bb/2024-2025/Chelsea-Stats
ENG-Premier League,2425,Crystal Palace,29,38,15754,14066,1614,440,71,59,605,621,171,115,18,0,11875,74,302,/en/squads/47c64c55/2024-2025/Crystal-Palace-Stats
ENG-Premier League,2425,Everton,26,38,14953,13245,1627,424,30,83,682,678,154,101,24,11,11405,81,295,/en/squads/d3fd31cc/2024-2025/Everton-Stats
ENG-Premier League,2425,Fulham,26,38,19753,18077,1633,437,43,119,894,636,203,88,87,1,16199,43,337,/en/squads/fd962109/2024-2025/Fulham-Stats
ENG-Premier League,2425,Ipswich Town,32,38,14775,13146,1577,434,44,60,505,572,145,111,18,1,11524,52,300,/en/squads/b74092de/2024-2025/Ipswich-Town-Stats
ENG-Premier League,2425,Leicester City,32,38,17486,15728,1695,449,52,47,621,664,139,86,29,4,13945,63,319,/en/squads/a2d435b3/2024-2025/Leicester-City-Stats
ENG-Premier League,2425,Liverpool,24,38,21758,19998,1700,448,69,128,729,682,252,145,72,1,18303,60,330,/en/squads/822bd0ba/2024-2025/Liverpool-Stats
ENG-Premier League,2425,Manchester City,30,38,24443,22822,1576,449,86,90,659,603,253,127,37,4,21531,45,341,/en/squads/b8fd03ef/2024-2025/Manchester-City-Stats
ENG-Premier League,2425,Manchester Utd,31,38,20415,18750,1596,414,94,107,630,646,197,96,45,11,16837,69,355,/en/squads/19538871/2024-2025/Manchester-United-Stats
ENG-Premier League,2425,Newcastle Utd,24,38,18898,17088,1739,482,78,94,705,704,217,118,27,17,15416,71,351,/en/squads/b2b47a98/2024-2025/Newcastle-United-Stats
ENG-Premier League,2425,Nott'ham Forest,23,38,14366,12658,1617,436,59,62,621,615,159,71,76,0,10822,91,282,/en/squads/e4a775cb/2024-2025/Nottingham-Forest-Stats
ENG-Premier League,2425,Southampton,36,38,18561,16979,1533,468,43,60,548,493,152,102,33,0,15530,49,272,/en/squads/33c895d4/2024-2025/Southampton-Stats
ENG-Premier League,2425,Tottenham,31,38,19960,18013,1884,561,54,70,752,705,243,108,66,0,16513,63,437,/en/squads/361ca564/2024-2025/Tottenham-Hotspur-Stats
ENG-Premier League,2425,West Ham,27,38,18363,16678,1612,437,53,133,613,612,152,82,57,1,14820,73,343,/en/squads/7c21e445/2024-2025/West-Ham-United-Stats
ENG-Premier League,2425,Wolves,32,38,17884,16133,1689,495,55,122,568,696,147,98,31,3,14472,62,328,/en/squads/8cec06e1/2024-2025/Wolverhampton-Wanderers-Stats
