,,,,nation,pos,age,born,Playing Time,Playing Time,Playing Time,Playing Time,Performance,Performance,Performance,Performance,Performance,Performance,Performance,Performance,Performance,Performance,Penalty Kicks,Penalty Kicks,Penalty Kicks,Penalty Kicks,Penalty Kicks
,,,,,,,,MP,Starts,Min,90s,GA,GA90,SoTA,Saves,Save%,W,D,L,CS,CS%,PKatt,PKA,PKsv,PKm,Save%
league,season,team,player,,,,,,,,,,,,,,,,,,,,,,,
ENG-Premier League,2324,Arsenal,Aaron Ramsdale,ENG,GK,25,1998,6,6,540,6.0,5,0.83,14,9,64.3,5,1,0,2,33.3,0,0,0,0,
ENG-Premier League,2324,Arsenal,David Raya,ESP,GK,27,1995,32,32,2880,32.0,24,0.75,69,45,68.1,23,4,5,16,50.0,3,2,1,0,33.3
ENG-Premier League,2324,Aston Villa,Emiliano Martínez,ARG,GK,30,1992,34,34,3015,33.5,48,1.43,139,95,66.2,19,8,7,8,23.5,1,1,0,0,0.0
ENG-Premier League,2324,Aston Villa,Robin Olsen,SWE,GK,33,1990,5,4,405,4.5,13,2.89,34,20,61.8,1,0,3,0,0.0,1,0,1,0,100.0
ENG-Premier League,2324,Bournemouth,Ionuț Radu,ROU,GK,26,1997,2,2,180,2.0,7,3.5,11,4,36.4,1,0,1,0,0.0,0,0,0,0,
ENG-Premier League,2324,Bournemouth,Mark Travers,IRL,GK,24,1999,4,4,360,4.0,5,1.25,18,13,77.8,2,0,2,2,50.0,1,1,0,0,0.0
ENG-Premier League,2324,Bournemouth,Neto,BRA,GK,34,1989,32,32,2880,32.0,55,1.72,165,110,69.7,10,9,13,7,21.9,6,5,1,0,16.7
ENG-Premier League,2324,Brentford,Mark Flekken,NED,GK,30,1993,37,37,3285,36.5,63,1.73,176,113,65.3,10,9,18,7,18.9,2,2,0,0,0.0
ENG-Premier League,2324,Brentford,Thomas Strakosha,ALB,GK,28,1995,2,1,135,1.5,2,1.33,8,6,75.0,0,0,1,0,0.0,0,0,0,0,
ENG-Premier League,2324,Brighton,Bart Verbruggen,NED,GK,20,2002,21,21,1890,21.0,28,1.33,91,63,72.5,7,8,6,4,19.0,3,3,0,0,0.0
ENG-Premier League,2324,Brighton,Jason Steele,ENG,GK,32,1990,17,17,1530,17.0,34,2.0,74,42,58.1,5,4,8,2,11.8,3,3,0,0,0.0
ENG-Premier League,2324,Burnley,Arijanet Muric,KVX,GK,24,1998,10,10,900,10.0,16,1.6,78,62,80.8,2,4,4,0,0.0,2,1,1,0,50.0
ENG-Premier League,2324,Burnley,James Trafford,ENG,GK,20,2002,28,28,2520,28.0,62,2.21,166,106,65.7,3,5,20,2,7.1,5,5,0,0,0.0
ENG-Premier League,2324,Chelsea,Robert Sánchez,ESP,GK,25,1997,16,16,1433,15.9,25,1.57,78,52,70.5,5,4,7,3,18.8,3,2,1,0,33.3
ENG-Premier League,2324,Chelsea,Đorđe Petrović,SRB,GK,23,1999,23,22,1987,22.1,38,1.72,108,73,65.7,13,5,4,5,22.7,2,1,0,1,0.0
ENG-Premier League,2324,Crystal Palace,Dean Henderson,ENG,GK,26,1997,18,18,1620,18.0,30,1.67,86,57,66.3,8,4,6,4,22.2,1,1,0,0,0.0
ENG-Premier League,2324,Crystal Palace,Remi Matthews,ENG,GK,29,1994,1,0,4,0.0,1,22.5,1,0,0.0,0,0,0,0,,0,0,0,0,
ENG-Premier League,2324,Crystal Palace,Sam Johnstone,ENG,GK,30,1993,20,20,1796,20.0,27,1.35,67,41,62.7,5,6,9,6,30.0,2,2,0,0,0.0
ENG-Premier League,2324,Everton,Jordan Pickford,ENG,GK,29,1994,38,38,3420,38.0,51,1.34,165,117,73.9,13,9,16,13,34.2,8,8,0,0,0.0
ENG-Premier League,2324,Fulham,Bernd Leno,GER,GK,31,1992,38,38,3420,38.0,61,1.61,190,133,72.1,13,8,17,10,26.3,8,8,0,0,0.0
ENG-Premier League,2324,Liverpool,Alisson,BRA,GK,30,1992,28,28,2520,28.0,30,1.07,109,80,73.4,16,8,4,8,28.6,1,1,0,0,0.0
ENG-Premier League,2324,Liverpool,Caoimhín Kelleher,IRL,GK,24,1998,10,10,900,10.0,11,1.1,38,28,71.1,8,2,0,2,20.0,0,0,0,0,
ENG-Premier League,2324,Luton Town,James Shea,ENG,GK,32,1991,1,0,15,0.2,0,0.0,2,2,100.0,0,0,0,0,,0,0,0,0,
ENG-Premier League,2324,Luton Town,Thomas Kaminski,BEL,GK,30,1992,38,38,3405,37.8,85,2.25,221,140,63.3,6,8,24,2,5.3,4,4,0,0,0.0
ENG-Premier League,2324,Manchester City,Ederson,BRA,GK,29,1993,33,33,2785,30.9,27,0.87,82,56,70.7,24,6,3,10,30.3,3,3,0,0,0.0
ENG-Premier League,2324,Manchester City,Stefan Ortega,GER,GK,30,1992,9,5,635,7.1,7,0.99,27,20,74.1,4,1,0,3,60.0,0,0,0,0,
ENG-Premier League,2324,Manchester Utd,André Onana,CMR,GK,27,1996,38,38,3420,38.0,58,1.53,203,146,74.9,18,6,14,9,23.7,7,7,0,0,0.0
ENG-Premier League,2324,Newcastle Utd,Loris Karius,GER,GK,30,1993,1,1,90,1.0,4,4.0,7,4,42.9,0,0,1,0,0.0,0,0,0,0,
ENG-Premier League,2324,Newcastle Utd,Martin Dúbravka,SVK,GK,34,1989,23,22,1985,22.1,42,1.9,130,87,70.8,9,4,9,5,22.7,5,4,1,0,20.0
ENG-Premier League,2324,Newcastle Utd,Nick Pope,ENG,GK,31,1992,15,15,1345,14.9,16,1.07,58,42,72.4,9,2,4,5,33.3,0,0,0,0,
ENG-Premier League,2324,Nott'ham Forest,Matt Turner,USA,GK,29,1994,17,17,1530,17.0,28,1.65,80,52,67.5,4,5,8,2,11.8,2,2,0,0,0.0
ENG-Premier League,2324,Nott'ham Forest,Matz Sels,BEL,GK,31,1992,16,16,1440,16.0,27,1.69,61,36,57.4,4,4,8,1,6.3,1,1,0,0,0.0
ENG-Premier League,2324,Nott'ham Forest,Odysseas Vlachodimos,GRE,GK,29,1994,5,5,450,5.0,12,2.4,22,10,50.0,1,0,4,1,20.0,1,1,0,0,0.0
ENG-Premier League,2324,Sheffield Utd,Ivo Grbić,CRO,GK,27,1996,9,9,771,8.6,25,2.92,59,36,57.6,0,3,6,0,0.0,1,0,0,1,
ENG-Premier League,2324,Sheffield Utd,Wes Foderingham,ENG,GK,32,1991,30,29,2649,29.4,79,2.68,204,130,63.7,3,4,22,1,3.4,6,5,0,1,0.0
ENG-Premier League,2324,Tottenham,Guglielmo Vicario,ITA,GK,26,1996,38,38,3420,38.0,61,1.61,167,109,67.7,20,6,12,7,18.4,7,7,0,0,0.0
ENG-Premier League,2324,West Ham,Alphonse Areola,FRA,GK,30,1993,31,31,2699,30.0,53,1.77,188,136,74.5,11,9,11,4,12.9,7,5,2,0,28.6
ENG-Premier League,2324,West Ham,Łukasz Fabiański,POL,GK,38,1985,10,7,721,8.0,21,2.62,53,33,66.0,3,1,3,1,14.3,3,3,0,0,0.0
ENG-Premier League,2324,Wolves,Daniel Bentley,ENG,GK,30,1993,5,3,383,4.3,7,1.64,15,8,53.3,1,0,2,1,33.3,0,0,0,0,
ENG-Premier League,2324,Wolves,José Sá,POR,GK,30,1993,35,35,3037,33.7,58,1.72,188,131,73.4,12,7,16,4,11.4,8,8,0,0,0.0
ENG-Premier League,2425,Arsenal,David Raya,ESP,GK,28,1995,38,38,3420,38.0,34,0.89,120,86,74.2,20,14,4,13,34.2,3,3,0,0,0.0
ENG-Premier League,2425,Aston Villa,Emiliano Martínez,ARG,GK,31,1992,37,37,3194,35.5,45,1.27,142,96,69.0,18,9,10,8,21.6,2,1,1,0,50.0
ENG-Premier League,2425,Aston Villa,Robin Olsen,SWE,GK,34,1990,4,1,226,2.5,6,2.39,14,8,64.3,1,0,0,1,100.0,1,1,0,0,0.0
ENG-Premier League,2425,Bournemouth,Kepa Arrizabalaga,ESP,GK,29,1994,31,31,2790,31.0,39,1.26,134,95,73.9,13,7,11,8,25.8,4,4,0,0,0.0
ENG-Premier League,2425,Bournemouth,Mark Travers,IRL,GK,25,1999,5,5,450,5.0,5,1.0,25,20,80.0,2,2,1,1,20.0,0,0,0,0,
ENG-Premier League,2425,Bournemouth,Neto,BRA,GK,35,1989,2,2,180,2.0,2,1.0,13,11,84.6,0,2,0,0,0.0,0,0,0,0,
ENG-Premier League,2425,Brentford,Hákon Valdimarsson,ISL,GK,22,2001,2,1,145,1.6,2,1.24,4,3,50.0,0,0,1,1,100.0,0,0,0,0,
ENG-Premier League,2425,Brentford,Mark Flekken,NED,GK,31,1993,37,37,3275,36.4,55,1.51,203,150,73.4,16,8,13,7,18.9,1,1,0,0,0.0
ENG-Premier League,2425,Brighton,Bart Verbruggen,NED,GK,21,2002,36,36,3240,36.0,58,1.61,143,87,65.7,14,13,9,7,19.4,9,9,0,0,0.0
ENG-Premier League,2425,Brighton,Jason Steele,ENG,GK,33,1990,2,2,180,2.0,1,0.5,4,3,75.0,2,0,0,1,50.0,0,0,0,0,
ENG-Premier League,2425,Chelsea,Filip Jørgensen,DEN,GK,22,2002,6,6,540,6.0,9,1.5,28,19,71.4,3,0,3,1,16.7,1,1,0,0,0.0
ENG-Premier League,2425,Chelsea,Robert Sánchez,ESP,GK,26,1997,32,32,2880,32.0,34,1.06,127,92,76.4,17,9,6,10,31.3,5,4,1,0,20.0
ENG-Premier League,2425,Crystal Palace,Dean Henderson,ENG,GK,27,1997,38,38,3420,38.0,51,1.34,150,101,66.7,13,14,11,11,28.9,2,1,1,0,50.0
ENG-Premier League,2425,Everton,Jordan Pickford,ENG,GK,30,1994,38,38,3420,38.0,44,1.16,163,117,73.0,11,15,12,12,31.6,2,0,2,0,100.0
ENG-Premier League,2425,Fulham,Bernd Leno,GER,GK,32,1992,38,38,3420,38.0,54,1.42,159,106,67.9,15,9,14,5,13.2,4,3,1,0,25.0
ENG-Premier League,2425,Ipswich Town,Alex Palmer,ENG,GK,27,1996,13,13,1170,13.0,30,2.31,71,43,59.2,1,3,9,0,0.0,1,1,0,0,0.0
ENG-Premier League,2425,Ipswich Town,Arijanet Muric,KVX,GK,25,1998,18,18,1620,18.0,33,1.83,100,67,70.0,2,6,10,1,5.6,3,3,0,0,0.0
ENG-Premier League,2425,Ipswich Town,Christian Walton,ENG,GK,28,1995,7,7,630,7.0,19,2.71,39,20,56.4,1,1,5,1,14.3,2,2,0,0,0.0
ENG-Premier League,2425,Leicester City,Danny Ward,WAL,GK,31,1993,2,1,135,1.5,6,4.0,10,4,40.0,0,0,1,0,0.0,0,0,0,0,
ENG-Premier League,2425,Leicester City,Jakub Stolarczyk,POL,GK,23,2000,10,10,900,10.0,16,1.6,44,28,63.6,3,1,6,2,20.0,0,0,0,0,
ENG-Premier League,2425,Leicester City,Mads Hermansen,DEN,GK,24,2000,27,27,2385,26.5,58,2.19,155,99,64.5,3,6,18,1,3.7,4,3,1,0,25.0
ENG-Premier League,2425,Liverpool,Alisson,BRA,GK,31,1992,28,28,2508,27.9,29,1.04,100,73,72.0,18,7,3,9,32.1,1,1,0,0,0.0
ENG-Premier League,2425,Liverpool,Caoimhín Kelleher,IRL,GK,25,1998,10,10,900,10.0,12,1.2,37,24,67.6,7,2,1,4,40.0,1,0,1,0,100.0
ENG-Premier League,2425,Liverpool,Vitezslav Jaros,CZE,GK,23,2001,1,0,12,0.1,0,0.0,1,1,100.0,0,0,0,1,,0,0,0,0,
ENG-Premier League,2425,Manchester City,Ederson,BRA,GK,30,1993,26,26,2320,25.8,26,1.01,78,53,69.2,16,4,6,10,38.5,2,2,0,0,0.0
ENG-Premier League,2425,Manchester City,Stefan Ortega,GER,GK,31,1992,13,12,1100,12.2,18,1.47,50,33,68.0,5,4,3,3,25.0,2,2,0,0,0.0
ENG-Premier League,2425,Manchester Utd,Altay Bayındır,TUR,GK,26,1998,4,4,360,4.0,10,2.5,17,8,41.2,1,0,3,1,25.0,0,0,0,0,
ENG-Premier League,2425,Manchester Utd,André Onana,CMR,GK,28,1996,34,34,3060,34.0,44,1.29,132,88,68.9,10,9,15,9,26.5,4,3,1,0,25.0
ENG-Premier League,2425,Newcastle Utd,Martin Dúbravka,SVK,GK,35,1989,10,10,900,10.0,12,1.2,41,29,70.7,7,0,3,5,50.0,0,0,0,0,
ENG-Premier League,2425,Newcastle Utd,Nick Pope,ENG,GK,32,1992,28,28,2520,28.0,35,1.25,120,86,71.7,13,6,9,8,28.6,2,1,1,0,50.0
ENG-Premier League,2425,Nott'ham Forest,Matz Sels,BEL,GK,32,1992,38,38,3420,38.0,46,1.21,165,119,73.9,19,8,11,13,34.2,3,3,0,0,0.0
ENG-Premier League,2425,Southampton,Aaron Ramsdale,ENG,GK,26,1998,30,30,2700,30.0,66,2.2,188,120,67.6,2,5,23,3,10.0,7,5,2,0,28.6
ENG-Premier League,2425,Southampton,Alex McCarthy,ENG,GK,34,1989,5,5,450,5.0,13,2.6,37,24,70.3,0,0,5,0,0.0,2,2,0,0,0.0
ENG-Premier League,2425,Southampton,Joe Lumley,ENG,GK,29,1995,3,3,270,3.0,7,2.33,20,13,65.0,0,1,2,0,0.0,0,0,0,0,
ENG-Premier League,2425,Tottenham,Antonín Kinský,CZE,GK,21,2003,6,6,540,6.0,11,1.83,32,23,65.6,1,0,5,1,16.7,0,0,0,0,
ENG-Premier League,2425,Tottenham,Brandon Austin,ENG,GK,25,1999,1,1,90,1.0,2,2.0,4,2,50.0,0,0,1,0,0.0,0,0,0,0,
ENG-Premier League,2425,Tottenham,Fraser Forster,ENG,GK,36,1988,7,7,630,7.0,15,2.14,42,27,69.0,1,2,4,1,14.3,2,2,0,0,0.0
ENG-Premier League,2425,Tottenham,Guglielmo Vicario,ITA,GK,27,1996,24,24,2160,24.0,37,1.54,102,67,64.7,9,3,12,4,16.7,1,1,0,0,0.0
ENG-Premier League,2425,West Ham,Alphonse Areola,FRA,GK,31,1993,26,25,2260,25.1,41,1.63,115,77,64.3,5,7,13,5,20.0,0,0,0,0,
ENG-Premier League,2425,West Ham,Łukasz Fabiański,POL,GK,39,1985,14,13,1160,12.9,21,1.63,71,50,74.6,6,3,4,2,15.4,3,3,0,0,0.0
ENG-Premier League,2425,Wolves,Daniel Bentley,ENG,GK,31,1993,2,2,180,2.0,4,2.0,12,8,66.7,1,0,1,1,50.0,0,0,0,0,
ENG-Premier League,2425,Wolves,José Sá,POR,GK,31,1993,29,29,2609,29.0,48,1.66,117,69,63.2,11,5,13,7,24.1,7,5,2,0,28.6
ENG-Premier League,2425,Wolves,Sam Johnstone,ENG,GK,31,1993,7,7,630,7.0,17,2.43,39,23,61.5,0,1,6,0,0.0,2,2,0,0,0.0
ENG-Premier League,2425,Wolves,Tom King,WAL,GK,29,1995,1,0,1,0.0,0,0.0,0,0,,0,0,0,0,,0,0,0,0,
