,,,,nation,pos,age,born,90s,Goals,Goals,Goals,Goals,Goals,Expected,Expected,Expected,Expected,Launched,Launched,Launched,Passes,Passes,Passes,Passes,Goal Kicks,Goal Kicks,Goal Kicks,Crosses,Crosses,Crosses,Sweeper,Sweeper,Sweeper
,,,,,,,,,GA,PKA,FK,CK,OG,PSxG,PSxG/SoT,PSxG+/-,/90,Cmp,Att,Cmp%,Att (GK),Thr,Launch%,AvgLen,Att,Launch%,AvgLen,Opp,Stp,Stp%,#OPA,#OPA/90,AvgDist
league,season,team,player,,,,,,,,,,,,,,,,,,,,,,,,,,,,,,
ENG-Premier League,2324,Arsenal,Aaron Ramsdale,ENG,GK,25,1998,6.0,5,0,0,1,0,3.7,0.26,-1.3,-0.22,19,69,27.5,169,30,34.9,33.3,19,52.6,41.4,46,8,17.4,9,1.5,14.6
ENG-Premier League,2324,Arsenal,David Raya,ESP,GK,27,1995,32.0,24,2,1,5,1,20.4,0.26,-2.6,-0.08,138,372,37.1,969,159,32.2,30.7,96,62.5,47.5,329,40,12.2,50,1.56,17.9
ENG-Premier League,2324,Aston Villa,Emiliano Martínez,ARG,GK,30,1992,33.5,48,1,0,10,4,50.6,0.37,6.6,0.2,121,332,36.4,1270,157,21.0,27.7,159,40.9,36.1,373,45,12.1,69,2.06,17.5
ENG-Premier League,2324,Aston Villa,Robin Olsen,SWE,GK,33,1990,4.5,13,0,1,0,0,11.1,0.3,-1.9,-0.43,15,48,31.3,176,19,20.5,27.1,27,44.4,35.9,46,6,13.0,1,0.22,8.4
ENG-Premier League,2324,Bournemouth,Ionuț Radu,ROU,GK,26,1997,2.0,7,0,0,3,0,2.9,0.27,-4.1,-2.04,5,15,33.3,57,10,19.3,26.9,11,36.4,29.2,19,2,10.5,0,0.0,9.6
ENG-Premier League,2324,Bournemouth,Mark Travers,IRL,GK,24,1999,4.0,5,1,0,0,0,5.0,0.23,0.0,0.01,22,72,30.6,92,13,55.4,41.7,26,80.8,55.6,60,3,5.0,3,0.75,14.8
ENG-Premier League,2324,Bournemouth,Neto,BRA,GK,34,1989,32.0,55,5,1,3,1,55.2,0.31,1.2,0.04,172,494,34.8,833,154,44.1,36.9,223,57.0,44.2,413,26,6.3,34,1.06,13.7
ENG-Premier League,2324,Brentford,Mark Flekken,NED,GK,30,1993,36.5,63,2,0,6,0,55.4,0.31,-7.6,-0.21,242,647,37.4,1288,131,36.6,34.5,289,60.9,46.7,568,44,7.7,37,1.01,12.6
ENG-Premier League,2324,Brentford,Thomas Strakosha,ALB,GK,28,1995,1.5,2,0,0,0,0,1.5,0.2,-0.5,-0.3,12,30,40.0,56,5,41.1,35.8,15,46.7,39.9,37,2,5.4,1,0.67,10.0
ENG-Premier League,2324,Brighton,Bart Verbruggen,NED,GK,20,2002,21.0,28,3,0,3,0,25.4,0.25,-2.6,-0.12,55,142,38.7,789,117,17.1,24.4,72,9.7,15.7,232,17,7.3,31,1.48,15.8
ENG-Premier League,2324,Brighton,Jason Steele,ENG,GK,32,1990,17.0,34,3,1,5,2,25.7,0.32,-6.3,-0.37,47,132,35.6,617,69,20.1,26.6,54,14.8,18.8,173,7,4.0,41,2.41,20.6
ENG-Premier League,2324,Burnley,Arijanet Muric,KVX,GK,24,1998,10.0,16,1,0,1,1,21.7,0.26,6.7,0.67,77,219,35.2,547,54,36.4,34.3,33,60.6,45.1,143,20,14.0,31,3.1,17.2
ENG-Premier League,2324,Burnley,James Trafford,ENG,GK,20,2002,28.0,62,5,0,10,2,54.1,0.3,-5.9,-0.21,138,606,22.8,1332,162,33.9,31.3,198,78.3,54.2,419,30,7.2,43,1.54,15.0
ENG-Premier League,2324,Chelsea,Robert Sánchez,ESP,GK,25,1997,15.9,25,2,0,3,0,24.2,0.28,-0.8,-0.05,61,147,41.5,516,87,21.3,28.1,91,40.7,33.7,202,19,9.4,27,1.7,15.8
ENG-Premier League,2324,Chelsea,Đorđe Petrović,SRB,GK,23,1999,22.1,38,1,0,5,3,28.3,0.26,-6.7,-0.3,67,214,31.3,655,97,22.1,27.8,149,46.3,37.8,312,20,6.4,20,0.91,12.7
ENG-Premier League,2324,Crystal Palace,Dean Henderson,ENG,GK,26,1997,18.0,30,1,0,3,1,27.4,0.31,-1.6,-0.09,59,245,24.1,377,52,46.7,38.6,105,65.7,47.0,246,5,2.0,17,0.94,13.8
ENG-Premier League,2324,Crystal Palace,Remi Matthews,ENG,GK,29,1994,0.0,1,0,0,0,0,0.1,0.15,-0.9,-19.2,0,5,0.0,4,0,100.0,53.8,1,100.0,63.0,1,1,100.0,0,0.0,3.5
ENG-Premier League,2324,Crystal Palace,Sam Johnstone,ENG,GK,30,1993,20.0,27,2,0,4,1,20.0,0.27,-6.0,-0.3,117,355,33.0,453,63,55.0,41.2,141,75.2,52.8,339,24,7.1,12,0.6,11.2
ENG-Premier League,2324,Everton,Jordan Pickford,ENG,GK,29,1994,38.0,51,8,0,9,3,52.4,0.28,4.4,0.12,360,901,40.0,1297,141,56.7,41.6,273,60.8,48.3,570,30,5.3,54,1.42,15.9
ENG-Premier League,2324,Fulham,Bernd Leno,GER,GK,31,1992,38.0,61,8,2,3,4,55.7,0.26,-1.3,-0.03,144,439,32.8,1372,167,23.7,28.5,201,56.7,44.7,472,19,4.0,40,1.05,14.2
ENG-Premier League,2324,Liverpool,Alisson,BRA,GK,30,1992,28.0,30,1,0,4,1,28.7,0.26,-0.3,-0.01,60,183,32.8,1021,140,14.1,24.7,116,33.6,33.3,299,13,4.3,33,1.18,17.7
ENG-Premier League,2324,Liverpool,Caoimhín Kelleher,IRL,GK,24,1998,10.0,11,0,0,3,1,11.3,0.3,1.3,0.13,32,102,31.4,411,52,22.4,27.3,28,35.7,34.9,77,5,6.5,13,1.3,17.0
ENG-Premier League,2324,Luton Town,James Shea,ENG,GK,32,1991,0.2,0,0,0,0,0,0.1,0.06,0.1,0.75,3,6,50.0,6,1,83.3,50.8,3,33.3,37.3,3,0,0.0,1,6.0,19.0
ENG-Premier League,2324,Luton Town,Thomas Kaminski,BEL,GK,30,1992,37.8,85,4,0,13,4,77.6,0.34,-3.4,-0.09,271,808,33.5,1121,150,52.0,39.5,341,66.0,47.5,558,16,2.9,76,2.01,20.5
ENG-Premier League,2324,Manchester City,Ederson,BRA,GK,29,1993,30.9,27,3,0,2,1,27.2,0.3,1.2,0.04,114,246,46.3,1120,137,18.3,27.2,114,36.0,36.3,247,25,10.1,50,1.62,17.3
ENG-Premier League,2324,Manchester City,Stefan Ortega,GER,GK,30,1992,7.1,7,0,0,1,0,9.0,0.33,2.0,0.28,28,68,41.2,247,24,24.7,27.9,19,36.8,34.4,65,6,9.2,13,1.84,16.8
ENG-Premier League,2324,Manchester Utd,André Onana,CMR,GK,27,1996,38.0,58,7,1,11,1,59.7,0.27,2.7,0.07,149,513,29.0,1351,140,31.0,31.2,162,58.0,44.6,601,42,7.0,37,0.97,12.9
ENG-Premier League,2324,Newcastle Utd,Loris Karius,GER,GK,30,1993,1.0,4,0,0,1,1,2.0,0.29,-1.0,-0.99,3,18,16.7,27,5,48.1,36.3,9,55.6,41.8,10,1,10.0,3,3.0,19.5
ENG-Premier League,2324,Newcastle Utd,Martin Dúbravka,SVK,GK,34,1989,22.1,42,4,0,5,0,42.2,0.29,0.2,0.01,56,165,33.9,480,143,15.6,25.4,169,53.3,39.1,296,20,6.8,22,1.0,12.9
ENG-Premier League,2324,Newcastle Utd,Nick Pope,ENG,GK,31,1992,14.9,16,0,1,2,0,16.8,0.3,0.8,0.06,41,118,34.7,304,88,21.1,28.6,95,56.8,43.8,143,9,6.3,28,1.87,19.0
ENG-Premier League,2324,Nott'ham Forest,Matt Turner,USA,GK,29,1994,17.0,28,2,1,4,0,22.1,0.26,-5.9,-0.35,126,280,45.0,436,99,42.7,35.7,136,69.1,47.0,296,30,10.1,18,1.06,13.3
ENG-Premier League,2324,Nott'ham Forest,Matz Sels,BEL,GK,31,1992,16.0,27,1,0,9,2,17.1,0.27,-7.9,-0.5,75,179,41.9,283,51,45.9,36.6,93,52.7,41.4,222,11,5.0,4,0.25,9.4
ENG-Premier League,2324,Nott'ham Forest,Odysseas Vlachodimos,GRE,GK,29,1994,5.0,12,1,0,2,0,7.9,0.31,-4.1,-0.83,28,60,46.7,130,21,25.4,29.6,44,61.4,44.3,92,3,3.3,2,0.4,10.3
ENG-Premier League,2324,Sheffield Utd,Ivo Grbić,CRO,GK,27,1996,8.6,25,0,0,4,2,14.7,0.25,-8.3,-0.97,65,199,32.7,207,25,57.5,41.2,89,89.9,59.4,193,11,5.7,14,1.63,14.4
ENG-Premier League,2324,Sheffield Utd,Wes Foderingham,ENG,GK,32,1991,29.4,79,5,0,8,5,70.4,0.33,-3.6,-0.12,205,618,33.2,783,101,54.5,40.2,262,72.9,52.1,468,28,6.0,42,1.43,14.7
ENG-Premier League,2324,Tottenham,Guglielmo Vicario,ITA,GK,26,1996,38.0,61,7,1,8,3,60.0,0.32,2.0,0.05,53,225,23.6,1363,193,14.3,24.0,201,14.9,22.2,511,33,6.5,81,2.13,17.1
ENG-Premier League,2324,West Ham,Alphonse Areola,FRA,GK,30,1993,30.0,53,5,0,3,3,52.1,0.24,2.1,0.07,160,430,37.2,643,144,43.9,36.8,219,67.6,47.3,468,27,5.8,7,0.23,8.9
ENG-Premier League,2324,West Ham,Łukasz Fabiański,POL,GK,38,1985,8.0,21,3,0,3,1,19.8,0.33,-0.2,-0.02,50,123,40.7,182,44,50.0,39.0,56,57.1,45.1,114,8,7.0,1,0.12,7.6
ENG-Premier League,2324,Wolves,Daniel Bentley,ENG,GK,30,1993,4.3,7,0,0,0,0,5.8,0.39,-1.2,-0.28,13,56,23.2,111,9,36.0,33.8,33,48.5,36.9,50,0,0.0,3,0.7,13.3
ENG-Premier League,2324,Wolves,José Sá,POR,GK,30,1993,33.7,58,8,1,7,1,65.9,0.31,8.9,0.26,87,424,20.5,841,190,33.3,33.0,253,56.9,42.6,522,45,8.6,28,0.83,12.6
ENG-Premier League,2425,Arsenal,David Raya,ESP,GK,28,1995,38.0,34,3,2,8,0,35.1,0.28,1.1,0.03,149,478,31.2,1263,178,29.9,29.9,147,68.0,49.1,402,53,13.2,66,1.74,17.2
ENG-Premier League,2425,Aston Villa,Emiliano Martínez,ARG,GK,31,1992,35.5,45,1,1,2,0,45.8,0.32,0.8,0.02,162,420,38.6,1208,132,26.3,30.4,172,59.3,46.3,498,56,11.2,35,0.99,13.7
ENG-Premier League,2425,Aston Villa,Robin Olsen,SWE,GK,34,1990,2.5,6,1,0,0,0,6.3,0.4,0.3,0.12,19,54,35.2,75,1,42.7,35.9,26,84.6,60.0,40,3,7.5,0,0.0,8.6
ENG-Premier League,2425,Bournemouth,Kepa Arrizabalaga,ESP,GK,29,1994,31.0,39,4,0,4,0,41.0,0.28,2.0,0.07,132,365,36.2,831,122,33.2,32.9,192,46.4,38.7,367,22,6.0,54,1.74,16.0
ENG-Premier League,2425,Bournemouth,Mark Travers,IRL,GK,25,1999,5.0,5,0,1,1,0,9.5,0.38,4.5,0.89,33,73,45.2,103,29,41.7,36.3,39,76.9,55.8,63,1,1.6,5,1.0,12.9
ENG-Premier League,2425,Bournemouth,Neto,BRA,GK,35,1989,2.0,2,0,0,0,0,4.3,0.35,2.3,1.17,9,27,33.3,46,7,43.5,36.8,15,46.7,38.9,30,2,6.7,3,1.5,12.6
ENG-Premier League,2425,Brentford,Hákon Valdimarsson,ISL,GK,22,2001,1.6,2,0,0,0,1,0.6,0.14,-0.4,-0.26,15,38,39.5,54,7,42.6,34.9,16,93.8,59.3,16,2,12.5,0,0.0,4.7
ENG-Premier League,2425,Brentford,Mark Flekken,NED,GK,31,1993,36.4,55,1,0,2,2,52.7,0.26,-0.3,-0.01,249,659,37.8,1498,122,33.7,34.4,212,72.6,54.8,581,46,7.9,34,0.93,11.5
ENG-Premier League,2425,Brighton,Bart Verbruggen,NED,GK,21,2002,36.0,58,9,1,4,2,51.0,0.31,-5.0,-0.14,122,386,31.6,1226,122,26.9,29.7,83,67.5,48.5,414,27,6.5,47,1.31,13.9
ENG-Premier League,2425,Brighton,Jason Steele,ENG,GK,33,1990,2.0,1,0,0,0,0,0.5,0.12,-0.5,-0.26,7,16,43.8,110,7,13.6,25.1,2,50.0,43.0,22,2,9.1,3,1.5,15.4
ENG-Premier League,2425,Chelsea,Filip Jørgensen,DEN,GK,22,2002,6.0,9,1,0,1,0,9.3,0.3,0.3,0.04,7,33,21.2,171,19,18.1,24.1,18,11.1,17.5,53,2,3.8,2,0.33,13.2
ENG-Premier League,2425,Chelsea,Robert Sánchez,ESP,GK,26,1997,32.0,34,4,0,4,0,35.7,0.25,1.7,0.05,98,424,23.1,1160,190,33.3,33.4,82,46.3,40.3,370,47,12.7,57,1.78,14.5
ENG-Premier League,2425,Crystal Palace,Dean Henderson,ENG,GK,27,1997,38.0,51,1,1,5,3,51.2,0.35,3.2,0.08,157,600,26.2,942,115,47.5,38.5,273,56.0,44.9,559,30,5.4,40,1.05,14.3
ENG-Premier League,2425,Everton,Jordan Pickford,ENG,GK,30,1994,38.0,44,0,1,6,0,48.8,0.3,4.8,0.13,304,806,37.7,1355,161,48.8,39.7,231,62.8,48.7,558,31,5.6,57,1.5,15.2
ENG-Premier League,2425,Fulham,Bernd Leno,GER,GK,32,1992,38.0,54,3,0,6,2,48.9,0.29,-3.1,-0.08,141,367,38.4,1231,167,22.7,28.9,172,51.2,41.9,507,23,4.5,33,0.87,13.3
ENG-Premier League,2425,Ipswich Town,Alex Palmer,ENG,GK,27,1996,13.0,30,1,0,9,2,25.1,0.35,-2.9,-0.22,71,186,38.2,329,55,36.8,33.9,94,69.1,50.8,249,20,8.0,13,1.0,11.5
ENG-Premier League,2425,Ipswich Town,Arijanet Muric,KVX,GK,25,1998,18.0,33,3,0,2,0,31.4,0.29,-1.6,-0.09,76,229,33.2,534,94,29.6,30.3,94,75.5,54.6,249,39,15.7,20,1.11,12.2
ENG-Premier League,2425,Ipswich Town,Christian Walton,ENG,GK,28,1995,7.0,19,2,0,0,0,17.1,0.4,-1.9,-0.28,42,116,36.2,204,35,42.6,34.3,51,56.9,44.5,111,12,10.8,2,0.29,8.2
ENG-Premier League,2425,Leicester City,Danny Ward,WAL,GK,31,1993,1.5,6,0,0,0,0,2.8,0.28,-3.2,-2.11,10,22,45.5,46,9,37.0,32.0,7,71.4,52.0,11,0,0.0,2,1.33,20.7
ENG-Premier League,2425,Leicester City,Jakub Stolarczyk,POL,GK,23,2000,10.0,16,0,0,2,0,15.4,0.35,-0.6,-0.06,57,195,29.2,328,36,46.3,34.2,58,74.1,50.2,169,10,5.9,8,0.8,12.5
ENG-Premier League,2425,Leicester City,Mads Hermansen,DEN,GK,24,2000,26.5,58,3,0,3,3,56.4,0.35,1.4,0.05,114,471,24.2,926,133,39.2,34.6,143,75.5,51.5,419,26,6.2,26,0.98,13.1
ENG-Premier League,2425,Liverpool,Alisson,BRA,GK,31,1992,27.9,29,1,0,2,2,30.5,0.3,3.5,0.13,68,203,33.5,877,128,19.7,26.6,80,37.5,33.4,255,11,4.3,49,1.76,16.0
ENG-Premier League,2425,Liverpool,Caoimhín Kelleher,IRL,GK,25,1998,10.0,12,0,0,1,0,11.6,0.3,-0.4,-0.04,29,115,25.2,364,49,28.6,29.0,18,61.1,42.8,113,6,5.3,9,0.9,14.0
ENG-Premier League,2425,Liverpool,Vitezslav Jaros,CZE,GK,23,2001,0.1,0,0,0,0,0,0.0,0.03,0.0,0.25,5,7,71.4,7,2,85.7,50.9,1,100.0,59.0,2,0,0.0,0,0.0,11.0
ENG-Premier League,2425,Manchester City,Ederson,BRA,GK,30,1993,25.8,26,2,0,3,1,30.0,0.37,5.0,0.19,72,165,43.6,846,108,17.4,27.9,77,23.4,31.9,224,13,5.8,49,1.9,17.5
ENG-Premier League,2425,Manchester City,Stefan Ortega,GER,GK,31,1992,12.2,18,2,1,1,1,16.3,0.31,-0.7,-0.06,40,104,38.5,409,55,21.5,26.7,49,32.7,28.2,133,6,4.5,12,0.98,14.3
ENG-Premier League,2425,Manchester Utd,Altay Bayındır,TUR,GK,26,1998,4.0,10,0,0,0,1,10.1,0.59,1.1,0.27,13,62,21.0,128,12,34.4,34.1,24,75.0,53.8,56,4,7.1,7,1.75,12.0
ENG-Premier League,2425,Manchester Utd,André Onana,CMR,GK,28,1996,34.0,44,3,1,10,1,44.0,0.31,1.0,0.03,118,440,26.8,1152,136,29.7,30.3,149,65.8,47.2,399,22,5.5,23,0.68,11.8
ENG-Premier League,2425,Newcastle Utd,Martin Dúbravka,SVK,GK,35,1989,10.0,12,0,0,1,0,12.9,0.32,0.9,0.09,18,80,22.5,273,54,15.8,25.2,59,62.7,45.4,127,10,7.9,11,1.1,15.3
ENG-Premier League,2425,Newcastle Utd,Nick Pope,ENG,GK,32,1992,28.0,35,1,0,3,2,34.8,0.28,1.8,0.06,72,257,28.0,595,192,25.7,30.7,187,55.6,43.6,359,39,10.9,64,2.29,16.0
ENG-Premier League,2425,Nott'ham Forest,Matz Sels,BEL,GK,32,1992,38.0,46,3,1,5,0,49.1,0.29,3.1,0.08,244,698,35.0,715,83,68.4,44.7,270,77.4,54.3,710,19,2.7,12,0.32,8.7
ENG-Premier League,2425,Southampton,Aaron Ramsdale,ENG,GK,26,1998,30.0,66,5,0,10,0,63.5,0.32,-2.5,-0.08,196,605,32.4,1026,129,44.6,36.0,190,77.4,55.9,457,25,5.5,20,0.67,11.7
ENG-Premier League,2425,Southampton,Alex McCarthy,ENG,GK,34,1989,5.0,13,2,0,1,0,12.6,0.29,-0.4,-0.07,24,52,46.2,132,29,33.3,29.5,23,34.8,30.7,74,8,10.8,0,0.0,6.5
ENG-Premier League,2425,Southampton,Joe Lumley,ENG,GK,29,1995,3.0,7,0,0,1,0,7.7,0.39,0.7,0.22,15,50,30.0,135,14,34.1,30.0,15,26.7,24.0,56,2,3.6,7,2.33,18.0
ENG-Premier League,2425,Tottenham,Antonín Kinský,CZE,GK,21,2003,6.0,11,0,0,1,2,10.5,0.33,1.5,0.25,17,58,29.3,186,37,26.9,30.7,30,26.7,29.1,112,10,8.9,9,1.5,12.1
ENG-Premier League,2425,Tottenham,Brandon Austin,ENG,GK,25,1999,1.0,2,0,0,0,0,2.2,0.55,0.2,0.2,3,11,27.3,26,5,38.5,32.3,6,16.7,29.0,15,5,33.3,2,2.0,12.4
ENG-Premier League,2425,Tottenham,Fraser Forster,ENG,GK,36,1988,7.0,15,2,0,1,0,16.5,0.36,1.5,0.21,11,31,35.5,141,30,21.3,27.2,56,1.8,14.6,81,4,4.9,3,0.43,11.1
ENG-Premier League,2425,Tottenham,Guglielmo Vicario,ITA,GK,27,1996,24.0,37,1,0,6,2,37.4,0.36,2.4,0.1,28,95,29.5,809,120,10.5,22.8,65,15.4,22.8,312,30,9.6,31,1.29,13.3
ENG-Premier League,2425,West Ham,Alphonse Areola,FRA,GK,31,1993,25.1,41,0,0,5,3,35.4,0.31,-2.6,-0.1,135,384,35.2,788,119,34.4,32.1,196,57.7,42.9,394,15,3.8,30,1.19,15.0
ENG-Premier League,2425,West Ham,Łukasz Fabiański,POL,GK,39,1985,12.9,21,3,1,3,0,22.6,0.29,1.6,0.12,77,226,34.1,394,55,41.9,35.5,100,61.0,45.1,220,10,4.5,12,0.93,13.1
ENG-Premier League,2425,Wolves,Daniel Bentley,ENG,GK,31,1993,2.0,4,0,1,0,0,3.9,0.33,-0.1,-0.04,7,21,33.3,52,6,25.0,28.1,13,61.5,46.4,25,0,0.0,3,1.5,16.4
ENG-Premier League,2425,Wolves,José Sá,POR,GK,31,1993,29.0,48,5,1,6,2,42.8,0.33,-3.2,-0.11,94,382,24.6,771,121,39.3,35.2,150,52.7,41.5,432,32,7.4,43,1.48,15.5
ENG-Premier League,2425,Wolves,Sam Johnstone,ENG,GK,31,1993,7.0,17,2,0,5,1,13.0,0.29,-3.0,-0.43,52,129,40.3,252,28,45.6,36.6,25,56.0,43.2,104,8,7.7,11,1.57,13.4
ENG-Premier League,2425,Wolves,Tom King,WAL,GK,29,1995,0.0,0,0,0,0,0,0.0,,0.0,0.0,0,0,,1,1,0.0,14.0,0,,,1,0,0.0,0,0.0,
