id,season,matchday,date,status,home_team,home_team_id,away_team,away_team_id,home_score,away_score,home_ht_score,away_ht_score,winner,duration,venue,referee
435943,2023,1,2023-08-11T19:00:00Z,FINISHED,Burnley FC,328,Manchester City FC,65,0,3,0,2,AWAY_TEAM,REGULAR,,Craig Pawson
435944,2023,1,2023-08-12T12:00:00Z,FINISHED,Arsenal FC,57,Nottingham Forest FC,351,2,1,2,0,HOME_TEAM,REGULAR,,Michael Oliver
435945,2023,1,2023-08-12T14:00:00Z,FINISHED,AFC Bournemouth,1044,West Ham United FC,563,1,1,0,0,DRAW,REGULAR,,Peter Bankes
435946,2023,1,2023-08-12T14:00:00Z,FINISHED,Brighton & Hove Albion FC,397,Luton Town FC,389,4,1,1,0,HOME_TEAM,REGULAR,,David Coote
435947,2023,1,2023-08-12T14:00:00Z,FINISHED,Everton FC,62,Fulham FC,63,0,1,0,0,AWAY_TEAM,REGULAR,,Stuart Attwell
435948,2023,1,2023-08-12T14:00:00Z,FINISHED,Sheffield United FC,356,Crystal Palace FC,354,0,1,0,0,AWAY_TEAM,REGULAR,,John Brooks
435949,2023,1,2023-08-12T16:30:00Z,FINISHED,Newcastle United FC,67,Aston Villa FC,58,5,1,2,1,HOME_TEAM,REGULAR,,Andy Madley
435950,2023,1,2023-08-13T13:00:00Z,FINISHED,Brentford FC,402,Tottenham Hotspur FC,73,2,2,2,2,DRAW,REGULAR,,Robert Jones
435951,2023,1,2023-08-13T15:30:00Z,FINISHED,Chelsea FC,61,Liverpool FC,64,1,1,1,1,DRAW,REGULAR,,Anthony Taylor
435952,2023,1,2023-08-14T19:00:00Z,FINISHED,Manchester United FC,66,Wolverhampton Wanderers FC,76,1,0,0,0,HOME_TEAM,REGULAR,,Simon Hooper
435959,2023,2,2023-08-18T18:45:00Z,FINISHED,Nottingham Forest FC,351,Sheffield United FC,356,2,1,1,0,HOME_TEAM,REGULAR,,Peter Bankes
435955,2023,2,2023-08-19T14:00:00Z,FINISHED,Fulham FC,63,Brentford FC,402,0,3,0,1,AWAY_TEAM,REGULAR,,Darren Bond
435956,2023,2,2023-08-19T14:00:00Z,FINISHED,Liverpool FC,64,AFC Bournemouth,1044,3,1,2,1,HOME_TEAM,REGULAR,,Thomas Bramall
435962,2023,2,2023-08-19T14:00:00Z,FINISHED,Wolverhampton Wanderers FC,76,Brighton & Hove Albion FC,397,1,4,0,1,AWAY_TEAM,REGULAR,,Andy Madley
435960,2023,2,2023-08-19T16:30:00Z,FINISHED,Tottenham Hotspur FC,73,Manchester United FC,66,2,0,0,0,HOME_TEAM,REGULAR,,Michael Oliver
435958,2023,2,2023-08-19T19:00:00Z,FINISHED,Manchester City FC,65,Newcastle United FC,67,1,0,1,0,HOME_TEAM,REGULAR,,Robert Jones
435953,2023,2,2023-08-20T13:00:00Z,FINISHED,Aston Villa FC,58,Everton FC,62,4,0,2,0,HOME_TEAM,REGULAR,,Anthony Taylor
435961,2023,2,2023-08-20T15:30:00Z,FINISHED,West Ham United FC,563,Chelsea FC,61,3,1,1,1,HOME_TEAM,REGULAR,,John Brooks
435954,2023,2,2023-08-21T19:00:00Z,FINISHED,Crystal Palace FC,354,Arsenal FC,57,0,1,0,0,AWAY_TEAM,REGULAR,,David Coote
435968,2023,3,2023-08-25T19:00:00Z,FINISHED,Chelsea FC,61,Luton Town FC,389,3,0,1,0,HOME_TEAM,REGULAR,,Robert Jones
435963,2023,3,2023-08-26T11:30:00Z,FINISHED,AFC Bournemouth,1044,Tottenham Hotspur FC,73,0,2,0,1,AWAY_TEAM,REGULAR,,Tim Robinson
435969,2023,3,2023-08-26T14:00:00Z,FINISHED,Everton FC,62,Wolverhampton Wanderers FC,76,0,1,0,0,AWAY_TEAM,REGULAR,,Craig Pawson
435970,2023,3,2023-08-26T14:00:00Z,FINISHED,Manchester United FC,66,Nottingham Forest FC,351,3,2,1,2,HOME_TEAM,REGULAR,,Stuart Attwell
435964,2023,3,2023-08-26T14:00:00Z,FINISHED,Arsenal FC,57,Fulham FC,63,2,2,0,1,DRAW,REGULAR,,Paul Tierney
435965,2023,3,2023-08-26T14:00:00Z,FINISHED,Brentford FC,402,Crystal Palace FC,354,1,1,1,0,DRAW,REGULAR,,Peter Bankes
435966,2023,3,2023-08-26T16:30:00Z,FINISHED,Brighton & Hove Albion FC,397,West Ham United FC,563,1,3,0,1,AWAY_TEAM,REGULAR,,Anthony Taylor
435972,2023,3,2023-08-27T13:00:00Z,FINISHED,Sheffield United FC,356,Manchester City FC,65,1,2,0,0,AWAY_TEAM,REGULAR,,Jarred Gillett
435967,2023,3,2023-08-27T13:00:00Z,FINISHED,Burnley FC,328,Aston Villa FC,58,1,3,0,2,AWAY_TEAM,REGULAR,,Michael Salisbury
435971,2023,3,2023-08-27T15:30:00Z,FINISHED,Newcastle United FC,67,Liverpool FC,64,1,2,1,0,AWAY_TEAM,REGULAR,,John Brooks
435980,2023,4,2023-09-01T19:00:00Z,FINISHED,Luton Town FC,389,West Ham United FC,563,1,2,0,1,AWAY_TEAM,REGULAR,,Paul Tierney
435982,2023,4,2023-09-02T11:30:00Z,FINISHED,Sheffield United FC,356,Everton FC,62,2,2,2,1,DRAW,REGULAR,,Andy Madley
435974,2023,4,2023-09-02T14:00:00Z,FINISHED,Brentford FC,402,AFC Bournemouth,1044,2,2,1,1,DRAW,REGULAR,,Bobby Madley
435976,2023,4,2023-09-02T14:00:00Z,FINISHED,Burnley FC,328,Tottenham Hotspur FC,73,2,5,1,2,AWAY_TEAM,REGULAR,,Darren England
435977,2023,4,2023-09-02T14:00:00Z,FINISHED,Chelsea FC,61,Nottingham Forest FC,351,0,1,0,0,AWAY_TEAM,REGULAR,,Tim Robinson
435981,2023,4,2023-09-02T14:00:00Z,FINISHED,Manchester City FC,65,Fulham FC,63,5,1,2,1,HOME_TEAM,REGULAR,,Michael Oliver
435975,2023,4,2023-09-02T16:30:00Z,FINISHED,Brighton & Hove Albion FC,397,Newcastle United FC,67,3,1,1,0,HOME_TEAM,REGULAR,,Stuart Attwell
435978,2023,4,2023-09-03T13:00:00Z,FINISHED,Crystal Palace FC,354,Wolverhampton Wanderers FC,76,3,2,0,0,HOME_TEAM,REGULAR,,Robert Jones
435979,2023,4,2023-09-03T13:00:00Z,FINISHED,Liverpool FC,64,Aston Villa FC,58,3,0,2,0,HOME_TEAM,REGULAR,,Simon Hooper
435973,2023,4,2023-09-03T15:30:00Z,FINISHED,Arsenal FC,57,Manchester United FC,66,3,1,1,1,HOME_TEAM,REGULAR,,Anthony Taylor
435992,2023,5,2023-09-16T11:30:00Z,FINISHED,Wolverhampton Wanderers FC,76,Liverpool FC,64,1,3,1,0,AWAY_TEAM,REGULAR,,Michael Oliver
435984,2023,5,2023-09-16T14:00:00Z,FINISHED,Aston Villa FC,58,Crystal Palace FC,354,3,1,0,0,HOME_TEAM,REGULAR,,Darren England
435986,2023,5,2023-09-16T14:00:00Z,FINISHED,Fulham FC,63,Luton Town FC,389,1,0,0,0,HOME_TEAM,REGULAR,,Michael Salisbury
435987,2023,5,2023-09-16T14:00:00Z,FINISHED,Manchester United FC,66,Brighton & Hove Albion FC,397,1,3,0,1,AWAY_TEAM,REGULAR,,Jarred Gillett
435990,2023,5,2023-09-16T14:00:00Z,FINISHED,Tottenham Hotspur FC,73,Sheffield United FC,356,2,1,0,0,HOME_TEAM,REGULAR,,Peter Bankes
435991,2023,5,2023-09-16T14:00:00Z,FINISHED,West Ham United FC,563,Manchester City FC,65,1,3,1,0,AWAY_TEAM,REGULAR,,Andy Madley
435988,2023,5,2023-09-16T16:30:00Z,FINISHED,Newcastle United FC,67,Brentford FC,402,1,0,0,0,HOME_TEAM,REGULAR,,Craig Pawson
435983,2023,5,2023-09-17T13:00:00Z,FINISHED,AFC Bournemouth,1044,Chelsea FC,61,0,0,0,0,DRAW,REGULAR,,David Coote
435985,2023,5,2023-09-17T15:30:00Z,FINISHED,Everton FC,62,Arsenal FC,57,0,1,0,0,AWAY_TEAM,REGULAR,,Simon Hooper
435989,2023,5,2023-09-18T18:45:00Z,FINISHED,Nottingham Forest FC,351,Burnley FC,328,1,1,0,1,DRAW,REGULAR,,Robert Jones
435998,2023,6,2023-09-23T14:00:00Z,FINISHED,Crystal Palace FC,354,Fulham FC,63,0,0,0,0,DRAW,REGULAR,,Paul Tierney
436000,2023,6,2023-09-23T14:00:00Z,FINISHED,Luton Town FC,389,Wolverhampton Wanderers FC,76,1,1,0,0,DRAW,REGULAR,,Josh Smith
436001,2023,6,2023-09-23T14:00:00Z,FINISHED,Manchester City FC,65,Nottingham Forest FC,351,2,0,2,0,HOME_TEAM,REGULAR,,Anthony Taylor
435994,2023,6,2023-09-23T16:30:00Z,FINISHED,Brentford FC,402,Everton FC,62,1,3,1,1,AWAY_TEAM,REGULAR,,Michael Oliver
435996,2023,6,2023-09-23T19:00:00Z,FINISHED,Burnley FC,328,Manchester United FC,66,0,1,0,1,AWAY_TEAM,REGULAR,,Tony Harrington
435993,2023,6,2023-09-24T13:00:00Z,FINISHED,Arsenal FC,57,Tottenham Hotspur FC,73,2,2,1,1,DRAW,REGULAR,,Robert Jones
435995,2023,6,2023-09-24T13:00:00Z,FINISHED,Brighton & Hove Albion FC,397,AFC Bournemouth,1044,3,1,1,1,HOME_TEAM,REGULAR,,John Brooks
435997,2023,6,2023-09-24T13:00:00Z,FINISHED,Chelsea FC,61,Aston Villa FC,58,0,1,0,0,AWAY_TEAM,REGULAR,,Jarred Gillett
435999,2023,6,2023-09-24T13:00:00Z,FINISHED,Liverpool FC,64,West Ham United FC,563,3,1,1,1,HOME_TEAM,REGULAR,,Chris Kavanagh
436002,2023,6,2023-09-24T15:30:00Z,FINISHED,Sheffield United FC,356,Newcastle United FC,67,0,8,0,3,AWAY_TEAM,REGULAR,,Stuart Attwell
436004,2023,7,2023-09-30T11:30:00Z,FINISHED,Aston Villa FC,58,Brighton & Hove Albion FC,397,6,1,3,0,HOME_TEAM,REGULAR,,Andy Madley
436003,2023,7,2023-09-30T14:00:00Z,FINISHED,AFC Bournemouth,1044,Arsenal FC,57,0,4,0,2,AWAY_TEAM,REGULAR,,Michael Salisbury
436005,2023,7,2023-09-30T14:00:00Z,FINISHED,Everton FC,62,Luton Town FC,389,1,2,1,2,AWAY_TEAM,REGULAR,,Anthony Taylor
436007,2023,7,2023-09-30T14:00:00Z,FINISHED,Manchester United FC,66,Crystal Palace FC,354,0,1,0,1,AWAY_TEAM,REGULAR,,Chris Kavanagh
436008,2023,7,2023-09-30T14:00:00Z,FINISHED,Newcastle United FC,67,Burnley FC,328,2,0,1,0,HOME_TEAM,REGULAR,,Thomas Bramall
436011,2023,7,2023-09-30T14:00:00Z,FINISHED,West Ham United FC,563,Sheffield United FC,356,2,0,2,0,HOME_TEAM,REGULAR,,Graham Scott
436012,2023,7,2023-09-30T14:00:00Z,FINISHED,Wolverhampton Wanderers FC,76,Manchester City FC,65,2,1,1,0,HOME_TEAM,REGULAR,,Craig Pawson
436010,2023,7,2023-09-30T16:30:00Z,FINISHED,Tottenham Hotspur FC,73,Liverpool FC,64,2,1,1,1,HOME_TEAM,REGULAR,,Simon Hooper
436009,2023,7,2023-10-01T13:00:00Z,FINISHED,Nottingham Forest FC,351,Brentford FC,402,1,1,0,0,DRAW,REGULAR,,Paul Tierney
436006,2023,7,2023-10-02T19:00:00Z,FINISHED,Fulham FC,63,Chelsea FC,61,0,2,0,2,AWAY_TEAM,REGULAR,,Tim Robinson
435957,2023,2,2023-10-03T18:30:00Z,FINISHED,Luton Town FC,389,Burnley FC,328,1,2,0,1,AWAY_TEAM,REGULAR,,Peter Bankes
436019,2023,8,2023-10-07T11:30:00Z,FINISHED,Luton Town FC,389,Tottenham Hotspur FC,73,0,1,0,0,AWAY_TEAM,REGULAR,,John Brooks
436015,2023,8,2023-10-07T14:00:00Z,FINISHED,Burnley FC,328,Chelsea FC,61,1,4,1,1,AWAY_TEAM,REGULAR,,Stuart Attwell
436017,2023,8,2023-10-07T14:00:00Z,FINISHED,Everton FC,62,AFC Bournemouth,1044,3,0,2,0,HOME_TEAM,REGULAR,,David Coote
436018,2023,8,2023-10-07T14:00:00Z,FINISHED,Fulham FC,63,Sheffield United FC,356,3,1,0,0,HOME_TEAM,REGULAR,,Sam Barrott
436020,2023,8,2023-10-07T14:00:00Z,FINISHED,Manchester United FC,66,Brentford FC,402,2,1,0,1,HOME_TEAM,REGULAR,,Bobby Madley
436016,2023,8,2023-10-07T16:30:00Z,FINISHED,Crystal Palace FC,354,Nottingham Forest FC,351,0,0,0,0,DRAW,REGULAR,,Craig Pawson
436014,2023,8,2023-10-08T13:00:00Z,FINISHED,Brighton & Hove Albion FC,397,Liverpool FC,64,2,2,1,2,DRAW,REGULAR,,Anthony Taylor
436021,2023,8,2023-10-08T13:00:00Z,FINISHED,West Ham United FC,563,Newcastle United FC,67,2,2,1,0,DRAW,REGULAR,,Peter Bankes
436022,2023,8,2023-10-08T13:00:00Z,FINISHED,Wolverhampton Wanderers FC,76,Aston Villa FC,58,1,1,0,0,DRAW,REGULAR,,Robert Jones
436013,2023,8,2023-10-08T15:30:00Z,FINISHED,Arsenal FC,57,Manchester City FC,65,1,0,0,0,HOME_TEAM,REGULAR,,Michael Oliver
436027,2023,9,2023-10-21T11:30:00Z,FINISHED,Liverpool FC,64,Everton FC,62,2,0,0,0,HOME_TEAM,REGULAR,,Craig Pawson
436023,2023,9,2023-10-21T14:00:00Z,FINISHED,AFC Bournemouth,1044,Wolverhampton Wanderers FC,76,1,2,1,0,AWAY_TEAM,REGULAR,,Paul Tierney
436025,2023,9,2023-10-21T14:00:00Z,FINISHED,Brentford FC,402,Burnley FC,328,3,0,1,0,HOME_TEAM,REGULAR,,Josh Smith
436028,2023,9,2023-10-21T14:00:00Z,FINISHED,Manchester City FC,65,Brighton & Hove Albion FC,397,2,1,2,0,HOME_TEAM,REGULAR,,Robert Jones
436029,2023,9,2023-10-21T14:00:00Z,FINISHED,Newcastle United FC,67,Crystal Palace FC,354,4,0,3,0,HOME_TEAM,REGULAR,,Tim Robinson
436030,2023,9,2023-10-21T14:00:00Z,FINISHED,Nottingham Forest FC,351,Luton Town FC,389,2,2,0,0,DRAW,REGULAR,,Sam Barrott
436026,2023,9,2023-10-21T16:30:00Z,FINISHED,Chelsea FC,61,Arsenal FC,57,2,2,1,0,DRAW,REGULAR,,Chris Kavanagh
436031,2023,9,2023-10-21T19:00:00Z,FINISHED,Sheffield United FC,356,Manchester United FC,66,1,2,1,1,AWAY_TEAM,REGULAR,,Michael Oliver
436024,2023,9,2023-10-22T15:30:00Z,FINISHED,Aston Villa FC,58,West Ham United FC,563,4,1,1,0,HOME_TEAM,REGULAR,,David Coote
436032,2023,9,2023-10-23T19:00:00Z,FINISHED,Tottenham Hotspur FC,73,Fulham FC,63,2,0,1,0,HOME_TEAM,REGULAR,,Anthony Taylor
436038,2023,10,2023-10-27T19:00:00Z,FINISHED,Crystal Palace FC,354,Tottenham Hotspur FC,73,1,2,0,0,AWAY_TEAM,REGULAR,,Andy Madley
436037,2023,10,2023-10-28T11:30:00Z,FINISHED,Chelsea FC,61,Brentford FC,402,0,2,0,0,AWAY_TEAM,REGULAR,,Simon Hooper
436033,2023,10,2023-10-28T14:00:00Z,FINISHED,AFC Bournemouth,1044,Burnley FC,328,2,1,1,1,HOME_TEAM,REGULAR,,Sam Barrott
436034,2023,10,2023-10-28T14:00:00Z,FINISHED,Arsenal FC,57,Sheffield United FC,356,5,0,1,0,HOME_TEAM,REGULAR,,Tim Robinson
436042,2023,10,2023-10-28T16:30:00Z,FINISHED,Wolverhampton Wanderers FC,76,Newcastle United FC,67,2,2,1,2,DRAW,REGULAR,,Anthony Taylor
436041,2023,10,2023-10-29T13:00:00Z,FINISHED,West Ham United FC,563,Everton FC,62,0,1,0,0,AWAY_TEAM,REGULAR,,Stuart Attwell
436035,2023,10,2023-10-29T14:00:00Z,FINISHED,Aston Villa FC,58,Luton Town FC,389,3,1,1,0,HOME_TEAM,REGULAR,,John Brooks
436036,2023,10,2023-10-29T14:00:00Z,FINISHED,Brighton & Hove Albion FC,397,Fulham FC,63,1,1,1,0,DRAW,REGULAR,,Michael Salisbury
436039,2023,10,2023-10-29T14:00:00Z,FINISHED,Liverpool FC,64,Nottingham Forest FC,351,3,0,2,0,HOME_TEAM,REGULAR,,Chris Kavanagh
436040,2023,10,2023-10-29T15:30:00Z,FINISHED,Manchester United FC,66,Manchester City FC,65,0,3,0,1,AWAY_TEAM,REGULAR,,Paul Tierney
436046,2023,11,2023-11-04T12:30:00Z,FINISHED,Fulham FC,63,Manchester United FC,66,0,1,0,0,AWAY_TEAM,REGULAR,,John Brooks
436043,2023,11,2023-11-04T15:00:00Z,FINISHED,Brentford FC,402,West Ham United FC,563,3,2,1,2,HOME_TEAM,REGULAR,,Thomas Bramall
436044,2023,11,2023-11-04T15:00:00Z,FINISHED,Burnley FC,328,Crystal Palace FC,354,0,2,0,1,AWAY_TEAM,REGULAR,,Peter Bankes
436045,2023,11,2023-11-04T15:00:00Z,FINISHED,Everton FC,62,Brighton & Hove Albion FC,397,1,1,1,0,DRAW,REGULAR,,Tim Robinson
436048,2023,11,2023-11-04T15:00:00Z,FINISHED,Manchester City FC,65,AFC Bournemouth,1044,6,1,3,0,HOME_TEAM,REGULAR,,Craig Pawson
436051,2023,11,2023-11-04T15:00:00Z,FINISHED,Sheffield United FC,356,Wolverhampton Wanderers FC,76,2,1,0,0,HOME_TEAM,REGULAR,,Robert Jones
436049,2023,11,2023-11-04T17:30:00Z,FINISHED,Newcastle United FC,67,Arsenal FC,57,1,0,0,0,HOME_TEAM,REGULAR,,Stuart Attwell
436050,2023,11,2023-11-05T14:00:00Z,FINISHED,Nottingham Forest FC,351,Aston Villa FC,58,2,0,1,0,HOME_TEAM,REGULAR,,Jarred Gillett
436047,2023,11,2023-11-05T16:30:00Z,FINISHED,Luton Town FC,389,Liverpool FC,64,1,1,0,0,DRAW,REGULAR,,Andy Madley
436052,2023,11,2023-11-06T20:00:00Z,FINISHED,Tottenham Hotspur FC,73,Chelsea FC,61,1,4,1,1,AWAY_TEAM,REGULAR,,Michael Oliver
436062,2023,12,2023-11-11T12:30:00Z,FINISHED,Wolverhampton Wanderers FC,76,Tottenham Hotspur FC,73,2,1,0,1,HOME_TEAM,REGULAR,,Tim Robinson
436054,2023,12,2023-11-11T15:00:00Z,FINISHED,Arsenal FC,57,Burnley FC,328,3,1,1,0,HOME_TEAM,REGULAR,,Michael Oliver
436058,2023,12,2023-11-11T15:00:00Z,FINISHED,Crystal Palace FC,354,Everton FC,62,2,3,1,1,AWAY_TEAM,REGULAR,,Sam Barrott
436060,2023,12,2023-11-11T15:00:00Z,FINISHED,Manchester United FC,66,Luton Town FC,389,1,0,0,0,HOME_TEAM,REGULAR,,Graham Scott
436053,2023,12,2023-11-11T17:30:00Z,FINISHED,AFC Bournemouth,1044,Newcastle United FC,67,2,0,0,0,HOME_TEAM,REGULAR,,Chris Kavanagh
436055,2023,12,2023-11-12T14:00:00Z,FINISHED,Aston Villa FC,58,Fulham FC,63,3,1,2,0,HOME_TEAM,REGULAR,,Simon Hooper
436056,2023,12,2023-11-12T14:00:00Z,FINISHED,Brighton & Hove Albion FC,397,Sheffield United FC,356,1,1,1,0,DRAW,REGULAR,,John Brooks
436059,2023,12,2023-11-12T14:00:00Z,FINISHED,Liverpool FC,64,Brentford FC,402,3,0,1,0,HOME_TEAM,REGULAR,,Paul Tierney
436061,2023,12,2023-11-12T14:00:00Z,FINISHED,West Ham United FC,563,Nottingham Forest FC,351,3,2,1,1,HOME_TEAM,REGULAR,,Michael Salisbury
436057,2023,12,2023-11-12T16:30:00Z,FINISHED,Chelsea FC,61,Manchester City FC,65,4,4,2,2,DRAW,REGULAR,,Anthony Taylor
436068,2023,13,2023-11-25T12:30:00Z,FINISHED,Manchester City FC,65,Liverpool FC,64,1,1,1,0,DRAW,REGULAR,,Chris Kavanagh
436064,2023,13,2023-11-25T15:00:00Z,FINISHED,Burnley FC,328,West Ham United FC,563,1,2,0,0,AWAY_TEAM,REGULAR,,Sam Barrott
436067,2023,13,2023-11-25T15:00:00Z,FINISHED,Luton Town FC,389,Crystal Palace FC,354,2,1,0,0,HOME_TEAM,REGULAR,,Jarred Gillett
436069,2023,13,2023-11-25T15:00:00Z,FINISHED,Newcastle United FC,67,Chelsea FC,61,4,1,1,1,HOME_TEAM,REGULAR,,Simon Hooper
436070,2023,13,2023-11-25T15:00:00Z,FINISHED,Nottingham Forest FC,351,Brighton & Hove Albion FC,397,2,3,1,2,AWAY_TEAM,REGULAR,,Anthony Taylor
436071,2023,13,2023-11-25T15:00:00Z,FINISHED,Sheffield United FC,356,AFC Bournemouth,1044,1,3,0,2,AWAY_TEAM,REGULAR,,Bobby Madley
436063,2023,13,2023-11-25T17:30:00Z,FINISHED,Brentford FC,402,Arsenal FC,57,0,1,0,0,AWAY_TEAM,REGULAR,,Tim Robinson
436072,2023,13,2023-11-26T14:00:00Z,FINISHED,Tottenham Hotspur FC,73,Aston Villa FC,58,1,2,1,1,AWAY_TEAM,REGULAR,,Robert Jones
436065,2023,13,2023-11-26T16:30:00Z,FINISHED,Everton FC,62,Manchester United FC,66,0,3,0,1,AWAY_TEAM,REGULAR,,John Brooks
436066,2023,13,2023-11-27T20:00:00Z,FINISHED,Fulham FC,63,Wolverhampton Wanderers FC,76,3,2,1,1,HOME_TEAM,REGULAR,,Michael Salisbury
436074,2023,14,2023-12-02T15:00:00Z,FINISHED,Arsenal FC,57,Wolverhampton Wanderers FC,76,2,1,2,0,HOME_TEAM,REGULAR,,Peter Bankes
436075,2023,14,2023-12-02T15:00:00Z,FINISHED,Brentford FC,402,Luton Town FC,389,3,1,0,0,HOME_TEAM,REGULAR,,Anthony Taylor
436076,2023,14,2023-12-02T15:00:00Z,FINISHED,Burnley FC,328,Sheffield United FC,356,5,0,2,0,HOME_TEAM,REGULAR,,Chris Kavanagh
436081,2023,14,2023-12-02T17:30:00Z,FINISHED,Nottingham Forest FC,351,Everton FC,62,0,1,0,0,AWAY_TEAM,REGULAR,,Paul Tierney
436080,2023,14,2023-12-02T20:00:00Z,FINISHED,Newcastle United FC,67,Manchester United FC,66,1,0,0,0,HOME_TEAM,REGULAR,,Robert Jones
436073,2023,14,2023-12-03T14:00:00Z,FINISHED,AFC Bournemouth,1044,Aston Villa FC,58,2,2,1,1,DRAW,REGULAR,,Thomas Bramall
436077,2023,14,2023-12-03T14:00:00Z,FINISHED,Chelsea FC,61,Brighton & Hove Albion FC,397,3,2,2,1,HOME_TEAM,REGULAR,,Craig Pawson
436078,2023,14,2023-12-03T14:00:00Z,FINISHED,Liverpool FC,64,Fulham FC,63,4,3,2,2,HOME_TEAM,REGULAR,,Stuart Attwell
436082,2023,14,2023-12-03T14:00:00Z,FINISHED,West Ham United FC,563,Crystal Palace FC,354,1,1,1,0,DRAW,REGULAR,,Michael Oliver
436079,2023,14,2023-12-03T16:30:00Z,FINISHED,Manchester City FC,65,Tottenham Hotspur FC,73,3,3,2,1,DRAW,REGULAR,,Simon Hooper
436090,2023,15,2023-12-05T19:30:00Z,FINISHED,Wolverhampton Wanderers FC,76,Burnley FC,328,1,0,1,0,HOME_TEAM,REGULAR,,Jarred Gillett
436087,2023,15,2023-12-05T20:15:00Z,FINISHED,Luton Town FC,389,Arsenal FC,57,3,4,1,2,AWAY_TEAM,REGULAR,,Sam Barrott
436084,2023,15,2023-12-06T19:30:00Z,FINISHED,Brighton & Hove Albion FC,397,Brentford FC,402,2,1,1,1,HOME_TEAM,REGULAR,,Peter Bankes
436086,2023,15,2023-12-06T19:30:00Z,FINISHED,Fulham FC,63,Nottingham Forest FC,351,5,0,2,0,HOME_TEAM,REGULAR,,Josh Smith
436088,2023,15,2023-12-06T19:30:00Z,FINISHED,Sheffield United FC,356,Liverpool FC,64,0,2,0,1,AWAY_TEAM,REGULAR,,Simon Hooper
436091,2023,15,2023-12-06T19:30:00Z,FINISHED,Crystal Palace FC,354,AFC Bournemouth,1044,0,2,0,1,AWAY_TEAM,REGULAR,,Craig Pawson
436083,2023,15,2023-12-06T20:15:00Z,FINISHED,Aston Villa FC,58,Manchester City FC,65,1,0,0,0,HOME_TEAM,REGULAR,,John Brooks
436092,2023,15,2023-12-06T20:15:00Z,FINISHED,Manchester United FC,66,Chelsea FC,61,2,1,1,1,HOME_TEAM,REGULAR,,Chris Kavanagh
436085,2023,15,2023-12-07T19:30:00Z,FINISHED,Everton FC,62,Newcastle United FC,67,3,0,0,0,HOME_TEAM,REGULAR,,Tim Robinson
436089,2023,15,2023-12-07T20:15:00Z,FINISHED,Tottenham Hotspur FC,73,West Ham United FC,563,1,2,1,0,AWAY_TEAM,REGULAR,,Michael Salisbury
436095,2023,16,2023-12-09T12:30:00Z,FINISHED,Crystal Palace FC,354,Liverpool FC,64,1,2,0,0,AWAY_TEAM,REGULAR,,Andy Madley
436094,2023,16,2023-12-09T15:00:00Z,FINISHED,Brighton & Hove Albion FC,397,Burnley FC,328,1,1,0,1,DRAW,REGULAR,,Simon Hooper
436099,2023,16,2023-12-09T15:00:00Z,FINISHED,Manchester United FC,66,AFC Bournemouth,1044,0,3,0,1,AWAY_TEAM,REGULAR,,Peter Bankes
436100,2023,16,2023-12-09T15:00:00Z,FINISHED,Sheffield United FC,356,Brentford FC,402,1,0,1,0,HOME_TEAM,REGULAR,,Stuart Attwell
436102,2023,16,2023-12-09T15:00:00Z,FINISHED,Wolverhampton Wanderers FC,76,Nottingham Forest FC,351,1,1,1,1,DRAW,REGULAR,,Sam Barrott
436093,2023,16,2023-12-09T17:30:00Z,FINISHED,Aston Villa FC,58,Arsenal FC,57,1,0,1,0,HOME_TEAM,REGULAR,,Jarred Gillett
436096,2023,16,2023-12-10T14:00:00Z,FINISHED,Everton FC,62,Chelsea FC,61,2,0,0,0,HOME_TEAM,REGULAR,,Michael Oliver
436097,2023,16,2023-12-10T14:00:00Z,FINISHED,Fulham FC,63,West Ham United FC,563,5,0,3,0,HOME_TEAM,REGULAR,,Paul Tierney
436098,2023,16,2023-12-10T14:00:00Z,FINISHED,Luton Town FC,389,Manchester City FC,65,1,2,1,0,AWAY_TEAM,REGULAR,,Tim Robinson
436101,2023,16,2023-12-10T16:30:00Z,FINISHED,Tottenham Hotspur FC,73,Newcastle United FC,67,4,1,2,0,HOME_TEAM,REGULAR,,Chris Kavanagh
436111,2023,17,2023-12-15T20:00:00Z,FINISHED,Nottingham Forest FC,351,Tottenham Hotspur FC,73,0,2,0,1,AWAY_TEAM,REGULAR,,Jarred Gillett
436107,2023,17,2023-12-16T15:00:00Z,FINISHED,Chelsea FC,61,Sheffield United FC,356,2,0,0,0,HOME_TEAM,REGULAR,,Andy Madley
436109,2023,17,2023-12-16T15:00:00Z,FINISHED,Manchester City FC,65,Crystal Palace FC,354,2,2,1,0,DRAW,REGULAR,,Paul Tierney
436110,2023,17,2023-12-16T15:00:00Z,FINISHED,Newcastle United FC,67,Fulham FC,63,3,0,0,0,HOME_TEAM,REGULAR,,Sam Barrott
436106,2023,17,2023-12-16T17:30:00Z,FINISHED,Burnley FC,328,Everton FC,62,0,2,0,2,AWAY_TEAM,REGULAR,,Anthony Taylor
436104,2023,17,2023-12-17T14:00:00Z,FINISHED,Arsenal FC,57,Brighton & Hove Albion FC,397,2,0,0,0,HOME_TEAM,REGULAR,,Tim Robinson
436105,2023,17,2023-12-17T14:00:00Z,FINISHED,Brentford FC,402,Aston Villa FC,58,1,2,1,0,AWAY_TEAM,REGULAR,,David Coote
436112,2023,17,2023-12-17T14:00:00Z,FINISHED,West Ham United FC,563,Wolverhampton Wanderers FC,76,3,0,2,0,HOME_TEAM,REGULAR,,Chris Kavanagh
436108,2023,17,2023-12-17T16:30:00Z,FINISHED,Liverpool FC,64,Manchester United FC,66,0,0,0,0,DRAW,REGULAR,,Michael Oliver
436114,2023,18,2023-12-21T20:00:00Z,FINISHED,Crystal Palace FC,354,Brighton & Hove Albion FC,397,1,1,1,0,DRAW,REGULAR,,John Brooks
436113,2023,18,2023-12-22T20:00:00Z,FINISHED,Aston Villa FC,58,Sheffield United FC,356,1,1,0,0,DRAW,REGULAR,,Anthony Taylor
436121,2023,18,2023-12-23T12:30:00Z,FINISHED,West Ham United FC,563,Manchester United FC,66,2,0,0,0,HOME_TEAM,REGULAR,,Simon Hooper
436115,2023,18,2023-12-23T15:00:00Z,FINISHED,Fulham FC,63,Burnley FC,328,0,2,0,0,AWAY_TEAM,REGULAR,,Rebecca Welch
436117,2023,18,2023-12-23T15:00:00Z,FINISHED,Luton Town FC,389,Newcastle United FC,67,1,0,1,0,HOME_TEAM,REGULAR,,Darren England
436119,2023,18,2023-12-23T15:00:00Z,FINISHED,Nottingham Forest FC,351,AFC Bournemouth,1044,2,3,0,0,AWAY_TEAM,REGULAR,,Robert Jones
436120,2023,18,2023-12-23T15:00:00Z,FINISHED,Tottenham Hotspur FC,73,Everton FC,62,2,1,2,0,HOME_TEAM,REGULAR,,Stuart Attwell
436116,2023,18,2023-12-23T17:30:00Z,FINISHED,Liverpool FC,64,Arsenal FC,57,1,1,1,1,DRAW,REGULAR,,Chris Kavanagh
436122,2023,18,2023-12-24T13:00:00Z,FINISHED,Wolverhampton Wanderers FC,76,Chelsea FC,61,2,1,0,0,HOME_TEAM,REGULAR,,David Coote
436131,2023,19,2023-12-26T12:30:00Z,FINISHED,Newcastle United FC,67,Nottingham Forest FC,351,1,3,1,1,AWAY_TEAM,REGULAR,,Chris Kavanagh
436123,2023,19,2023-12-26T15:00:00Z,FINISHED,AFC Bournemouth,1044,Fulham FC,63,3,0,1,0,HOME_TEAM,REGULAR,,Tim Robinson
436132,2023,19,2023-12-26T15:00:00Z,FINISHED,Sheffield United FC,356,Luton Town FC,389,2,3,0,1,AWAY_TEAM,REGULAR,,Samuel Allison
436127,2023,19,2023-12-26T17:30:00Z,FINISHED,Burnley FC,328,Liverpool FC,64,0,2,0,1,AWAY_TEAM,REGULAR,,Paul Tierney
436130,2023,19,2023-12-26T20:00:00Z,FINISHED,Manchester United FC,66,Aston Villa FC,58,3,2,0,2,HOME_TEAM,REGULAR,,Craig Pawson
436125,2023,19,2023-12-27T19:30:00Z,FINISHED,Brentford FC,402,Wolverhampton Wanderers FC,76,1,4,1,3,AWAY_TEAM,REGULAR,,Andy Madley
436128,2023,19,2023-12-27T19:30:00Z,FINISHED,Chelsea FC,61,Crystal Palace FC,354,2,1,1,1,HOME_TEAM,REGULAR,,Michael Salisbury
436129,2023,19,2023-12-27T20:15:00Z,FINISHED,Everton FC,62,Manchester City FC,65,1,3,1,0,AWAY_TEAM,REGULAR,,John Brooks
436126,2023,19,2023-12-28T19:30:00Z,FINISHED,Brighton & Hove Albion FC,397,Tottenham Hotspur FC,73,4,2,2,0,HOME_TEAM,REGULAR,,Jarred Gillett
436124,2023,19,2023-12-28T20:15:00Z,FINISHED,Arsenal FC,57,West Ham United FC,563,0,2,0,1,AWAY_TEAM,REGULAR,,Michael Oliver
436137,2023,20,2023-12-30T12:30:00Z,FINISHED,Luton Town FC,389,Chelsea FC,61,2,3,0,2,AWAY_TEAM,REGULAR,,Paul Tierney
436133,2023,20,2023-12-30T15:00:00Z,FINISHED,Aston Villa FC,58,Burnley FC,328,3,2,2,1,HOME_TEAM,REGULAR,,Stuart Attwell
436134,2023,20,2023-12-30T15:00:00Z,FINISHED,Crystal Palace FC,354,Brentford FC,402,3,1,2,1,HOME_TEAM,REGULAR,,Robert Jones
436138,2023,20,2023-12-30T15:00:00Z,FINISHED,Manchester City FC,65,Sheffield United FC,356,2,0,1,0,HOME_TEAM,REGULAR,,David Coote
436142,2023,20,2023-12-30T15:00:00Z,FINISHED,Wolverhampton Wanderers FC,76,Everton FC,62,3,0,1,0,HOME_TEAM,REGULAR,,Thomas Bramall
436139,2023,20,2023-12-30T17:30:00Z,FINISHED,Nottingham Forest FC,351,Manchester United FC,66,2,1,0,0,HOME_TEAM,REGULAR,,Tim Robinson
436135,2023,20,2023-12-31T14:00:00Z,FINISHED,Fulham FC,63,Arsenal FC,57,2,1,1,1,HOME_TEAM,REGULAR,,Peter Bankes
436140,2023,20,2023-12-31T14:00:00Z,FINISHED,Tottenham Hotspur FC,73,AFC Bournemouth,1044,3,1,1,0,HOME_TEAM,REGULAR,,Simon Hooper
436136,2023,20,2024-01-01T20:00:00Z,FINISHED,Liverpool FC,64,Newcastle United FC,67,4,2,0,0,HOME_TEAM,REGULAR,,Anthony Taylor
436141,2023,20,2024-01-02T19:30:00Z,FINISHED,West Ham United FC,563,Brighton & Hove Albion FC,397,0,0,0,0,DRAW,REGULAR,,Sam Barrott
436147,2023,21,2024-01-12T19:45:00Z,FINISHED,Burnley FC,328,Luton Town FC,389,1,1,1,0,DRAW,REGULAR,,Tony Harrington
436148,2023,21,2024-01-13T12:30:00Z,FINISHED,Chelsea FC,61,Fulham FC,63,1,0,1,0,HOME_TEAM,REGULAR,,Anthony Taylor
436151,2023,21,2024-01-13T17:30:00Z,FINISHED,Newcastle United FC,67,Manchester City FC,65,2,3,2,1,AWAY_TEAM,REGULAR,,Chris Kavanagh
436149,2023,21,2024-01-14T14:00:00Z,FINISHED,Everton FC,62,Aston Villa FC,58,0,0,0,0,DRAW,REGULAR,,David Coote
436150,2023,21,2024-01-14T16:30:00Z,FINISHED,Manchester United FC,66,Tottenham Hotspur FC,73,2,2,2,1,DRAW,REGULAR,,John Brooks
436144,2023,21,2024-01-20T12:30:00Z,FINISHED,Arsenal FC,57,Crystal Palace FC,354,5,0,2,0,HOME_TEAM,REGULAR,,Paul Tierney
436145,2023,21,2024-01-20T17:30:00Z,FINISHED,Brentford FC,402,Nottingham Forest FC,351,3,2,1,1,HOME_TEAM,REGULAR,,Darren England
436152,2023,21,2024-01-21T14:00:00Z,FINISHED,Sheffield United FC,356,West Ham United FC,563,2,2,1,1,DRAW,REGULAR,,Michael Salisbury
436143,2023,21,2024-01-21T16:30:00Z,FINISHED,AFC Bournemouth,1044,Liverpool FC,64,0,4,0,0,AWAY_TEAM,REGULAR,,Bobby Madley
436146,2023,21,2024-01-22T19:45:00Z,FINISHED,Brighton & Hove Albion FC,397,Wolverhampton Wanderers FC,76,0,0,0,0,DRAW,REGULAR,,Craig Pawson
436153,2023,22,2024-01-30T19:30:00Z,FINISHED,Nottingham Forest FC,351,Arsenal FC,57,1,2,0,0,AWAY_TEAM,REGULAR,,Simon Hooper
436155,2023,22,2024-01-30T19:45:00Z,FINISHED,Luton Town FC,389,Brighton & Hove Albion FC,397,4,0,3,0,HOME_TEAM,REGULAR,,Robert Jones
436156,2023,22,2024-01-30T19:45:00Z,FINISHED,Fulham FC,63,Everton FC,62,0,0,0,0,DRAW,REGULAR,,Thomas Bramall
436157,2023,22,2024-01-30T20:00:00Z,FINISHED,Crystal Palace FC,354,Sheffield United FC,356,3,2,2,2,HOME_TEAM,REGULAR,,Tony Harrington
436158,2023,22,2024-01-30T20:15:00Z,FINISHED,Aston Villa FC,58,Newcastle United FC,67,1,3,0,2,AWAY_TEAM,REGULAR,,John Brooks
436159,2023,22,2024-01-31T19:30:00Z,FINISHED,Tottenham Hotspur FC,73,Brentford FC,402,3,2,0,1,HOME_TEAM,REGULAR,,David Coote
436161,2023,22,2024-01-31T19:30:00Z,FINISHED,Manchester City FC,65,Burnley FC,328,3,1,2,0,HOME_TEAM,REGULAR,,Sam Barrott
436162,2023,22,2024-01-31T20:15:00Z,FINISHED,Liverpool FC,64,Chelsea FC,61,4,1,2,0,HOME_TEAM,REGULAR,,Paul Tierney
436154,2023,22,2024-02-01T19:30:00Z,FINISHED,West Ham United FC,563,AFC Bournemouth,1044,1,1,0,1,DRAW,REGULAR,,Tim Robinson
436160,2023,22,2024-02-01T20:15:00Z,FINISHED,Wolverhampton Wanderers FC,76,Manchester United FC,66,3,4,0,2,AWAY_TEAM,REGULAR,,Jarred Gillett
436169,2023,23,2024-02-03T12:30:00Z,FINISHED,Everton FC,62,Tottenham Hotspur FC,73,2,2,1,2,DRAW,REGULAR,,Michael Oliver
436166,2023,23,2024-02-03T15:00:00Z,FINISHED,Brighton & Hove Albion FC,397,Crystal Palace FC,354,4,1,3,0,HOME_TEAM,REGULAR,,Simon Hooper
436167,2023,23,2024-02-03T15:00:00Z,FINISHED,Burnley FC,328,Fulham FC,63,2,2,0,2,DRAW,REGULAR,,Darren Bond
436171,2023,23,2024-02-03T15:00:00Z,FINISHED,Newcastle United FC,67,Luton Town FC,389,4,4,2,2,DRAW,REGULAR,,Thomas Bramall
436172,2023,23,2024-02-03T17:30:00Z,FINISHED,Sheffield United FC,356,Aston Villa FC,58,0,5,0,4,AWAY_TEAM,REGULAR,,Paul Tierney
436163,2023,23,2024-02-04T14:00:00Z,FINISHED,AFC Bournemouth,1044,Nottingham Forest FC,351,1,1,1,1,DRAW,REGULAR,,Rebecca Welch
436168,2023,23,2024-02-04T14:00:00Z,FINISHED,Chelsea FC,61,Wolverhampton Wanderers FC,76,2,4,1,2,AWAY_TEAM,REGULAR,,Tim Robinson
436170,2023,23,2024-02-04T14:00:00Z,FINISHED,Manchester United FC,66,West Ham United FC,563,3,0,1,0,HOME_TEAM,REGULAR,,Andy Madley
436164,2023,23,2024-02-04T16:30:00Z,FINISHED,Arsenal FC,57,Liverpool FC,64,3,1,1,1,HOME_TEAM,REGULAR,,Anthony Taylor
436165,2023,23,2024-02-05T20:00:00Z,FINISHED,Brentford FC,402,Manchester City FC,65,1,3,1,1,AWAY_TEAM,REGULAR,,Jarred Gillett
436178,2023,24,2024-02-10T12:30:00Z,FINISHED,Manchester City FC,65,Everton FC,62,2,0,0,0,HOME_TEAM,REGULAR,,John Brooks
436175,2023,24,2024-02-10T15:00:00Z,FINISHED,Fulham FC,63,AFC Bournemouth,1044,3,1,2,0,HOME_TEAM,REGULAR,,Darren England
436176,2023,24,2024-02-10T15:00:00Z,FINISHED,Liverpool FC,64,Burnley FC,328,3,1,1,1,HOME_TEAM,REGULAR,,Tim Robinson
436177,2023,24,2024-02-10T15:00:00Z,FINISHED,Luton Town FC,389,Sheffield United FC,356,1,3,0,2,AWAY_TEAM,REGULAR,,Chris Kavanagh
436180,2023,24,2024-02-10T15:00:00Z,FINISHED,Tottenham Hotspur FC,73,Brighton & Hove Albion FC,397,2,1,0,1,HOME_TEAM,REGULAR,,Sam Barrott
436182,2023,24,2024-02-10T15:00:00Z,FINISHED,Wolverhampton Wanderers FC,76,Brentford FC,402,0,2,0,1,AWAY_TEAM,REGULAR,,Simon Hooper
436179,2023,24,2024-02-10T17:30:00Z,FINISHED,Nottingham Forest FC,351,Newcastle United FC,67,2,3,2,2,AWAY_TEAM,REGULAR,,Anthony Taylor
436181,2023,24,2024-02-11T14:00:00Z,FINISHED,West Ham United FC,563,Arsenal FC,57,0,6,0,4,AWAY_TEAM,REGULAR,,Craig Pawson
436173,2023,24,2024-02-11T16:30:00Z,FINISHED,Aston Villa FC,58,Manchester United FC,66,1,2,0,1,AWAY_TEAM,REGULAR,,Robert Jones
436174,2023,24,2024-02-12T20:00:00Z,FINISHED,Crystal Palace FC,354,Chelsea FC,61,1,3,1,0,AWAY_TEAM,REGULAR,,Michael Oliver
436183,2023,25,2024-02-17T12:30:00Z,FINISHED,Brentford FC,402,Liverpool FC,64,1,4,0,1,AWAY_TEAM,REGULAR,,Michael Oliver
436184,2023,25,2024-02-17T15:00:00Z,FINISHED,Burnley FC,328,Arsenal FC,57,0,5,0,2,AWAY_TEAM,REGULAR,,Jarred Gillett
436186,2023,25,2024-02-17T15:00:00Z,FINISHED,Fulham FC,63,Aston Villa FC,58,1,2,0,1,AWAY_TEAM,REGULAR,,Lewis Smith
436189,2023,25,2024-02-17T15:00:00Z,FINISHED,Newcastle United FC,67,AFC Bournemouth,1044,2,2,0,0,DRAW,REGULAR,,Michael Salisbury
436190,2023,25,2024-02-17T15:00:00Z,FINISHED,Nottingham Forest FC,351,West Ham United FC,563,2,0,1,0,HOME_TEAM,REGULAR,,Thomas Bramall
436192,2023,25,2024-02-17T15:00:00Z,FINISHED,Tottenham Hotspur FC,73,Wolverhampton Wanderers FC,76,1,2,0,1,AWAY_TEAM,REGULAR,,Anthony Taylor
436188,2023,25,2024-02-17T17:30:00Z,FINISHED,Manchester City FC,65,Chelsea FC,61,1,1,0,1,DRAW,REGULAR,,Andy Madley
436191,2023,25,2024-02-18T14:00:00Z,FINISHED,Sheffield United FC,356,Brighton & Hove Albion FC,397,0,5,0,2,AWAY_TEAM,REGULAR,,Stuart Attwell
436187,2023,25,2024-02-18T16:30:00Z,FINISHED,Luton Town FC,389,Manchester United FC,66,1,2,1,2,AWAY_TEAM,REGULAR,,David Coote
436185,2023,25,2024-02-19T20:00:00Z,FINISHED,Everton FC,62,Crystal Palace FC,354,1,1,0,0,DRAW,REGULAR,,Paul Tierney
436118,2023,18,2024-02-20T19:30:00Z,FINISHED,Manchester City FC,65,Brentford FC,402,1,0,0,0,HOME_TEAM,REGULAR,,Darren England
436199,2023,26,2024-02-21T19:30:00Z,FINISHED,Liverpool FC,64,Luton Town FC,389,4,1,0,1,HOME_TEAM,REGULAR,,Andy Madley
436195,2023,26,2024-02-24T15:00:00Z,FINISHED,Aston Villa FC,58,Nottingham Forest FC,351,4,2,3,1,HOME_TEAM,REGULAR,,Sam Barrott
436196,2023,26,2024-02-24T15:00:00Z,FINISHED,Brighton & Hove Albion FC,397,Everton FC,62,1,1,0,0,DRAW,REGULAR,,Tony Harrington
436198,2023,26,2024-02-24T15:00:00Z,FINISHED,Crystal Palace FC,354,Burnley FC,328,3,0,0,0,HOME_TEAM,REGULAR,,Lewis Smith
436200,2023,26,2024-02-24T15:00:00Z,FINISHED,Manchester United FC,66,Fulham FC,63,1,2,0,0,AWAY_TEAM,REGULAR,,Michael Oliver
436193,2023,26,2024-02-24T17:30:00Z,FINISHED,AFC Bournemouth,1044,Manchester City FC,65,0,1,0,1,AWAY_TEAM,REGULAR,,Jarred Gillett
436194,2023,26,2024-02-24T20:00:00Z,FINISHED,Arsenal FC,57,Newcastle United FC,67,4,1,2,0,HOME_TEAM,REGULAR,,Paul Tierney
436202,2023,26,2024-02-25T13:30:00Z,FINISHED,Wolverhampton Wanderers FC,76,Sheffield United FC,356,1,0,1,0,HOME_TEAM,REGULAR,,Darren Bond
436201,2023,26,2024-02-26T20:00:00Z,FINISHED,West Ham United FC,563,Brentford FC,402,4,2,2,1,HOME_TEAM,REGULAR,,Simon Hooper
436203,2023,27,2024-03-02T15:00:00Z,FINISHED,Brentford FC,402,Chelsea FC,61,2,2,0,1,DRAW,REGULAR,,Jarred Gillett
436205,2023,27,2024-03-02T15:00:00Z,FINISHED,Everton FC,62,West Ham United FC,563,1,3,0,0,AWAY_TEAM,REGULAR,,Craig Pawson
436206,2023,27,2024-03-02T15:00:00Z,FINISHED,Fulham FC,63,Brighton & Hove Albion FC,397,3,0,2,0,HOME_TEAM,REGULAR,,Simon Hooper
436209,2023,27,2024-03-02T15:00:00Z,FINISHED,Newcastle United FC,67,Wolverhampton Wanderers FC,76,3,0,2,0,HOME_TEAM,REGULAR,,Tim Robinson
436210,2023,27,2024-03-02T15:00:00Z,FINISHED,Nottingham Forest FC,351,Liverpool FC,64,0,1,0,0,AWAY_TEAM,REGULAR,,Paul Tierney
436212,2023,27,2024-03-02T15:00:00Z,FINISHED,Tottenham Hotspur FC,73,Crystal Palace FC,354,3,1,0,0,HOME_TEAM,REGULAR,,John Brooks
436207,2023,27,2024-03-02T17:30:00Z,FINISHED,Luton Town FC,389,Aston Villa FC,58,2,3,0,2,AWAY_TEAM,REGULAR,,Michael Oliver
436204,2023,27,2024-03-03T13:00:00Z,FINISHED,Burnley FC,328,AFC Bournemouth,1044,0,2,0,1,AWAY_TEAM,REGULAR,,David Coote
436208,2023,27,2024-03-03T15:30:00Z,FINISHED,Manchester City FC,65,Manchester United FC,66,3,1,0,1,HOME_TEAM,REGULAR,,Andy Madley
436211,2023,27,2024-03-04T20:00:00Z,FINISHED,Sheffield United FC,356,Arsenal FC,57,0,6,0,5,AWAY_TEAM,REGULAR,,Sam Barrott
436220,2023,28,2024-03-09T12:30:00Z,FINISHED,Manchester United FC,66,Everton FC,62,2,0,2,0,HOME_TEAM,REGULAR,,Simon Hooper
436213,2023,28,2024-03-09T15:00:00Z,FINISHED,AFC Bournemouth,1044,Sheffield United FC,356,2,2,0,1,DRAW,REGULAR,,Anthony Taylor
436218,2023,28,2024-03-09T15:00:00Z,FINISHED,Crystal Palace FC,354,Luton Town FC,389,1,1,1,0,DRAW,REGULAR,,Sunny Gill
436222,2023,28,2024-03-09T15:00:00Z,FINISHED,Wolverhampton Wanderers FC,76,Fulham FC,63,2,1,0,0,HOME_TEAM,REGULAR,,Tony Harrington
436214,2023,28,2024-03-09T17:30:00Z,FINISHED,Arsenal FC,57,Brentford FC,402,2,1,1,1,HOME_TEAM,REGULAR,,Robert Jones
436215,2023,28,2024-03-10T13:00:00Z,FINISHED,Aston Villa FC,58,Tottenham Hotspur FC,73,0,4,0,0,AWAY_TEAM,REGULAR,,Chris Kavanagh
436216,2023,28,2024-03-10T14:00:00Z,FINISHED,Brighton & Hove Albion FC,397,Nottingham Forest FC,351,1,0,1,0,HOME_TEAM,REGULAR,,Michael Salisbury
436221,2023,28,2024-03-10T14:00:00Z,FINISHED,West Ham United FC,563,Burnley FC,328,2,2,0,2,DRAW,REGULAR,,Darren England
436219,2023,28,2024-03-10T15:45:00Z,FINISHED,Liverpool FC,64,Manchester City FC,65,1,1,0,1,DRAW,REGULAR,,Michael Oliver
436217,2023,28,2024-03-11T20:00:00Z,FINISHED,Chelsea FC,61,Newcastle United FC,67,3,2,1,1,HOME_TEAM,REGULAR,,John Brooks
436103,2023,17,2024-03-13T19:30:00Z,FINISHED,AFC Bournemouth,1044,Luton Town FC,389,4,3,0,3,HOME_TEAM,REGULAR,,Samuel Allison
436225,2023,29,2024-03-16T15:00:00Z,FINISHED,Burnley FC,328,Brentford FC,402,2,1,1,0,HOME_TEAM,REGULAR,,Darren Bond
436229,2023,29,2024-03-16T15:00:00Z,FINISHED,Luton Town FC,389,Nottingham Forest FC,351,1,1,0,1,DRAW,REGULAR,,Darren England
436228,2023,29,2024-03-16T17:30:00Z,FINISHED,Fulham FC,63,Tottenham Hotspur FC,73,3,0,1,0,HOME_TEAM,REGULAR,,Robert Jones
436231,2023,29,2024-03-17T14:00:00Z,FINISHED,West Ham United FC,563,Aston Villa FC,58,1,1,1,0,DRAW,REGULAR,,Jarred Gillett
436239,2023,30,2024-03-30T12:30:00Z,FINISHED,Newcastle United FC,67,West Ham United FC,563,4,3,1,2,HOME_TEAM,REGULAR,,Robert Jones
436233,2023,30,2024-03-30T15:00:00Z,FINISHED,AFC Bournemouth,1044,Everton FC,62,2,1,0,0,HOME_TEAM,REGULAR,,Sam Barrott
436236,2023,30,2024-03-30T15:00:00Z,FINISHED,Chelsea FC,61,Burnley FC,328,2,2,1,0,DRAW,REGULAR,,Darren England
436240,2023,30,2024-03-30T15:00:00Z,FINISHED,Nottingham Forest FC,351,Crystal Palace FC,354,1,1,0,1,DRAW,REGULAR,,Chris Kavanagh
436241,2023,30,2024-03-30T15:00:00Z,FINISHED,Sheffield United FC,356,Fulham FC,63,3,3,0,0,DRAW,REGULAR,,Tim Robinson
436242,2023,30,2024-03-30T15:00:00Z,FINISHED,Tottenham Hotspur FC,73,Luton Town FC,389,2,1,0,1,HOME_TEAM,REGULAR,,Jarred Gillett
436234,2023,30,2024-03-30T17:30:00Z,FINISHED,Aston Villa FC,58,Wolverhampton Wanderers FC,76,2,0,1,0,HOME_TEAM,REGULAR,,Paul Tierney
436235,2023,30,2024-03-30T20:00:00Z,FINISHED,Brentford FC,402,Manchester United FC,66,1,1,0,0,DRAW,REGULAR,,Simon Hooper
436237,2023,30,2024-03-31T13:00:00Z,FINISHED,Liverpool FC,64,Brighton & Hove Albion FC,397,2,1,1,1,HOME_TEAM,REGULAR,,David Coote
436238,2023,30,2024-03-31T15:30:00Z,FINISHED,Manchester City FC,65,Arsenal FC,57,0,0,0,0,DRAW,REGULAR,,Anthony Taylor
436247,2023,31,2024-04-02T18:30:00Z,FINISHED,Nottingham Forest FC,351,Fulham FC,63,3,1,3,0,HOME_TEAM,REGULAR,,Michael Oliver
436250,2023,31,2024-04-02T18:30:00Z,FINISHED,Newcastle United FC,67,Everton FC,62,1,1,1,0,DRAW,REGULAR,,Tony Harrington
436243,2023,31,2024-04-02T18:45:00Z,FINISHED,AFC Bournemouth,1044,Crystal Palace FC,354,1,0,0,0,HOME_TEAM,REGULAR,,Graham Scott
436246,2023,31,2024-04-02T18:45:00Z,FINISHED,Burnley FC,328,Wolverhampton Wanderers FC,76,1,1,1,1,DRAW,REGULAR,,Thomas Bramall
436248,2023,31,2024-04-02T19:15:00Z,FINISHED,West Ham United FC,563,Tottenham Hotspur FC,73,1,1,1,1,DRAW,REGULAR,,John Brooks
436244,2023,31,2024-04-03T18:30:00Z,FINISHED,Arsenal FC,57,Luton Town FC,389,2,0,2,0,HOME_TEAM,REGULAR,,Craig Pawson
436245,2023,31,2024-04-03T18:30:00Z,FINISHED,Brentford FC,402,Brighton & Hove Albion FC,397,0,0,0,0,DRAW,REGULAR,,Bobby Madley
436252,2023,31,2024-04-03T19:15:00Z,FINISHED,Manchester City FC,65,Aston Villa FC,58,4,1,2,1,HOME_TEAM,REGULAR,,Darren England
436251,2023,31,2024-04-04T18:30:00Z,FINISHED,Liverpool FC,64,Sheffield United FC,356,3,1,1,0,HOME_TEAM,REGULAR,,Stuart Attwell
436249,2023,31,2024-04-04T19:15:00Z,FINISHED,Chelsea FC,61,Manchester United FC,66,4,3,2,2,HOME_TEAM,REGULAR,,Jarred Gillett
436255,2023,32,2024-04-06T11:30:00Z,FINISHED,Crystal Palace FC,354,Manchester City FC,65,2,4,1,1,AWAY_TEAM,REGULAR,,Paul Tierney
436253,2023,32,2024-04-06T14:00:00Z,FINISHED,Aston Villa FC,58,Brentford FC,402,3,3,1,0,DRAW,REGULAR,,Michael Salisbury
436256,2023,32,2024-04-06T14:00:00Z,FINISHED,Everton FC,62,Burnley FC,328,1,0,1,0,HOME_TEAM,REGULAR,,Michael Oliver
436257,2023,32,2024-04-06T14:00:00Z,FINISHED,Fulham FC,63,Newcastle United FC,67,0,1,0,0,AWAY_TEAM,REGULAR,,Samuel Allison
436258,2023,32,2024-04-06T14:00:00Z,FINISHED,Luton Town FC,389,AFC Bournemouth,1044,2,1,0,0,HOME_TEAM,REGULAR,,Andy Madley
436262,2023,32,2024-04-06T14:00:00Z,FINISHED,Wolverhampton Wanderers FC,76,West Ham United FC,563,1,2,1,0,AWAY_TEAM,REGULAR,,Tony Harrington
436254,2023,32,2024-04-06T16:30:00Z,FINISHED,Brighton & Hove Albion FC,397,Arsenal FC,57,0,3,0,1,AWAY_TEAM,REGULAR,,John Brooks
436259,2023,32,2024-04-07T14:30:00Z,FINISHED,Manchester United FC,66,Liverpool FC,64,2,2,0,1,DRAW,REGULAR,,Anthony Taylor
436260,2023,32,2024-04-07T16:30:00Z,FINISHED,Sheffield United FC,356,Chelsea FC,61,2,2,1,1,DRAW,REGULAR,,Robert Jones
436261,2023,32,2024-04-07T17:00:00Z,FINISHED,Tottenham Hotspur FC,73,Nottingham Forest FC,351,3,1,1,1,HOME_TEAM,REGULAR,,Simon Hooper
436270,2023,33,2024-04-13T11:30:00Z,FINISHED,Newcastle United FC,67,Tottenham Hotspur FC,73,4,0,2,0,HOME_TEAM,REGULAR,,Tim Robinson
436265,2023,33,2024-04-13T14:00:00Z,FINISHED,Brentford FC,402,Sheffield United FC,356,2,0,0,0,HOME_TEAM,REGULAR,,Sam Barrott
436266,2023,33,2024-04-13T14:00:00Z,FINISHED,Burnley FC,328,Brighton & Hove Albion FC,397,1,1,0,0,DRAW,REGULAR,,Simon Hooper
436269,2023,33,2024-04-13T14:00:00Z,FINISHED,Manchester City FC,65,Luton Town FC,389,5,1,1,0,HOME_TEAM,REGULAR,,John Brooks
436271,2023,33,2024-04-13T14:00:00Z,FINISHED,Nottingham Forest FC,351,Wolverhampton Wanderers FC,76,2,2,1,1,DRAW,REGULAR,,Craig Pawson
436263,2023,33,2024-04-13T16:30:00Z,FINISHED,AFC Bournemouth,1044,Manchester United FC,66,2,2,2,1,DRAW,REGULAR,,Tony Harrington
436268,2023,33,2024-04-14T13:00:00Z,FINISHED,Liverpool FC,64,Crystal Palace FC,354,0,1,0,1,AWAY_TEAM,REGULAR,,Chris Kavanagh
436272,2023,33,2024-04-14T13:00:00Z,FINISHED,West Ham United FC,563,Fulham FC,63,0,2,0,1,AWAY_TEAM,REGULAR,,Stuart Attwell
436264,2023,33,2024-04-14T15:30:00Z,FINISHED,Arsenal FC,57,Aston Villa FC,58,0,2,0,0,AWAY_TEAM,REGULAR,,David Coote
436267,2023,33,2024-04-15T19:00:00Z,FINISHED,Chelsea FC,61,Everton FC,62,6,0,4,0,HOME_TEAM,REGULAR,,Paul Tierney
436278,2023,34,2024-04-20T14:00:00Z,FINISHED,Luton Town FC,389,Brentford FC,402,1,5,0,2,AWAY_TEAM,REGULAR,,Jarred Gillett
436280,2023,34,2024-04-20T14:00:00Z,FINISHED,Sheffield United FC,356,Burnley FC,328,1,4,0,2,AWAY_TEAM,REGULAR,,Andy Madley
436282,2023,34,2024-04-20T18:30:00Z,FINISHED,Wolverhampton Wanderers FC,76,Arsenal FC,57,0,2,0,1,AWAY_TEAM,REGULAR,,Paul Tierney
436276,2023,34,2024-04-21T12:30:00Z,FINISHED,Everton FC,62,Nottingham Forest FC,351,2,0,1,0,HOME_TEAM,REGULAR,,Anthony Taylor
436273,2023,34,2024-04-21T14:00:00Z,FINISHED,Aston Villa FC,58,AFC Bournemouth,1044,3,1,1,1,HOME_TEAM,REGULAR,,Tim Robinson
436275,2023,34,2024-04-21T14:00:00Z,FINISHED,Crystal Palace FC,354,West Ham United FC,563,5,2,4,1,HOME_TEAM,REGULAR,,Graham Scott
436277,2023,34,2024-04-21T15:30:00Z,FINISHED,Fulham FC,63,Liverpool FC,64,1,3,1,1,AWAY_TEAM,REGULAR,,Craig Pawson
436223,2023,29,2024-04-23T19:00:00Z,FINISHED,Arsenal FC,57,Chelsea FC,61,5,0,1,0,HOME_TEAM,REGULAR,,Simon Hooper
436232,2023,29,2024-04-24T18:45:00Z,FINISHED,Wolverhampton Wanderers FC,76,AFC Bournemouth,1044,0,1,0,1,AWAY_TEAM,REGULAR,,Stuart Attwell
436226,2023,29,2024-04-24T19:00:00Z,FINISHED,Crystal Palace FC,354,Newcastle United FC,67,2,0,0,0,HOME_TEAM,REGULAR,,Thomas Bramall
436227,2023,29,2024-04-24T19:00:00Z,FINISHED,Everton FC,62,Liverpool FC,64,2,0,1,0,HOME_TEAM,REGULAR,,Andy Madley
436230,2023,29,2024-04-24T19:00:00Z,FINISHED,Manchester United FC,66,Sheffield United FC,356,4,2,1,1,HOME_TEAM,REGULAR,,Michael Salisbury
436224,2023,29,2024-04-25T19:00:00Z,FINISHED,Brighton & Hove Albion FC,397,Manchester City FC,65,0,4,0,3,AWAY_TEAM,REGULAR,,Jarred Gillett
436291,2023,35,2024-04-27T11:30:00Z,FINISHED,West Ham United FC,563,Liverpool FC,64,2,2,1,0,DRAW,REGULAR,,Anthony Taylor
436286,2023,35,2024-04-27T14:00:00Z,FINISHED,Fulham FC,63,Crystal Palace FC,354,1,1,0,0,DRAW,REGULAR,,Stuart Attwell
436287,2023,35,2024-04-27T14:00:00Z,FINISHED,Manchester United FC,66,Burnley FC,328,1,1,0,0,DRAW,REGULAR,,John Brooks
436288,2023,35,2024-04-27T14:00:00Z,FINISHED,Newcastle United FC,67,Sheffield United FC,356,5,1,1,1,HOME_TEAM,REGULAR,,Tony Harrington
436292,2023,35,2024-04-27T14:00:00Z,FINISHED,Wolverhampton Wanderers FC,76,Luton Town FC,389,2,1,1,0,HOME_TEAM,REGULAR,,David Coote
436285,2023,35,2024-04-27T16:30:00Z,FINISHED,Everton FC,62,Brentford FC,402,1,0,0,0,HOME_TEAM,REGULAR,,Darren England
436284,2023,35,2024-04-27T19:00:00Z,FINISHED,Aston Villa FC,58,Chelsea FC,61,2,2,2,0,DRAW,REGULAR,,Craig Pawson
436283,2023,35,2024-04-28T13:00:00Z,FINISHED,AFC Bournemouth,1044,Brighton & Hove Albion FC,397,3,0,1,0,HOME_TEAM,REGULAR,,Paul Tierney
436290,2023,35,2024-04-28T13:00:00Z,FINISHED,Tottenham Hotspur FC,73,Arsenal FC,57,2,3,0,3,AWAY_TEAM,REGULAR,,Michael Oliver
436289,2023,35,2024-04-28T15:30:00Z,FINISHED,Nottingham Forest FC,351,Manchester City FC,65,0,2,0,1,AWAY_TEAM,REGULAR,,Simon Hooper
436197,2023,26,2024-05-02T18:30:00Z,FINISHED,Chelsea FC,61,Tottenham Hotspur FC,73,2,0,1,0,HOME_TEAM,REGULAR,,Robert Jones
436300,2023,36,2024-05-03T19:00:00Z,FINISHED,Luton Town FC,389,Everton FC,62,1,1,1,1,DRAW,REGULAR,,Tim Robinson
436293,2023,36,2024-05-04T11:30:00Z,FINISHED,Arsenal FC,57,AFC Bournemouth,1044,3,0,1,0,HOME_TEAM,REGULAR,,David Coote
436294,2023,36,2024-05-04T14:00:00Z,FINISHED,Brentford FC,402,Fulham FC,63,0,0,0,0,DRAW,REGULAR,,Graham Scott
436296,2023,36,2024-05-04T14:00:00Z,FINISHED,Burnley FC,328,Newcastle United FC,67,1,4,0,3,AWAY_TEAM,REGULAR,,Anthony Taylor
436302,2023,36,2024-05-04T14:00:00Z,FINISHED,Sheffield United FC,356,Nottingham Forest FC,351,1,3,1,1,AWAY_TEAM,REGULAR,,Chris Kavanagh
436301,2023,36,2024-05-04T16:30:00Z,FINISHED,Manchester City FC,65,Wolverhampton Wanderers FC,76,5,1,3,0,HOME_TEAM,REGULAR,,Craig Pawson
436295,2023,36,2024-05-05T13:00:00Z,FINISHED,Brighton & Hove Albion FC,397,Aston Villa FC,58,1,0,0,0,HOME_TEAM,REGULAR,,Robert Jones
436297,2023,36,2024-05-05T13:00:00Z,FINISHED,Chelsea FC,61,West Ham United FC,563,5,0,3,0,HOME_TEAM,REGULAR,,Bobby Madley
436299,2023,36,2024-05-05T15:30:00Z,FINISHED,Liverpool FC,64,Tottenham Hotspur FC,73,4,2,2,0,HOME_TEAM,REGULAR,,Paul Tierney
436298,2023,36,2024-05-06T19:00:00Z,FINISHED,Crystal Palace FC,354,Manchester United FC,66,4,0,2,0,HOME_TEAM,REGULAR,,Jarred Gillett
436306,2023,37,2024-05-11T11:30:00Z,FINISHED,Fulham FC,63,Manchester City FC,65,0,4,0,1,AWAY_TEAM,REGULAR,,Anthony Taylor
436303,2023,37,2024-05-11T14:00:00Z,FINISHED,AFC Bournemouth,1044,Brentford FC,402,1,2,0,0,AWAY_TEAM,REGULAR,,Matt Donohue
436305,2023,37,2024-05-11T14:00:00Z,FINISHED,Everton FC,62,Sheffield United FC,356,1,0,1,0,HOME_TEAM,REGULAR,,Stuart Attwell
436308,2023,37,2024-05-11T14:00:00Z,FINISHED,Newcastle United FC,67,Brighton & Hove Albion FC,397,1,1,1,1,DRAW,REGULAR,,Darren England
436310,2023,37,2024-05-11T14:00:00Z,FINISHED,Tottenham Hotspur FC,73,Burnley FC,328,2,1,1,1,HOME_TEAM,REGULAR,,Jarred Gillett
436311,2023,37,2024-05-11T14:00:00Z,FINISHED,West Ham United FC,563,Luton Town FC,389,3,1,0,1,HOME_TEAM,REGULAR,,Michael Oliver
436312,2023,37,2024-05-11T14:00:00Z,FINISHED,Wolverhampton Wanderers FC,76,Crystal Palace FC,354,1,3,0,2,AWAY_TEAM,REGULAR,,Thomas Bramall
436309,2023,37,2024-05-11T16:30:00Z,FINISHED,Nottingham Forest FC,351,Chelsea FC,61,2,3,1,1,AWAY_TEAM,REGULAR,,Tony Harrington
436307,2023,37,2024-05-12T15:30:00Z,FINISHED,Manchester United FC,66,Arsenal FC,57,0,1,0,1,AWAY_TEAM,REGULAR,,Paul Tierney
436304,2023,37,2024-05-13T19:00:00Z,FINISHED,Aston Villa FC,58,Liverpool FC,64,3,3,1,2,DRAW,REGULAR,,Simon Hooper
436281,2023,34,2024-05-14T19:00:00Z,FINISHED,Tottenham Hotspur FC,73,Manchester City FC,65,0,2,0,0,AWAY_TEAM,REGULAR,,Chris Kavanagh
436274,2023,34,2024-05-15T18:45:00Z,FINISHED,Brighton & Hove Albion FC,397,Chelsea FC,61,1,2,0,1,AWAY_TEAM,REGULAR,,Michael Salisbury
436279,2023,34,2024-05-15T19:00:00Z,FINISHED,Manchester United FC,66,Newcastle United FC,67,3,2,1,0,HOME_TEAM,REGULAR,,Robert Jones
436313,2023,38,2024-05-19T15:00:00Z,FINISHED,Arsenal FC,57,Everton FC,62,2,1,1,1,HOME_TEAM,REGULAR,,Michael Oliver
436314,2023,38,2024-05-19T15:00:00Z,FINISHED,Brentford FC,402,Newcastle United FC,67,2,4,0,3,AWAY_TEAM,REGULAR,,Simon Hooper
436315,2023,38,2024-05-19T15:00:00Z,FINISHED,Brighton & Hove Albion FC,397,Manchester United FC,66,0,2,0,0,AWAY_TEAM,REGULAR,,Craig Pawson
436316,2023,38,2024-05-19T15:00:00Z,FINISHED,Burnley FC,328,Nottingham Forest FC,351,1,2,0,2,AWAY_TEAM,REGULAR,,Graham Scott
436317,2023,38,2024-05-19T15:00:00Z,FINISHED,Chelsea FC,61,AFC Bournemouth,1044,2,1,1,0,HOME_TEAM,REGULAR,,Anthony Taylor
436318,2023,38,2024-05-19T15:00:00Z,FINISHED,Crystal Palace FC,354,Aston Villa FC,58,5,0,2,0,HOME_TEAM,REGULAR,,Darren Bond
436319,2023,38,2024-05-19T15:00:00Z,FINISHED,Liverpool FC,64,Wolverhampton Wanderers FC,76,2,0,2,0,HOME_TEAM,REGULAR,,Chris Kavanagh
436320,2023,38,2024-05-19T15:00:00Z,FINISHED,Luton Town FC,389,Fulham FC,63,2,4,1,2,AWAY_TEAM,REGULAR,,Matt Donohue
436321,2023,38,2024-05-19T15:00:00Z,FINISHED,Manchester City FC,65,West Ham United FC,563,3,1,2,1,HOME_TEAM,REGULAR,,John Brooks
436322,2023,38,2024-05-19T15:00:00Z,FINISHED,Sheffield United FC,356,Tottenham Hotspur FC,73,0,3,0,1,AWAY_TEAM,REGULAR,,Bobby Madley
