League,season_id,Team,Player,Season,position,Matches,Minutes,Goals,xG,Non-Penalty Goals,Non-Penalty xG,Assists,xA,Shots,Key Passes,Yellow Cards,Red Cards,xg_chain,xg_buildup
Premier League,2526,Arsenal,Ben White,2025,D,1,72,0,0.0184373389929533,0,0.0184373389929533,0,0.060895293951034546,1,1,0,0,0.20631606876850128,0.14542077481746674
Premier League,2526,Arsenal,Bukayo Saka,2025,F M S,8,600,2,2.2627211241051555,1,1.5015522865578532,0,1.7471014894545078,14,15,0,0,5.0962173491716385,3.1476272270083427
Premier League,2526,Arsenal,Christian Nørgaard,2025,S,2,12,0,0.048741746693849564,0,0.048741746693849564,0,0.0,1,0,0,0,0.048741746693849564,0.0
Premier League,2526,Arsenal,Cristhian Mosquera,2025,D S,6,295,0,0.0,0,0.0,0,0.060570258647203445,0,1,0,0,1.3589121103286743,1.2983418405056
Premier League,2526,Arsenal,David Raya,2025,GK,10,900,0,0.0,0,0.0,0,0.049500007182359695,0,1,1,0,1.7020831853151321,1.6525831781327724
Premier League,2526,Arsenal,Declan Rice,2025,M S,10,807,2,1.2333872616291046,2,1.2333872616291046,2,1.3446809146553278,9,17,0,0,4.494922712445259,3.157340034842491
Premier League,2526,Arsenal,Eberechi Eze,2025,F M S,9,637,1,1.1558575723320246,1,1.1558575723320246,2,1.2227466478943825,21,5,0,0,3.7700129449367523,1.998419025912881
Premier League,2526,Arsenal,Ethan Nwaneri,2025,S,5,153,0,0.3292111651971936,0,0.3292111651971936,0,0.048408184200525284,6,1,0,0,1.166222719475627,0.9847383946180344
Premier League,2526,Arsenal,Gabriel,2025,D,10,900,1,1.321236215531826,1,1.321236215531826,2,1.6385405659675598,8,3,1,0,3.777281019836664,3.756230864673853
Premier League,2526,Arsenal,Gabriel Martinelli,2025,F S,8,185,1,0.8312334343791008,1,0.8312334343791008,0,0.10601583868265152,5,2,0,0,0.913587212562561,0.1547226905822754
Premier League,2526,Arsenal,Jurriën Timber,2025,D S,10,800,2,1.2776657789945602,2,1.2776657789945602,1,0.9014561558142304,11,13,2,0,3.871252827346325,3.0651557482779026
Premier League,2526,Arsenal,Kai Havertz,2025,S,1,29,0,0.0,0,0.0,0,0.0,0,0,0,0,0.18898457288742065,0.18898457288742065
Premier League,2526,Arsenal,Leandro Trossard,2025,F M S,8,564,1,2.1356852501630783,1,2.1356852501630783,2,0.9769220985472202,14,8,0,0,2.9563683569431305,1.348691038787365
Premier League,2526,Arsenal,Martin Odegaard,2025,M S,6,193,0,0.16580358520150185,0,0.16580358520150185,1,0.7574908211827278,4,3,0,0,1.2668863274157047,1.0461063385009766
Premier League,2526,Arsenal,Martín Zubimendi,2025,M S,10,859,2,0.2602872122079134,2,0.2602872122079134,0,0.5294869523495436,6,7,1,0,3.1557225044816732,2.92798313498497
Premier League,2526,Arsenal,Max Dowman,2025,S,2,24,0,0.15431709215044975,0,0.15431709215044975,0,0.0,3,0,0,0,0.12994308397173882,0.0
Premier League,2526,Arsenal,Mikel Merino,2025,M S,9,307,1,0.7801184058189392,1,0.7801184058189392,0,0.24161597341299057,4,3,0,0,0.747341550886631,0.6985998079180717
Premier League,2526,Arsenal,Myles Lewis-Skelly,2025,S,7,68,0,0.0,0,0.0,0,0.0,0,0,1,0,0.06878400593996048,0.06878400593996048
Premier League,2526,Arsenal,Noni Madueke,2025,F S,5,323,0,0.4196033626794815,0,0.4196033626794815,0,0.9843250922858715,5,8,0,0,1.2940840385854244,0.7309239581227303
Premier League,2526,Arsenal,Piero Hincapié,2025,S,2,22,0,0.0,0,0.0,0,0.0,0,0,0,0,0.0,0.0
Premier League,2526,Arsenal,Riccardo Calafiori,2025,D,10,800,1,1.7488657273352146,1,1.7488657273352146,2,0.3853544294834137,18,4,3,0,3.456230580806732,2.896150380373001
Premier League,2526,Arsenal,Viktor Gyokeres,2025,F,10,814,4,4.881660208106041,3,4.120491370558739,0,1.207115799188614,20,8,1,0,6.511527366936207,2.001145426183939
Premier League,2526,Arsenal,William Saliba,2025,D S,9,629,0,0.06771591305732727,0,0.06771591305732727,0,0.09533271938562393,1,1,0,0,1.9666387178003788,1.9666387178003788
Premier League,2526,Aston Villa,Amadou Onana,2025,M S,6,430,0,0.09780319035053253,0,0.09780319035053253,0,0.020390674471855164,2,1,2,0,0.5662100687623024,0.46840688586235046
Premier League,2526,Aston Villa,Boubacar Kamara,2025,M S,8,560,0,0.1888688700273633,0,0.1888688700273633,2,0.32392895221710205,2,6,2,0,0.921652901917696,0.762324545532465
Premier League,2526,Aston Villa,Bradley Burrowes,2025,S,1,12,0,0.0,0,0.0,0,0.0,0,0,0,0,0.0,0.0
Premier League,2526,Aston Villa,Donyell Malen,2025,F M S,10,312,2,1.3797379657626152,2,1.3797379657626152,0,0.15197200328111649,9,3,0,0,1.2715538814663887,0.16238738223910332
Premier League,2526,Aston Villa,Emiliano Buendía,2025,M S,8,350,2,1.0303737884387374,2,1.0303737884387374,2,0.401284571737051,12,7,2,0,1.6853877790272236,0.408694326877594
Premier League,2526,Aston Villa,Emiliano Martinez,2025,GK,8,720,0,0.0,0,0.0,0,0.0,0,0,1,0,0.8669360876083374,0.8669360876083374
Premier League,2526,Aston Villa,Evann Guessand,2025,M S,9,427,0,0.6572799533605576,0,0.6572799533605576,0,0.028522029519081116,3,1,0,0,0.5347753651440144,0.3516807444393635
Premier League,2526,Aston Villa,Ezri Konsa Ngoyo,2025,D,9,786,0,0.02329982817173004,0,0.02329982817173004,0,0.04962930828332901,1,1,0,1,1.7962713986635208,1.7466421276330948
Premier League,2526,Aston Villa,Harvey Elliott,2025,M S,4,101,0,0.1672089472413063,0,0.1672089472413063,0,0.0,3,0,0,0,0.5436927694827318,0.41253812797367573
Premier League,2526,Aston Villa,Ian Maatsen,2025,D S,7,151,0,0.11955271661281586,0,0.11955271661281586,0,0.24073613248765469,3,5,1,0,0.4848230928182602,0.3192322924733162
Premier League,2526,Aston Villa,Jadon Sancho,2025,S,3,65,0,0.48948914743959904,0,0.48948914743959904,0,0.08261272311210632,4,1,0,0,0.670113630592823,0.18062446638941765
Premier League,2526,Aston Villa,John McGinn,2025,M,10,804,1,0.6804132275283337,1,0.6804132275283337,0,0.9218873307108879,10,8,1,0,2.0815148781985044,1.3286869060248137
Premier League,2526,Aston Villa,Lamare Bogarde,2025,M S,6,280,0,0.0,0,0.0,0,0.04115242511034012,0,2,1,0,0.6394217014312744,0.5982692837715149
Premier League,2526,Aston Villa,Lucas Digne,2025,D S,10,751,0,0.29917825013399124,0,0.29917825013399124,2,0.9974033888429403,5,9,2,0,1.327452888712287,0.8241688925772905
Premier League,2526,Aston Villa,Marco Bizot,2025,GK,2,180,0,0.0,0,0.0,0,0.0,0,0,1,0,0.5747163221240044,0.5747163221240044
Premier League,2526,Aston Villa,Matthew Cash,2025,D,10,885,2,0.21210809517651796,2,0.21210809517651796,0,0.5716164084151387,10,8,3,0,1.9872975498437881,1.6861088573932648
Premier League,2526,Aston Villa,Morgan Rogers,2025,M,10,895,1,0.808622570708394,1,0.808622570708394,2,2.1553209349513054,11,10,1,0,2.932930441573262,1.171118265017867
Premier League,2526,Aston Villa,Ollie Watkins,2025,F S,10,797,1,1.7064346075057983,1,1.7064346075057983,0,0.3806316629052162,14,6,0,0,2.2089847289025784,0.33435533940792084
Premier League,2526,Aston Villa,Pau Torres,2025,D S,7,509,0,0.09030137583613396,0,0.09030137583613396,0,0.0,2,0,0,0,1.0239725299179554,0.9566416926681995
Premier League,2526,Aston Villa,Ross Barkley,2025,S,4,46,0,0.22500842064619064,0,0.22500842064619064,0,0.057013943791389465,3,1,0,0,0.2744690105319023,0.11445166915655136
Premier League,2526,Aston Villa,Tyrone Mings,2025,D S,7,493,0,0.25839483737945557,0,0.25839483737945557,0,0.16460222750902176,3,3,0,0,1.3323893435299397,1.1259147003293037
Premier League,2526,Aston Villa,Victor Lindelöf,2025,S,3,9,0,0.0,0,0.0,0,0.0,0,0,0,0,0.11445166915655136,0.11445166915655136
Premier League,2526,Aston Villa,Youri Tielemans,2025,M,4,318,0,0.1518993116915226,0,0.1518993116915226,0,0.14734115079045296,5,4,0,0,0.7420355901122093,0.659475289285183
Premier League,2526,Bournemouth,Adam Smith,2025,D,3,205,0,0.0,0,0.0,0,0.35100075602531433,0,1,0,0,1.0077061653137207,0.656705416738987
Premier League,2526,Bournemouth,Adrien Truffert,2025,D,9,810,0,0.06420146115124226,0,0.06420146115124226,1,0.6102395541965961,3,6,0,0,2.7732608802616596,2.1473572850227356
Premier League,2526,Bournemouth,Alejandro Jiménez,2025,D S,6,318,0,0.049978502094745636,0,0.049978502094745636,0,0.06793908774852753,2,2,3,0,0.4964276850223541,0.3935520276427269
Premier League,2526,Bournemouth,Alex Scott,2025,M S,9,621,1,0.5131703317165375,1,0.5131703317165375,0,0.31069154664874077,10,5,1,0,2.7559321224689484,2.2990899980068207
Premier League,2526,Bournemouth,Amine Adli,2025,M S,7,165,0,0.12788135558366776,0,0.12788135558366776,0,0.19064166769385338,2,4,0,0,0.2712809592485428,0.08337267488241196
Premier League,2526,Bournemouth,Antoine Semenyo,2025,M,9,810,6,4.543111462146044,5,3.7819426022469997,3,0.457156028598547,20,11,2,0,5.536290146410465,1.4534018486738205
Premier League,2526,Bournemouth,Bafode Diakite,2025,D,7,630,0,0.0,0,0.0,0,0.08456607162952423,0,2,1,0,3.065394841134548,3.030458278954029
Premier League,2526,Bournemouth,Ben Doak,2025,S,3,35,0,0.08515836298465729,0,0.08515836298465729,1,0.45716217160224915,1,1,0,0,1.4128027111291885,0.8704821839928627
Premier League,2526,Bournemouth,Ben Winterburn,2025,S,1,3,0,0.0,0,0.0,0,0.0,0,0,0,0,0.0,0.0
Premier League,2526,Bournemouth,David Brooks,2025,M S,8,500,0,0.7558598592877388,0,0.7558598592877388,1,2.1593677811324596,14,7,3,0,3.722956359386444,1.2019195035099983
Premier League,2526,Bournemouth,Djordje Petrovic,2025,GK,9,810,0,0.0,0,0.0,0,0.0,0,0,1,0,0.6301950458437204,0.6301950458437204
Premier League,2526,Bournemouth,Eli Junior Kroupi,2025,F S,6,163,4,1.711328536272049,4,1.711328536272049,0,0.07774975150823593,8,1,1,0,0.8348003849387169,0.3366456627845764
Premier League,2526,Bournemouth,Evanilson,2025,F,7,624,1,1.8095796816051006,1,1.8095796816051006,0,0.8649434112012386,15,9,1,0,2.536045618355274,0.6293394714593887
Premier League,2526,Bournemouth,Hamed Junior Traore,2025,S,1,13,0,0.0,0,0.0,1,0.09559009969234467,0,1,0,0,0.09559009969234467,0.0
Premier League,2526,Bournemouth,James Hill,2025,D S,7,275,0,0.07453581970185041,0,0.07453581970185041,0,0.0,2,0,1,0,0.2208996368572116,0.21224242448806763
Premier League,2526,Bournemouth,Julio Soler,2025,S,1,1,0,0.0,0,0.0,0,0.0,0,0,0,0,0.0,0.0
Premier League,2526,Bournemouth,Justin Kluivert,2025,M S,8,291,1,0.42703802324831486,1,0.42703802324831486,0,0.4380710404366255,7,6,1,0,1.240146853029728,0.6558091342449188
Premier League,2526,Bournemouth,Lewis Cook,2025,S,2,2,0,0.0,0,0.0,0,0.0,0,0,0,0,0.0,0.0
Premier League,2526,Bournemouth,Marcos Senesi,2025,D,9,802,0,0.038414422422647476,0,0.038414422422647476,2,0.635764580219984,2,4,3,0,2.4010208658874035,2.1811177283525467
Premier League,2526,Bournemouth,Marcus Tavernier,2025,M S,9,699,2,1.219048548489809,2,1.219048548489809,1,1.4702868424355984,14,12,0,0,3.6471006013453007,2.03098376467824
Premier League,2526,Bournemouth,Ryan Christie,2025,M S,7,165,1,0.9712220691144466,1,0.9712220691144466,0,0.05596928298473358,5,1,1,0,1.0697587300091982,0.09524751640856266
Premier League,2526,Bournemouth,Tyler Adams,2025,M,9,795,0,0.18948929384350777,0,0.18948929384350777,1,0.0732995793223381,6,2,4,0,3.0070366449654102,2.866546269506216
Premier League,2526,Bournemouth,Veljko Milosavljevic,2025,D S,3,181,0,0.0,0,0.0,0,0.06701014190912247,0,1,0,0,0.3488686680793762,0.28185851871967316
Premier League,2526,Brentford,Aaron Hickey,2025,D S,5,179,0,0.015899255871772766,0,0.015899255871772766,0,0.6038424372673035,1,1,1,0,0.5436387062072754,0.5277394652366638
Premier League,2526,Brentford,Antoni Milambo,2025,M,1,50,0,0.0,0,0.0,0,0.0,0,0,0,0,0.043761223554611206,0.043761223554611206
Premier League,2526,Brentford,Caoimhin Kelleher,2025,GK,10,900,0,0.0,0,0.0,0,0.025028405711054802,0,1,1,0,1.3835948389023542,1.3585664331912994
Premier League,2526,Brentford,Dango Ouattara,2025,M S,9,566,2,3.370639532804489,2,3.370639532804489,0,1.1373911201953888,17,4,1,0,4.784452259540558,1.1003642119467258
Premier League,2526,Brentford,Ethan Pinnock,2025,D,2,163,0,0.0,0,0.0,0,0.0,0,0,1,0,0.10905151441693306,0.10905151441693306
Premier League,2526,Brentford,Fabio Carvalho,2025,M S,6,97,1,0.6895682029426098,1,0.6895682029426098,0,0.0,2,0,0,0,0.6895682029426098,0.0
Premier League,2526,Brentford,Frank Onyeka,2025,S,6,68,0,0.0,0,0.0,1,0.3706037104129791,0,1,0,0,0.3706037104129791,0.3706037104129791
Premier League,2526,Brentford,Jordan Henderson,2025,M S,10,764,0,0.06491370871663094,0,0.06491370871663094,2,1.3210615329444408,3,6,3,0,3.1412164606153965,2.1602880526334047
Premier League,2526,Brentford,Keane Lewis-Potter,2025,D M S,9,442,0,0.10487130284309387,0,0.10487130284309387,1,0.7483209520578384,3,5,1,0,0.9750548750162125,0.20877079665660858
Premier League,2526,Brentford,Kevin Schade,2025,F M S,10,841,2,2.715699126943946,2,1.9545302893966436,1,1.4371397346258163,15,11,4,0,4.135286618024111,0.9731279648840427
Premier League,2526,Brentford,Kristoffer Ajer,2025,D S,7,378,0,0.7802900746464729,0,0.7802900746464729,1,0.6487218737602234,7,1,0,0,1.9407345559448004,0.5986307617276907
Premier League,2526,Brentford,Mathias Jensen,2025,M S,8,199,2,0.2504306882619858,2,0.2504306882619858,0,0.18495506420731544,3,3,0,0,1.0349795520305634,0.612783782184124
Premier League,2526,Brentford,Michael Kayode,2025,D,10,872,0,0.09237518720328808,0,0.09237518720328808,0,1.500645287334919,2,13,0,0,3.406032346189022,2.5994126051664352
Premier League,2526,Brentford,Mikkel Damsgaard,2025,M,8,662,1,0.7544432375580072,1,0.7544432375580072,1,1.4705250710248947,8,10,0,0,2.719644870609045,1.517855565994978
Premier League,2526,Brentford,Nathan Collins,2025,D,10,900,0,0.5413775593042374,0,0.5413775593042374,0,0.08716833591461182,5,1,4,0,1.3206930439919233,1.1826943662017584
Premier League,2526,Brentford,Reiss Nelson,2025,S,1,14,0,0.050453945994377136,0,0.050453945994377136,0,0.0,1,0,0,0,0.050453945994377136,0.0
Premier League,2526,Brentford,Rico Henry,2025,D S,7,155,0,0.10969795286655426,0,0.10969795286655426,0,0.07513508200645447,2,1,1,0,0.13815180957317352,0.06301672756671906
Premier League,2526,Brentford,Sepp van den Berg,2025,D,10,900,0,1.3572007566690445,0,1.3572007566690445,0,0.07653624564409256,5,1,0,0,1.5716472454369068,1.2825109455734491
Premier League,2526,Brentford,Thiago,2025,F,10,843,6,6.031880557537079,4,4.509542889893055,0,0.7825009971857071,22,5,3,0,5.971226066350937,1.2710409872233868
Premier League,2526,Brentford,Vitaly Janelt,2025,S,6,119,0,0.12715812027454376,0,0.12715812027454376,0,0.07863311283290386,2,2,0,0,0.25392093509435654,0.07473620027303696
Premier League,2526,Brentford,Yehor Yarmolyuk,2025,M,10,799,0,0.17246343661099672,0,0.17246343661099672,1,0.42401326075196266,5,7,1,0,2.5891603166237473,2.1835171282291412
Premier League,2526,Brighton,Bart Verbruggen,2025,GK,10,900,0,0.0,0,0.0,0,0.07646425813436508,0,1,0,0,1.5069026369601488,1.5069026369601488
Premier League,2526,Brighton,Brajan Gruda,2025,M S,7,211,1,1.49709627404809,1,1.49709627404809,1,0.7015039464458823,9,4,0,0,3.153771422803402,0.9551711678504944
Premier League,2526,Brighton,Carlos Baleba,2025,M S,10,595,0,0.130342498421669,0,0.130342498421669,0,0.055218273773789406,8,2,3,0,0.811426492407918,0.7157192416489124
Premier League,2526,Brighton,Charalampos Kostoulas,2025,S,3,12,1,0.36812666058540344,1,0.36812666058540344,0,0.0,2,0,0,0,0.09042076766490936,0.0
Premier League,2526,Brighton,Danny Welbeck,2025,F S,10,633,6,4.2200832813978195,6,3.4589143842458725,0,0.2738901451230049,14,8,2,0,4.745464075356722,1.1842534095048904
Premier League,2526,Brighton,Diego Coppola,2025,S,3,13,0,0.0,0,0.0,0,0.0,0,0,0,0,0.16225166618824005,0.16225166618824005
Premier League,2526,Brighton,Diego Gómez,2025,M S,9,460,2,1.5777663998305798,2,1.5777663998305798,0,0.8095692619681358,10,5,2,0,3.1448676958680153,0.9420996187254786
Premier League,2526,Brighton,Ferdi Kadioglu,2025,D M S,9,646,0,0.22400487959384918,0,0.22400487959384918,0,0.3281368613243103,4,2,3,0,1.548419527709484,1.1411204263567924
Premier League,2526,Brighton,Georginio Rutter,2025,F M S,9,619,0,0.3871175069361925,0,0.3871175069361925,2,1.7366446554660797,9,8,1,0,3.8166510611772537,1.95478799007833
Premier League,2526,Brighton,Jack Hinshelwood,2025,M S,3,110,0,0.0,0,0.0,0,0.0,0,0,0,0,0.02659415453672409,0.02659415453672409
Premier League,2526,Brighton,James Milner,2025,M S,7,175,1,0.7611688375473022,0,0.0,1,0.4633796475827694,1,4,1,0,0.5852794460952282,0.5852794460952282
Premier League,2526,Brighton,Jan Paul van Hecke,2025,D,10,900,1,0.8428864944726229,1,0.8428864944726229,0,0.07836426794528961,5,2,2,0,3.5340730398893356,3.2998237758874893
Premier League,2526,Brighton,Joe Knight,2025,S,1,1,0,0.0,0,0.0,0,0.0,0,0,0,0,0.0,0.0
Premier League,2526,Brighton,Joël Veltman,2025,D,4,327,0,0.0,0,0.0,0,0.05745750293135643,0,1,2,0,0.528975136578083,0.4715176299214363
Premier League,2526,Brighton,Kaoru Mitoma,2025,M,6,513,1,0.6436578035354614,1,0.6436578035354614,1,0.7486550211906433,6,7,1,0,1.7071651965379715,0.39131664857268333
Premier League,2526,Brighton,Lewis Dunk,2025,D,10,900,0,0.3525837045162916,0,0.3525837045162916,0,0.030177410691976547,8,1,3,0,2.8070716988295317,2.8070716988295317
Premier League,2526,Brighton,Mats Wieffer,2025,D S,8,552,0,0.12100645154714584,0,0.12100645154714584,2,1.2115262597799301,4,7,3,0,2.2688048109412193,2.152894876897335
Premier League,2526,Brighton,Matt O'Riley,2025,M,2,179,1,1.139720857143402,0,0.37855201959609985,0,0.14959949534386396,4,4,0,0,0.5305772870779037,0.11395914107561111
Premier League,2526,Brighton,Maxim De Cuyper,2025,D S,8,408,1,0.5828185528516769,1,0.5828185528516769,0,0.3023470714688301,4,5,1,0,1.3535445109009743,1.256657250225544
Premier League,2526,Brighton,Nehemiah Oriola,2025,S,1,1,0,0.0,0,0.0,0,0.0,0,0,0,0,0.0,0.0
Premier League,2526,Brighton,Stefanos Tzimas,2025,S,6,62,0,0.27069303020834923,0,0.27069303020834923,1,0.3843204230070114,3,6,0,0,0.4531123712658882,0.009937935508787632
Premier League,2526,Brighton,Tom Watson,2025,S,2,38,0,0.024704832583665848,0,0.024704832583665848,0,0.0,1,0,0,0,0.024704832583665848,0.0
Premier League,2526,Brighton,Yankuba Minteh,2025,M,10,868,1,2.0834112614393234,1,2.0834112614393234,3,2.3624538760632277,15,16,0,0,6.988068170845509,4.062479309737682
Premier League,2526,Brighton,Yasin Ayari,2025,M S,10,782,1,0.8674124777317047,1,0.8674124777317047,0,0.3074404411017895,19,8,0,0,2.328212708234787,1.5176623538136482
Premier League,2526,Burnley,Armando Broja,2025,S,4,48,0,0.0,0,0.0,0,0.0,0,0,0,0,0.0,0.0
Premier League,2526,Burnley,Ashley Barnes,2025,S,1,6,0,0.0,0,0.0,0,0.0,0,0,0,0,0.0,0.0
Premier League,2526,Burnley,Axel Tuanzebe,2025,D,4,360,0,0.0,0,0.0,0,0.0,0,0,0,0,0.70909184217453,0.70909184217453
Premier League,2526,Burnley,Bashir Humphreys,2025,S,1,1,0,0.0,0,0.0,0,0.0,0,0,0,0,0.0,0.0
Premier League,2526,Burnley,Chimuanya Ugochukwu,2025,M S,9,534,2,1.178139865398407,2,1.178139865398407,0,0.07150717824697495,6,1,0,1,1.8995166905224323,1.1775889955461025
Premier League,2526,Burnley,Florentino Luís,2025,M S,7,564,0,0.643765889108181,0,0.643765889108181,1,0.15061635710299015,3,5,1,0,0.9917985983192921,0.8171673910692334
Premier League,2526,Burnley,Hannibal Mejbri,2025,M S,9,276,0,0.16881035827100277,0,0.16881035827100277,1,0.7295660674571991,3,3,1,0,1.0756922289729118,0.600456103682518
Premier League,2526,Burnley,Hjalmar Ekdal,2025,D S,7,541,0,0.46021861117333174,0,0.46021861117333174,0,0.12951614521443844,3,2,0,0,0.49263355135917664,0.3806416131556034
Premier League,2526,Burnley,Jacob Bruun Larsen,2025,M S,8,401,0,0.18747013062238693,0,0.18747013062238693,1,0.5822235345840454,4,2,0,0,1.8349633738398552,1.1812326535582542
Premier League,2526,Burnley,Jaidon Anthony,2025,M,10,828,4,2.3332930095493793,4,2.3332930095493793,1,0.3474990166723728,13,8,3,0,3.694704070687294,1.2761834859848022
Premier League,2526,Burnley,Joe Worrall,2025,S,4,6,0,0.0,0,0.0,0,0.0,0,0,0,0,0.0,0.0
Premier League,2526,Burnley,Josh Cullen,2025,M,10,863,1,0.12402439303696156,1,0.12402439303696156,1,0.7540347389876842,4,8,1,0,3.314408930018544,2.5975482016801834
Premier League,2526,Burnley,Josh Laurent,2025,D M S,10,548,0,0.13382394891232252,0,0.13382394891232252,0,0.12265605479478836,5,1,1,0,0.409012071788311,0.19286167062819004
Premier League,2526,Burnley,Kyle Walker,2025,D,10,900,0,0.0805505272001028,0,0.0805505272001028,1,0.4297392666339874,3,1,2,0,2.668924003839493,2.634258732199669
Premier League,2526,Burnley,Loum Tchaouna,2025,M S,9,367,1,0.33420821093022823,1,0.33420821093022823,0,0.14699222147464752,6,1,1,0,1.0698163490742445,0.635299775749445
Premier League,2526,Burnley,Lyle Foster,2025,F S,8,594,2,1.3705432750284672,2,1.3705432750284672,1,0.6672525368630886,8,6,2,0,2.242615096271038,0.4273011013865471
Premier League,2526,Burnley,Marcus Edwards,2025,S,2,9,0,0.05944499373435974,0,0.05944499373435974,0,0.0,1,0,0,0,0.0,0.0
Premier League,2526,Burnley,Martin Dubravka,2025,GK,10,900,0,0.0,0,0.0,0,0.0,0,0,0,0,0.233524888753891,0.233524888753891
Premier League,2526,Burnley,Maxime Estève,2025,D,10,897,0,0.1381386984139681,0,0.1381386984139681,0,0.6199607588350773,4,2,0,0,0.3821956664323807,0.36328139156103134
Premier League,2526,Burnley,Oliver Sonne,2025,D S,3,93,0,0.016889376565814018,0,0.016889376565814018,0,0.02691812254488468,1,1,0,0,0.1495741754770279,0.12265605479478836
Premier League,2526,Burnley,Quilindschy Hartman,2025,D,10,900,0,0.07686088513582945,0,0.07686088513582945,4,1.3680050736293197,4,10,1,0,1.5541626922786236,1.3026166707277298
Premier League,2526,Burnley,Zian Flemming,2025,F S,7,270,2,0.8845815435051918,2,0.8845815435051918,0,0.2714919000864029,6,2,1,0,1.1144458577036858,0.032663311809301376
Premier League,2526,Chelsea,Alejandro Garnacho,2025,M S,5,268,1,0.7127541564404964,1,0.7127541564404964,0,0.5423990413546562,6,3,0,0,1.4022223241627216,0.6134105436503887
Premier League,2526,Chelsea,Andrey Santos,2025,M S,7,206,0,0.898050345480442,0,0.898050345480442,0,0.1343465819954872,5,3,2,0,1.1585273668169975,0.1742713302373886
Premier League,2526,Chelsea,Benoit Badiashile Mukinayi,2025,D S,2,66,0,0.0,0,0.0,0,0.0,0,0,1,0,0.03168066218495369,0.03168066218495369
Premier League,2526,Chelsea,Cole Palmer,2025,M S,3,143,1,0.5224495083093643,1,0.5224495083093643,0,0.015278443694114685,9,1,0,0,0.6714966893196106,0.25048750825226307
Premier League,2526,Chelsea,Enzo Fernández,2025,M,9,802,3,4.716313771903515,2,3.9551449343562126,1,2.0346964448690414,17,15,2,0,7.847383365035057,4.550182119011879
Premier League,2526,Chelsea,Estêvão,2025,F M S,9,319,1,1.9587313830852509,1,1.9587313830852509,1,1.2098083160817623,11,5,2,0,4.909597158432007,2.599690690636635
Premier League,2526,Chelsea,Facundo Buonanotte,2025,M,1,47,0,0.0,0,0.0,0,0.1689806431531906,0,2,0,0,0.1689806431531906,0.1689806431531906
Premier League,2526,Chelsea,Filip Jorgensen,2025,S,1,85,0,0.0,0,0.0,0,0.0,0,0,0,0,0.0,0.0
Premier League,2526,Chelsea,Jamie Bynoe-Gittens,2025,M S,8,217,0,0.6133146677166224,0,0.6133146677166224,0,0.21250656247138977,6,5,0,0,1.8465675041079521,1.130567530170083
Premier League,2526,Chelsea,Jorrel Hato,2025,D S,4,163,0,0.0,0,0.0,0,0.0,0,0,2,0,1.1571339331567287,1.1571339331567287
Premier League,2526,Chelsea,Josh Acheampong,2025,D S,5,355,1,0.6539264097809792,1,0.6539264097809792,0,0.0,3,0,0,0,1.2097871787846088,1.2097871787846088
Premier League,2526,Chelsea,João Pedro,2025,F M,10,860,3,3.351896919310093,3,3.351896919310093,3,2.5500075798481703,16,12,0,0,4.800742458552122,0.8679701667279005
Premier League,2526,Chelsea,Liam Delap,2025,F S,3,95,0,0.23423967137932777,0,0.23423967137932777,0,0.0,3,0,0,0,1.8049246519804,1.5706849694252014
Premier League,2526,Chelsea,Malo Gusto,2025,D M S,8,474,0,0.057705553248524666,0,0.057705553248524666,1,0.9486548863351345,3,6,0,1,4.80961486697197,4.202191077172756
Premier League,2526,Chelsea,Marc Cucurella,2025,D S,10,822,0,0.2846787255257368,0,0.2846787255257368,2,1.9767956752330065,7,14,2,0,4.017999105155468,3.4229882284998894
Premier League,2526,Chelsea,Marc Guiu,2025,F S,5,143,0,0.9547708854079247,0,0.9547708854079247,0,0.0,7,0,0,0,0.8448273167014122,0.0
Premier League,2526,Chelsea,Moisés Caicedo,2025,M S,10,853,3,0.8330750595778227,3,0.8330750595778227,1,0.683237487450242,10,5,1,0,5.172351503744721,4.402537668123841
Premier League,2526,Chelsea,Pedro Neto,2025,F M,10,781,2,1.1632022932171822,2,1.1632022932171822,2,1.7883186433464289,14,15,0,0,4.090191103518009,2.0411098208278418
Premier League,2526,Chelsea,Reece James,2025,D M S,10,681,1,0.7137596812099218,1,0.7137596812099218,2,2.2439171001315117,9,13,2,0,4.23012937232852,2.8086490891873837
Premier League,2526,Chelsea,Robert Sánchez,2025,GK,10,814,0,0.0,0,0.0,0,0.19104263186454773,0,2,2,1,4.199294054880738,4.008251408115029
Premier League,2526,Chelsea,Romeo Lavia,2025,M S,4,96,0,0.0,0,0.0,0,0.0,0,0,0,0,1.4775371849536896,1.4775371849536896
Premier League,2526,Chelsea,Tosin Adarabioyo,2025,D S,7,374,0,0.03566968813538551,0,0.03566968813538551,0,0.0,1,0,1,0,1.7039565071463585,1.7039565071463585
Premier League,2526,Chelsea,Trevoh Chalobah,2025,D,9,760,2,1.186815494671464,2,1.186815494671464,0,0.12196670472621918,9,2,2,1,3.061653845012188,2.945250265300274
Premier League,2526,Chelsea,Tyrique George,2025,S,4,138,0,0.5434353575110435,0,0.5434353575110435,0,0.0,3,0,2,0,0.2622702568769455,0.17554336227476597
Premier League,2526,Chelsea,Wesley Fofana,2025,D S,4,226,0,0.0,0,0.0,0,0.0,0,0,0,0,0.668259009718895,0.668259009718895
Premier League,2526,Crystal Palace,Adam Wharton,2025,M,8,652,0,0.1374069033190608,0,0.1374069033190608,0,2.2419900875538588,5,14,1,0,2.9235844761133194,2.028981402516365
Premier League,2526,Crystal Palace,Borna Sosa,2025,S,1,1,0,0.0,0,0.0,0,0.0,0,0,0,0,0.0,0.0
Premier League,2526,Crystal Palace,Chris Richards,2025,D,10,900,0,0.18632581643760204,0,0.18632581643760204,0,0.24868161976337433,4,3,0,0,1.5557928448542953,1.4178873440250754
Premier League,2526,Crystal Palace,Christantus Uche,2025,S,3,4,0,0.06011005491018295,0,0.06011005491018295,0,0.0,1,0,0,0,0.0,0.0
Premier League,2526,Crystal Palace,Daichi Kamada,2025,M,8,688,0,0.309333149343729,0,0.309333149343729,0,0.5366126503795385,7,6,0,0,2.67327284719795,2.014075723476708
Premier League,2526,Crystal Palace,Daniel Muñoz,2025,D,10,900,1,0.958005528897047,1,0.958005528897047,2,2.2628692388534546,11,6,3,0,4.3704709289595485,1.200252522714436
Premier League,2526,Crystal Palace,Dean Henderson,2025,GK,10,900,0,0.0,0,0.0,0,0.015475641936063766,0,1,1,0,1.102002952247858,1.102002952247858
Premier League,2526,Crystal Palace,Eddie Nketiah,2025,S,5,90,1,0.9629506766796112,1,0.9629506766796112,0,0.8395494157448411,5,4,1,0,1.8310335213318467,0.11832206789404154
Premier League,2526,Crystal Palace,Ismaila Sarr,2025,F M,8,715,3,4.016557104885578,3,4.016557104885578,1,0.9541837368160486,12,6,1,0,5.078825354576111,1.3805643022060394
Premier League,2526,Crystal Palace,Jaydee Canvot,2025,S,1,1,0,0.0,0,0.0,0,0.0,0,0,0,0,0.0,0.0
Premier League,2526,Crystal Palace,Jean-Philippe Mateta,2025,F,10,879,6,8.429950587451458,4,6.907612793147564,0,0.3203686773777008,31,1,2,0,7.202770683914423,0.8196825683116913
Premier League,2526,Crystal Palace,Jefferson Lerma,2025,M S,9,254,0,0.48392507433891296,0,0.48392507433891296,1,0.11362139880657196,7,2,1,0,1.291187004186213,0.9376101791858673
Premier League,2526,Crystal Palace,Justin Devenny,2025,F S,8,143,0,0.2894168198108673,0,0.2894168198108673,0,0.11360841244459152,5,2,0,0,0.6487324982881546,0.2991451546549797
Premier League,2526,Crystal Palace,Marc Guehi,2025,D,10,900,1,1.1274596061557531,1,1.1274596061557531,1,1.2390778311528265,8,7,0,0,3.8053358709439635,2.38082308229059
Premier League,2526,Crystal Palace,Maxence Lacroix,2025,D,10,900,0,1.059196611866355,0,1.059196611866355,1,0.6158778071403503,5,2,1,0,3.37979094684124,2.7529947785660625
Premier League,2526,Crystal Palace,Nathaniel Clyne,2025,S,1,1,0,0.0,0,0.0,0,0.0,0,0,0,0,0.0,0.0
Premier League,2526,Crystal Palace,Odsonne Edouard,2025,S,1,1,0,0.0,0,0.0,0,0.0,0,0,0,0,0.0,0.0
Premier League,2526,Crystal Palace,Romain Esse,2025,S,1,23,0,0.0,0,0.0,0,0.0,0,0,0,0,0.0,0.0
Premier League,2526,Crystal Palace,Tyrick Mitchell,2025,D,10,900,1,0.5398246496915817,1,0.5398246496915817,0,0.5787389799952507,5,9,2,0,2.9522268576547503,2.154602493159473
Premier League,2526,Crystal Palace,Will Hughes,2025,M S,8,438,0,0.14744075760245323,0,0.14744075760245323,0,0.39992909505963326,3,7,3,0,2.918819736689329,2.6671839356422424
Premier League,2526,Crystal Palace,Yeremi Pino,2025,M S,8,530,0,1.5075270887464285,0,1.5075270887464285,0,1.5361517695710063,10,7,2,0,3.704012739472091,0.7899286821484566
Premier League,2526,Everton,Beto,2025,F S,9,581,1,3.50983152538538,1,3.50983152538538,0,0.5271521005779505,13,3,1,0,4.682665124535561,0.7151467204093933
Premier League,2526,Everton,Carlos Alcaraz,2025,M S,7,230,0,0.15932350140064955,0,0.15932350140064955,0,0.03918924927711487,4,1,1,0,0.6782333804294467,0.559899146668613
Premier League,2526,Everton,Dwight McNeil,2025,S,2,19,0,0.2338213175535202,0,0.2338213175535202,0,0.13025180995464325,2,1,0,0,0.36407312750816345,0.0
Premier League,2526,Everton,Harrison Armstrong,2025,S,1,1,0,0.0,0,0.0,0,0.0,0,0,0,0,0.0,0.0
Premier League,2526,Everton,Idrissa Gueye,2025,M,9,781,1,0.7908102385699749,1,0.7908102385699749,0,0.13177984207868576,11,2,0,0,3.1335164410993457,2.6414646161720157
Premier League,2526,Everton,Iliman Ndiaye,2025,M,9,774,3,2.312813725322485,2,1.5516448877751827,1,2.082287423312664,9,13,2,0,5.158754445612431,1.7865637810900807
Premier League,2526,Everton,Jack Grealish,2025,M S,8,649,1,1.8252371735870838,1,1.8252371735870838,4,2.7231927886605263,11,20,2,0,5.605725288391113,1.8108792006969452
Premier League,2526,Everton,Jake O'Brien,2025,D,9,794,0,0.30546626821160316,0,0.30546626821160316,0,0.11351531650871038,5,3,0,0,2.0457466579973698,1.8860613740980625
Premier League,2526,Everton,James Garner,2025,D M,9,810,1,0.6233273223042488,1,0.6233273223042488,1,0.7703575752675533,15,10,4,0,2.5880951955914497,2.056972992606461
Premier League,2526,Everton,James Tarkowski,2025,D,9,810,0,0.35699406266212463,0,0.35699406266212463,0,0.4657561630010605,1,5,1,0,1.3021859852597117,1.1196332545951009
Premier League,2526,Everton,Jordan Pickford,2025,GK,9,810,0,0.0,0,0.0,0,0.0,0,0,0,0,0.11065132729709148,0.11065132729709148
Premier League,2526,Everton,Kiernan Dewsbury-Hall,2025,M,8,718,1,0.5602471567690372,1,0.5602471567690372,1,2.0506046935915947,8,14,5,0,2.937860459089279,2.1798910051584244
Premier League,2526,Everton,Merlin Röhl,2025,S,3,56,0,0.1294072587043047,0,0.1294072587043047,0,0.08966526389122009,3,1,0,0,0.2175203412771225,0.0912901908159256
Premier League,2526,Everton,Michael Keane,2025,D,9,786,1,1.1499866992235184,1,1.1499866992235184,0,0.097673699259758,8,1,0,0,1.5799151612445712,0.8989523826166987
Premier League,2526,Everton,Seamus Coleman,2025,S,2,2,0,0.0,0,0.0,0,0.0,0,0,0,0,0.0,0.0
Premier League,2526,Everton,Thierno Barry,2025,F S,9,233,0,0.7036377470940351,0,0.7036377470940351,0,0.013946576043963432,5,1,0,0,1.2352837901562452,1.0722395069897175
Premier League,2526,Everton,Tim Iroegbunam,2025,M S,6,265,0,0.11947858985513449,0,0.11947858985513449,0,0.0,3,0,3,0,0.2476622462272644,0.13867663592100143
Premier League,2526,Everton,Tyler Dibling,2025,M S,4,59,0,0.0,0,0.0,0,0.0,0,0,1,0,0.0,0.0
Premier League,2526,Everton,Vitalii Mykolenko,2025,D,6,537,0,0.027497820556163788,0,0.027497820556163788,0,0.12252799049019814,2,2,1,0,1.7413834361359477,1.7274368600919843
Premier League,2526,Fulham,Adama Traoré,2025,M S,8,215,0,0.2065822258591652,0,0.2065822258591652,0,0.41468898579478264,4,3,0,0,1.0869297422468662,0.5027102306485176
Premier League,2526,Fulham,Alex Iwobi,2025,M,10,841,1,0.8074403079226613,1,0.8074403079226613,2,1.7258498072624207,13,18,2,0,3.2716916743665934,1.5432759150862694
Premier League,2526,Fulham,Antonee Robinson,2025,S,3,41,0,0.0,0,0.0,0,0.07385880500078201,0,1,0,0,0.6864679530262947,0.6864679530262947
Premier League,2526,Fulham,Bernd Leno,2025,GK,10,900,0,0.0,0,0.0,0,0.0,0,0,1,0,1.346870992332697,1.346870992332697
Premier League,2526,Fulham,Calvin Bassey,2025,D S,10,812,0,0.0741005502641201,0,0.0741005502641201,0,0.023829974234104156,2,1,2,0,2.33119810372591,2.314147837460041
Premier League,2526,Fulham,Emile Smith-Rowe,2025,M S,10,175,1,0.831384526565671,1,0.831384526565671,0,0.18078146129846573,5,3,0,0,1.581049463711679,0.6316490722820163
Premier League,2526,Fulham,Harry Wilson,2025,M S,9,615,2,1.2478695400059223,2,1.2478695400059223,0,0.48768405616283417,18,8,1,0,1.8282536193728447,0.4818787034600973
Premier League,2526,Fulham,Issa Diop,2025,D S,3,229,0,0.0,0,0.0,0,0.0,0,0,1,0,0.6382313817739487,0.6382313817739487
Premier League,2526,Fulham,Joachim Andersen,2025,D,9,761,0,0.3366329297423363,0,0.3366329297423363,0,0.2841188907623291,4,2,0,0,2.534585654735565,2.3971380218863487
Premier League,2526,Fulham,Jonah Kusi-Asare,2025,S,1,1,0,0.0,0,0.0,0,0.0,0,0,0,0,0.0,0.0
Premier League,2526,Fulham,Jorge Cuenca,2025,D S,3,174,0,0.0,0,0.0,0,0.0,0,0,0,0,0.22743036597967148,0.22743036597967148
Premier League,2526,Fulham,Joshua King,2025,F M S,10,663,0,1.1342998668551445,0,1.1342998668551445,0,0.24518127087503672,12,4,2,0,2.231694132089615,1.064079873263836
Premier League,2526,Fulham,Kenny Tete,2025,D,7,630,0,0.2257436290383339,0,0.2257436290383339,0,0.14639059267938137,4,3,1,0,1.1937481127679348,0.9101919457316399
Premier League,2526,Fulham,Kevin,2025,M S,7,209,0,0.06329891830682755,0,0.06329891830682755,0,0.24400006979703903,2,4,1,0,1.5707864537835121,1.3213475942611694
Premier League,2526,Fulham,Raúl Jiménez,2025,F S,9,383,1,1.5065513253211975,1,1.5065513253211975,1,0.4904111921787262,12,3,0,0,2.1086332574486732,0.27968066558241844
Premier League,2526,Fulham,Rodrigo Muniz,2025,F S,6,347,1,1.7752032801508904,1,1.7752032801508904,1,0.5352762266993523,9,4,1,0,2.067766360938549,1.0010120272636414
Premier League,2526,Fulham,Ryan Sessegnon,2025,D,9,769,2,0.7265384215861559,2,0.7265384215861559,0,1.2123570516705513,4,5,0,0,3.0264723002910614,1.9948619790375233
Premier League,2526,Fulham,Samuel Chukwueze,2025,S,3,29,0,0.7482568770647049,0,0.7482568770647049,1,0.3843463659286499,4,2,0,0,1.3110604286193848,0.5308049125596881
Premier League,2526,Fulham,Sander Berge,2025,M,10,871,0,0.23731718212366104,0,0.23731718212366104,0,0.6081862654536963,3,6,2,0,2.323710761964321,1.6343089416623116
Premier League,2526,Fulham,Sasa Lukic,2025,M,8,638,1,1.7193342745304108,1,1.7193342745304108,1,0.983442697674036,7,13,4,0,2.731437027454376,0.7413006536662579
Premier League,2526,Fulham,Timothy Castagne,2025,D M S,7,410,0,0.31681764125823975,0,0.31681764125823975,0,0.15272710751742125,4,3,0,0,1.3145303865894675,1.0073604620993137
Premier League,2526,Fulham,Tom Cairney,2025,M S,7,195,0,0.2845381647348404,0,0.2845381647348404,0,0.12604107335209846,6,2,1,0,1.0173526927828789,0.7450305260717869
Premier League,2526,Leeds,Anton Stach,2025,M S,9,714,1,0.9634691812098026,1,0.9634691812098026,1,1.2261624485254288,15,13,1,0,2.4681524857878685,0.8708247765898705
Premier League,2526,Leeds,Ao Tanaka,2025,M S,8,330,0,0.18804559856653214,0,0.18804559856653214,0,0.15304486081004143,3,4,0,0,1.148906972259283,0.8421777747571468
Premier League,2526,Leeds,Brenden Aaronson,2025,F M S,10,644,1,2.546367719769478,1,2.546367719769478,0,1.3437009789049625,12,10,1,0,4.607830084860325,0.9960210435092449
Premier League,2526,Leeds,Daniel James,2025,F S,7,275,0,0.45565418899059296,0,0.45565418899059296,0,0.34756260365247726,5,5,0,0,0.8531990721821785,0.06474091112613678
Premier League,2526,Leeds,Dominic Calvert-Lewin,2025,F S,8,601,1,1.4683110918849707,1,1.4683110918849707,0,0.7184300236403942,15,8,0,0,2.6022208500653505,0.5369904637336731
Premier League,2526,Leeds,Ethan Ampadu,2025,M,8,700,0,0.18084257375448942,0,0.18084257375448942,0,0.05965100508183241,4,2,3,0,2.1964635141193867,2.004704475402832
Premier League,2526,Leeds,Gabriel Gudmundsson,2025,D,10,840,0,0.11876989156007767,0,0.11876989156007767,0,1.3513743337243795,3,10,1,0,2.2063068468123674,1.0112751498818398
Premier League,2526,Leeds,Ilia Gruev,2025,M S,5,198,0,0.0,0,0.0,0,0.0,0,0,1,0,0.1876790001988411,0.1876790001988411
Premier League,2526,Leeds,Jack Harrison,2025,F S,9,227,0,0.43386831134557724,0,0.43386831134557724,0,0.3380284607410431,6,1,0,0,1.0075279688462615,0.270208983682096
Premier League,2526,Leeds,Jaka Bijol,2025,D,2,180,0,0.0,0,0.0,0,0.12537430226802826,0,1,0,0,0.7753614187240601,0.6499871015548706
Premier League,2526,Leeds,James Justin,2025,S,5,70,0,0.0,0,0.0,0,0.0,0,0,1,0,0.137452632188797,0.137452632188797
Premier League,2526,Leeds,Jayden Bogle,2025,D,10,880,0,0.6565954647958279,0,0.6565954647958279,0,0.5195110403001308,8,3,2,0,2.636538065969944,1.843496136367321
Premier League,2526,Leeds,Joe Rodon,2025,D,10,900,2,1.043833151459694,2,1.043833151459694,0,0.12877236306667328,8,2,0,0,1.5955144129693508,1.4856834970414639
Premier League,2526,Leeds,Joël Piroe,2025,F S,4,162,0,0.7303813099861145,0,0.7303813099861145,0,0.0,6,0,0,0,0.8037411347031593,0.07335985451936722
Premier League,2526,Leeds,Karl Darlow,2025,GK,5,450,0,0.0,0,0.0,0,0.0,0,0,0,0,0.2601579315960407,0.2601579315960407
Premier League,2526,Leeds,Lucas Perri,2025,GK,5,450,0,0.0,0,0.0,0,0.0,0,0,1,0,0.8014490082859993,0.8014490082859993
Premier League,2526,Leeds,Lukas Nmecha,2025,F S,10,193,1,1.644194819033146,0,0.8830259591341019,0,0.0,6,0,0,0,1.2572818771004677,0.374255895614624
Premier League,2526,Leeds,Noah Okafor,2025,F M S,7,451,2,1.653923287987709,2,1.653923287987709,0,0.7157847434282303,8,4,2,0,3.0841075778007507,0.763745691627264
Premier League,2526,Leeds,Pascal Struijk,2025,D,8,720,0,0.5395675823092461,0,0.5395675823092461,0,0.03986091446131468,8,2,1,0,0.6754201082512736,0.5155079253017902
Premier League,2526,Leeds,Sam Byram,2025,S,1,4,0,0.0,0,0.0,0,0.0,0,0,0,0,0.0,0.0
Premier League,2526,Leeds,Sean Longstaff,2025,M S,10,717,1,0.5164963230490685,1,0.5164963230490685,2,1.9621873404830694,10,18,0,0,2.5706311985850334,1.6823562532663345
Premier League,2526,Leeds,Wilfried Gnonto,2025,F S,4,201,0,0.16809068247675896,0,0.16809068247675896,0,0.051310401409864426,5,1,1,0,0.4461477920413017,0.268769346177578
Premier League,2526,Liverpool,Alexander Isak,2025,F S,4,264,0,1.4005520939826965,0,1.4005520939826965,1,0.8188285231590271,6,1,0,0,2.3711809515953064,0.9481621384620667
Premier League,2526,Liverpool,Alexis Mac Allister,2025,M S,9,590,0,0.5875066742300987,0,0.5875066742300987,2,1.213772028684616,9,8,0,0,3.3123771771788597,2.3176552429795265
Premier League,2526,Liverpool,Alisson,2025,GK,6,540,0,0.0,0,0.0,0,0.0,0,0,0,0,1.5709716528654099,1.5709716528654099
Premier League,2526,Liverpool,Andrew Robertson,2025,D S,5,227,0,0.26145441457629204,0,0.26145441457629204,0,0.5904175192117691,3,6,0,0,1.1141123324632645,0.9081793874502182
Premier League,2526,Liverpool,Cody Gakpo,2025,M S,10,792,3,3.351007280871272,3,3.351007280871272,2,3.2310583107173443,26,21,0,0,6.550213873386383,1.5266358871012926
Premier League,2526,Liverpool,Conor Bradley,2025,D S,8,463,0,0.07456133607774973,0,0.07456133607774973,0,0.010452482849359512,3,1,3,0,1.5057615414261818,1.4456467181444168
Premier League,2526,Liverpool,Curtis Jones,2025,M S,8,307,0,0.22870978899300098,0,0.22870978899300098,0,0.5257017947733402,4,3,0,0,1.9603212866932154,1.5998060628771782
Premier League,2526,Liverpool,Dominik Szoboszlai,2025,D M,10,900,1,1.4751306287944317,1,1.4751306287944317,1,1.5609044097363949,19,16,3,0,6.99157851934433,4.882596179842949
Premier League,2526,Liverpool,Federico Chiesa,2025,S,7,79,2,1.0253721848130226,2,1.0253721848130226,1,0.7863274216651917,7,1,1,0,2.2629924342036247,0.45129282772541046
Premier League,2526,Liverpool,Florian Wirtz,2025,M S,10,625,0,1.3688985668122768,0,1.3688985668122768,0,1.0760097950696945,10,16,1,0,5.435290388762951,3.606668159365654
Premier League,2526,Liverpool,Giorgi Mamardashvili,2025,GK,4,360,0,0.0,0,0.0,0,0.0,0,0,0,0,1.796800620853901,1.796800620853901
Premier League,2526,Liverpool,Hugo Ekitike,2025,F S,9,592,3,2.262521579861641,3,2.262521579861641,1,0.34205078333616257,16,5,0,0,3.458281323313713,1.4665810316801071
Premier League,2526,Liverpool,Ibrahima Konaté,2025,D,10,852,0,1.2168647963553667,0,1.2168647963553667,0,0.6114864880219102,5,5,2,0,3.2343738228082657,2.991389289498329
Premier League,2526,Liverpool,Jeremie Frimpong,2025,D S,4,71,0,0.09516934491693974,0,0.09516934491693974,0,0.5381103157997131,2,1,0,0,0.644782904535532,0.5652611143887043
Premier League,2526,Liverpool,Joseph Gomez,2025,S,3,27,0,0.0,0,0.0,0,0.0,0,0,0,0,0.0,0.0
Premier League,2526,Liverpool,Milos Kerkez,2025,D,9,673,1,0.7317156083881855,1,0.7317156083881855,0,0.4151645265519619,3,4,3,0,4.494034059345722,3.540381472557783
Premier League,2526,Liverpool,Mohamed Salah,2025,M,10,899,4,3.4089667573571205,3,2.6477979198098183,2,1.7561996914446354,22,18,1,0,4.832617208361626,1.3442647904157639
Premier League,2526,Liverpool,Rio Ngumoha,2025,S,4,18,1,0.3935171365737915,1,0.3935171365737915,0,0.0952558871358633,1,2,0,0,0.560586966574192,0.07181394193321466
Premier League,2526,Liverpool,Ryan Gravenberch,2025,M,8,696,3,0.38226825557649136,3,0.38226825557649136,1,0.7412913125008345,12,7,2,0,3.779879704117775,3.0171495378017426
Premier League,2526,Liverpool,Virgil van Dijk,2025,D,10,900,0,0.5326804965734482,0,0.5326804965734482,0,0.04061364196240902,4,2,2,0,4.923471704125404,4.904727712273598
Premier League,2526,Liverpool,Wataru Endo,2025,S,4,31,0,0.0,0,0.0,1,0.13890482485294342,0,1,1,0,0.2620159834623337,0.12311115860939026
Premier League,2526,Manchester City,Abduqodir Khusanov,2025,D S,4,234,0,0.0,0,0.0,0,0.0,0,0,1,0,0.631830669939518,0.631830669939518
Premier League,2526,Manchester City,Bernardo Silva,2025,M S,9,465,0,0.06499067693948746,0,0.06499067693948746,1,2.0378360375761986,1,9,1,0,3.3759902082383633,2.3079630583524704
Premier League,2526,Manchester City,Erling Haaland,2025,F,9,787,11,9.195406258106232,11,9.195406258106232,1,1.298770397901535,37,4,0,0,9.417732834815979,0.849039763212204
Premier League,2526,Manchester City,Gianluigi Donnarumma,2025,GK,6,540,0,0.0,0,0.0,0,0.0,0,0,1,0,1.090306993573904,1.090306993573904
Premier League,2526,Manchester City,James Trafford,2025,GK,3,270,0,0.0,0,0.0,0,0.0,0,0,0,0,1.4181099254637957,1.4181099254637957
Premier League,2526,Manchester City,John Stones,2025,D S,5,332,0,0.0,0,0.0,0,0.06276297569274902,0,1,0,0,1.9594624154269695,1.8966994397342205
Premier League,2526,Manchester City,Josko Gvardiol,2025,D,5,433,0,0.17431123927235603,0,0.17431123927235603,1,0.3714890107512474,5,2,0,0,2.1415152698755264,2.0462335497140884
Premier League,2526,Manchester City,Jéremy Doku,2025,F M S,9,470,0,1.4238160252571106,0,1.4238160252571106,3,1.9938989263027906,5,16,0,0,4.500529235228896,2.1474674977362156
Premier League,2526,Manchester City,Mateo Kovacic,2025,S,1,2,0,0.0,0,0.0,0,0.0,0,0,0,0,0.3933921456336975,0.3933921456336975
Premier League,2526,Manchester City,Matheus Nunes,2025,D S,7,508,1,0.5744845494627953,1,0.5744845494627953,0,0.15364092588424683,4,2,1,0,4.157597467303276,3.482075646519661
Premier League,2526,Manchester City,Mathis Cherki,2025,M S,4,87,1,0.16294880956411362,1,0.16294880956411362,0,0.8469612952321768,3,3,0,0,0.7832511886954308,0.6203023940324783
Premier League,2526,Manchester City,Nathan Aké,2025,D S,5,193,0,0.17773552238941193,0,0.17773552238941193,0,0.1935984045267105,3,1,0,0,1.662221148610115,1.5640262514352798
Premier League,2526,Manchester City,Nico González,2025,M S,8,467,0,0.2329460084438324,0,0.2329460084438324,0,0.5370662957429886,5,4,2,0,3.730377957224846,3.606392800807953
Premier League,2526,Manchester City,Nico O'Reilly,2025,D S,8,501,0,0.4347860589623451,0,0.4347860589623451,1,0.8075699284672737,7,6,2,0,4.097563674673438,3.3471854515373707
Premier League,2526,Manchester City,Omar Marmoush,2025,F M S,4,160,0,0.6716732159256935,0,0.6716732159256935,1,0.9960359930992126,5,2,0,0,1.5769948363304138,0.1493370234966278
Premier League,2526,Manchester City,Oscar Bobb,2025,F M S,8,460,0,0.7998874932527542,0,0.7998874932527542,1,0.619442593306303,3,9,0,0,3.5001355707645416,2.452011361718178
Premier League,2526,Manchester City,Phil Foden,2025,M S,7,531,1,0.8169246390461922,1,0.8169246390461922,0,1.0518803875893354,12,16,2,0,4.359534006565809,3.224204044789076
Premier League,2526,Manchester City,Rayan Ait Nouri,2025,D,3,202,0,0.057533614337444305,0,0.057533614337444305,0,0.1667600143700838,2,2,1,0,2.40728223323822,2.3497486114501953
Premier League,2526,Manchester City,Rico Lewis,2025,D S,5,169,0,0.017117779701948166,0,0.017117779701948166,1,0.8571385145187378,1,2,0,0,1.5130915343761444,0.754147857427597
Premier League,2526,Manchester City,Rodri,2025,M S,5,286,0,0.10182833485305309,0,0.10182833485305309,0,0.0920630395412445,3,3,0,0,1.901040956377983,1.7739518135786057
Premier League,2526,Manchester City,Rúben Dias,2025,D S,9,721,0,0.06972702592611313,0,0.06972702592611313,0,0.022162409499287605,2,1,0,0,4.899398358538747,4.877235980704427
Premier League,2526,Manchester City,Sávio,2025,M S,6,342,0,0.5321384407579899,0,0.5321384407579899,1,0.23089541494846344,5,2,1,0,1.3028138987720013,0.9092059545218945
Premier League,2526,Manchester City,Tijjani Reijnders,2025,M,9,754,1,1.563692096620798,1,1.563692096620798,2,1.6604485139250755,19,9,2,0,6.365798957645893,3.9225388169288635
Premier League,2526,Manchester United,Altay Bayindir,2025,GK,6,540,0,0.0,0,0.0,0,0.2939172387123108,0,1,0,0,1.0489089861512184,0.7549917474389076
Premier League,2526,Manchester United,Amad Diallo Traore,2025,D M S,9,672,1,1.7120859641581774,1,1.7120859641581774,1,1.358033686876297,16,11,1,0,4.531419456005096,2.5824067536741495
Premier League,2526,Manchester United,Ayden Heaven,2025,S,2,25,0,0.0,0,0.0,1,0.34458863735198975,0,1,0,0,0.34458863735198975,0.0
Premier League,2526,Manchester United,Benjamin Sesko,2025,F S,10,584,2,3.761856776662171,2,3.761856776662171,1,0.4847502112388611,18,7,1,0,4.3909977003932,0.26639269292354584
Premier League,2526,Manchester United,Bruno Fernandes,2025,M,10,899,2,4.3459913562983274,1,2.062484825029969,2,2.522978875786066,24,29,2,0,5.050184916704893,2.496543765068054
Premier League,2526,Manchester United,Bryan Mbeumo,2025,M,10,883,4,3.9003662206232548,4,3.9003662206232548,1,2.496264163404703,24,18,0,0,6.7875164076685905,1.3024452272802591
Premier League,2526,Manchester United,Casemiro,2025,M S,9,572,3,1.0745699815452099,3,1.0745699815452099,1,0.4137892536818981,10,6,3,1,1.4998140148818493,1.111115526407957
Premier League,2526,Manchester United,Diogo Dalot,2025,D S,8,593,0,0.1696458738297224,0,0.1696458738297224,1,1.1023087399080396,3,9,0,0,2.583597607910633,1.7607159614562988
Premier League,2526,Manchester United,Harry Maguire,2025,D S,7,278,1,0.35102613642811775,1,0.35102613642811775,1,0.19499868154525757,4,1,0,0,0.640780933201313,0.640780933201313
Premier League,2526,Manchester United,Joshua Zirkzee,2025,S,4,77,0,1.2398620322346687,0,1.2398620322346687,0,0.027649320662021637,8,1,0,0,2.5597498565912247,1.3241303637623787
Premier League,2526,Manchester United,Kobbie Mainoo,2025,S,7,111,0,0.05912639573216438,0,0.05912639573216438,0,0.17954465560615063,2,4,0,0,0.48759736120700836,0.2489263191819191
Premier League,2526,Manchester United,Leny Yoro,2025,D S,10,623,0,0.18627256527543068,0,0.18627256527543068,0,0.04197749122977257,3,1,0,0,1.1185501664876938,1.059156846255064
Premier League,2526,Manchester United,Luke Shaw,2025,D,10,860,0,0.08364910632371902,0,0.08364910632371902,1,0.08725759759545326,1,2,0,0,1.6863370407372713,1.6623956430703402
Premier League,2526,Manchester United,Manuel Ugarte,2025,M S,8,264,0,0.032165332697331905,0,0.032165332697331905,0,0.016931818798184395,2,1,0,0,0.20889057591557503,0.15979341976344585
Premier League,2526,Manchester United,Mason Mount,2025,M S,7,342,1,0.814672589302063,1,0.814672589302063,0,0.5059789791703224,6,6,0,0,1.3594021648168564,0.3388095274567604
Premier League,2526,Manchester United,Matheus Cunha,2025,F M S,9,597,1,1.4326039385050535,1,1.4326039385050535,0,0.6064859181642532,21,9,0,0,3.539254777133465,1.822007892653346
Premier League,2526,Manchester United,Matthijs de Ligt,2025,D,10,900,0,0.8882434964179993,0,0.8882434964179993,0,0.2317677140235901,6,2,0,0,1.5129041075706482,1.148691639304161
Premier League,2526,Manchester United,Noussair Mazraoui,2025,D S,4,149,0,0.0,0,0.0,0,0.0,0,0,1,0,0.9140035659074783,0.9140035659074783
Premier League,2526,Manchester United,Patrick Dorgu,2025,D S,9,534,0,0.43251004070043564,0,0.43251004070043564,1,0.8954050615429878,6,7,3,0,1.7483320031315088,0.6404188219457865
Premier League,2526,Manchester United,Senne Lammens,2025,GK,4,360,0,0.0,0,0.0,0,0.0,0,0,0,0,0.2061562705785036,0.2061562705785036
Premier League,2526,Newcastle United,Anthony Elanga,2025,F S,9,374,0,0.707071278244257,0,0.707071278244257,0,0.3334111049771309,4,6,0,0,1.3364228084683418,0.31633276119828224
Premier League,2526,Newcastle United,Anthony Gordon,2025,F,6,435,0,1.8499785140156746,0,1.8499785140156746,0,1.0911123603582382,13,7,0,1,3.571289721876383,1.2297871448099613
Premier League,2526,Newcastle United,Bruno Guimarães,2025,M,8,720,3,1.8056308515369892,3,1.8056308515369892,0,0.4710824526846409,12,11,2,0,3.9724277332425117,1.819402389228344
Premier League,2526,Newcastle United,Dan Burn,2025,D,9,810,0,0.03565345145761967,0,0.03565345145761967,1,0.08876627776771784,2,3,3,0,1.2866566684097052,1.2135093491524458
Premier League,2526,Newcastle United,Fabian Schär,2025,D S,5,384,0,0.05895868316292763,0,0.05895868316292763,0,0.07261231448501348,4,2,0,0,1.3220452517271042,1.2713547870516777
Premier League,2526,Newcastle United,Harvey Barnes,2025,F S,9,359,0,0.6517571080476046,0,0.6517571080476046,0,1.0700091049075127,9,6,0,0,1.8737321551889181,0.6947204675525427
Premier League,2526,Newcastle United,Jacob Murphy,2025,F S,8,426,1,1.9520321562886238,1,1.9520321562886238,1,0.9638074710965157,20,4,0,0,3.2132991552352905,0.9984656311571598
Premier League,2526,Newcastle United,Jacob Ramsey,2025,M S,3,74,0,0.05618707090616226,0,0.05618707090616226,0,0.21376905962824821,1,4,0,0,0.38186395168304443,0.29310353100299835
Premier League,2526,Newcastle United,Jamaal Lascelles,2025,S,2,8,0,0.0783025473356247,0,0.0783025473356247,0,0.0,1,0,0,0,0.0,0.0
Premier League,2526,Newcastle United,Joe Willock,2025,M S,2,86,0,0.05826233699917793,0,0.05826233699917793,0,0.0,1,0,0,0,0.0,0.0
Premier League,2526,Newcastle United,Joelinton,2025,M,7,555,0,0.7112237038090825,0,0.7112237038090825,0,0.8610525913536549,7,5,2,0,3.7164520248770714,2.740631438791752
Premier League,2526,Newcastle United,Kieran Trippier,2025,D S,8,613,0,0.0,0,0.0,0,0.5579226058907807,0,14,0,0,2.4229263365268707,2.129330523312092
Premier League,2526,Newcastle United,Lewis Hall,2025,D S,3,123,0,0.02208450809121132,0,0.02208450809121132,0,0.0,1,0,0,0,0.02208450809121132,0.0
Premier League,2526,Newcastle United,Lewis Miley,2025,M S,7,258,0,0.03532935678958893,0,0.03532935678958893,1,0.25820425897836685,1,4,0,0,1.1178541034460068,1.0415328964591026
Premier League,2526,Newcastle United,Malick Thiaw,2025,D S,6,452,0,0.5649788994342089,0,0.5649788994342089,0,0.6320949792861938,6,1,1,0,1.07720547914505,0.6185977905988693
Premier League,2526,Newcastle United,Nick Pope,2025,GK,9,810,0,0.0,0,0.0,0,0.0,0,0,1,0,0.32014670222997665,0.32014670222997665
Premier League,2526,Newcastle United,Nick Woltemade,2025,F,6,499,4,3.9454934746026993,3,3.184324637055397,0,0.1353954505175352,13,3,0,0,1.8465479165315628,0.7241881340742111
Premier League,2526,Newcastle United,Sandro Tonali,2025,M S,9,714,0,0.370648805052042,0,0.370648805052042,1,1.714543890208006,12,14,0,0,2.6473493091762066,1.7739576883614063
Premier League,2526,Newcastle United,Sven Botman,2025,D S,7,496,0,0.17865289747714996,0,0.17865289747714996,0,0.507456824183464,2,2,0,0,0.6610893458127975,0.6610893458127975
Premier League,2526,Newcastle United,Valentino Livramento,2025,D,6,534,0,0.0,0,0.0,1,0.3578917309641838,0,3,0,0,2.096921145915985,1.7542267143726349
Premier League,2526,Newcastle United,William Osula,2025,F S,9,143,1,0.7171518541872501,1,0.7171518541872501,0,0.060651179403066635,5,1,0,0,0.5099684111773968,0.1278870292007923
Premier League,2526,Nottingham Forest,Arnaud Kalimuendo Muinga,2025,S,6,57,0,0.2120346575975418,0,0.2120346575975418,0,0.011348750442266464,3,1,0,0,0.2616480737924576,0.04961341619491577
Premier League,2526,Nottingham Forest,Callum Hudson-Odoi,2025,M S,10,576,1,0.7168917469680309,1,0.7168917469680309,0,1.9192444011569023,10,16,0,0,4.124677814543247,1.927750114351511
Premier League,2526,Nottingham Forest,Chris Wood,2025,F S,8,560,2,2.0672987550497055,2,2.0672987550497055,0,0.17429565265774727,16,3,0,0,2.1495288610458374,0.16340264305472374
Premier League,2526,Nottingham Forest,Dan Ndoye,2025,F M,9,685,1,0.3914583530277014,1,0.3914583530277014,1,0.696059912443161,4,6,1,0,1.8925279453396797,0.8050096780061722
Premier League,2526,Nottingham Forest,Dilane Bakwa,2025,M S,4,168,0,0.14998166263103485,0,0.14998166263103485,0,0.3195057734847069,3,5,0,0,0.6317077688872814,0.3658992163836956
Premier League,2526,Nottingham Forest,Douglas Luiz,2025,M,4,192,0,0.023048534989356995,0,0.023048534989356995,0,0.5776349604129791,1,3,1,0,0.997801560908556,0.4774530716240406
Premier League,2526,Nottingham Forest,Elliot Anderson,2025,M,10,900,0,0.7484529875218868,0,0.7484529875218868,1,1.0410363152623177,11,15,2,0,4.674900442361832,3.3746258020401
Premier League,2526,Nottingham Forest,Ibrahim Sangare,2025,M S,7,453,0,0.44785767886787653,0,0.44785767886787653,0,0.03345363214612007,4,1,1,0,1.750298336148262,1.710821345448494
Premier League,2526,Nottingham Forest,Igor Jesus,2025,F S,9,262,0,1.0923217125236988,0,1.0923217125236988,0,0.09597817622125149,8,2,0,0,1.2865867111831903,0.1730190496891737
Premier League,2526,Nottingham Forest,Jair,2025,D,1,90,0,0.0,0,0.0,0,0.0,0,0,0,0,0.0,0.0
Premier League,2526,Nottingham Forest,James McAtee,2025,M S,4,120,0,0.01315337885171175,0,0.01315337885171175,0,0.2934955358505249,1,3,0,0,0.33312509674578905,0.03962956089526415
Premier League,2526,Nottingham Forest,Jota Silva,2025,S,1,7,0,0.0,0,0.0,0,0.0,0,0,0,0,0.0,0.0
Premier League,2526,Nottingham Forest,Matz Sels,2025,GK,10,900,0,0.0,0,0.0,0,0.0,0,0,1,0,0.8741931924596429,0.8741931924596429
Premier League,2526,Nottingham Forest,Morato,2025,D,5,439,0,0.026082856580615044,0,0.026082856580615044,0,0.0,1,0,3,0,0.5125472992658615,0.4864644408226013
Premier League,2526,Nottingham Forest,Morgan Gibbs-White,2025,F M S,10,833,1,2.0596885457634926,1,2.0596885457634926,1,0.6425457447767258,22,10,0,0,3.556390605866909,1.749031588435173
Premier League,2526,Nottingham Forest,Murillo,2025,D,7,561,0,0.042134784162044525,0,0.042134784162044525,0,0.0,1,0,1,0,2.1854253038764,2.1854253038764
Premier League,2526,Nottingham Forest,Neco Williams,2025,D,10,900,1,0.7011891342699528,1,0.7011891342699528,0,0.5983340367674828,11,7,4,0,2.92850249633193,1.9501527659595013
Premier League,2526,Nottingham Forest,Nicolás Domínguez,2025,M S,2,53,0,0.0,0,0.0,0,0.04874737933278084,0,1,1,0,0.08186683058738708,0.08186683058738708
Premier League,2526,Nottingham Forest,Nicolò Savona,2025,D S,5,339,1,0.6933292150497437,1,0.6933292150497437,0,0.0,1,0,0,0,1.050584476441145,0.3572552464902401
Premier League,2526,Nottingham Forest,Nikola Milenkovic,2025,D,10,900,0,0.30615082010626793,0,0.30615082010626793,0,0.12305343151092529,6,1,1,0,1.4297397192567587,1.4297397192567587
Premier League,2526,Nottingham Forest,Ola Aina,2025,D,3,270,0,0.023151176050305367,0,0.023151176050305367,0,0.09227590635418892,2,2,1,0,0.7890547513961792,0.6736276596784592
Premier League,2526,Nottingham Forest,Oleksandr Zinchenko,2025,D,3,255,0,0.0403057299554348,0,0.0403057299554348,0,0.36187228560447693,3,3,0,0,0.9974335581064224,0.9462578147649765
Premier League,2526,Nottingham Forest,Omari Hutchinson,2025,S,5,89,0,0.6937632113695145,0,0.6937632113695145,0,0.5952215828001499,4,5,0,0,1.2889847792685032,0.3272562325000763
Premier League,2526,Nottingham Forest,Ryan Yates,2025,M S,6,198,0,0.0545988529920578,0,0.0545988529920578,1,0.08953892439603806,1,1,1,0,0.24736135080456734,0.10322357341647148
Premier League,2526,Nottingham Forest,Taiwo Awoniyi,2025,F S,3,98,0,0.17148704826831818,0,0.17148704826831818,0,0.14048615097999573,3,2,0,0,0.23436452448368073,0.0
Premier League,2526,Sunderland,Arthur Masuaku,2025,D S,3,132,0,0.07842346280813217,0,0.07842346280813217,0,0.05806344375014305,1,1,1,0,0.15544621646404266,0.09738276898860931
Premier League,2526,Sunderland,Bertrand Traoré,2025,M S,4,228,0,0.32552816718816757,0,0.32552816718816757,0,0.7005581324920058,5,3,1,0,0.8803011700510979,0.5547730242833495
Premier League,2526,Sunderland,Brian Brobbey,2025,S,4,57,0,0.0,0,0.0,1,0.11022110283374786,0,1,0,0,0.11022110283374786,0.0
Premier League,2526,Sunderland,Chemsdine Talbi,2025,F M S,9,555,1,1.0330096520483494,1,1.0330096520483494,1,0.2356234174221754,9,5,0,0,1.5108051970601082,0.3869536370038986
Premier League,2526,Sunderland,Chris Rigg,2025,M S,6,191,0,0.11188334599137306,0,0.11188334599137306,0,0.09530466794967651,2,2,0,0,0.18897876888513565,0.09367410093545914
Premier League,2526,Sunderland,Dan Ballard,2025,D S,7,399,1,1.1986817037686706,1,1.1986817037686706,0,0.9567887634038925,9,4,0,0,1.004287175834179,0.5774561688303947
Premier League,2526,Sunderland,Dan Neil,2025,S,2,2,0,0.0,0,0.0,0,0.0,0,0,0,0,0.0,0.0
Premier League,2526,Sunderland,Eliezer Mayenda,2025,F S,6,253,1,0.722465954720974,1,0.722465954720974,0,0.5885621905326843,4,2,0,0,0.6910533905029297,0.0
Premier League,2526,Sunderland,Enzo Le Fée,2025,F M S,8,546,1,0.8504106476902962,0,0.08924181014299393,0,0.4623132310807705,3,6,1,0,1.6365904919803143,1.4770108461380005
Premier League,2526,Sunderland,Granit Xhaka,2025,M,9,810,0,0.20505304634571075,0,0.20505304634571075,3,1.5632964931428432,5,11,3,0,2.352522193454206,1.790937528014183
Premier League,2526,Sunderland,Habib Diarra,2025,M,4,353,0,0.5578325837850571,0,0.5578325837850571,0,0.025854649022221565,6,1,1,0,0.5836872328072786,0.0
Premier League,2526,Sunderland,Jenson Seelt,2025,D S,2,135,0,0.0,0,0.0,0,0.0,0,0,0,0,0.30460771918296814,0.30460771918296814
Premier League,2526,Sunderland,Lutsharel Geertruida,2025,D S,6,142,0,0.5076700411736965,0,0.5076700411736965,0,0.0,2,0,0,0,0.8273966014385223,0.3197265714406967
Premier League,2526,Sunderland,Noah Sadiki,2025,M,9,808,0,0.12306373193860054,0,0.12306373193860054,0,0.13596423156559467,3,4,3,0,1.6334899216890335,1.4262545788660645
Premier League,2526,Sunderland,Nordi Mukiele,2025,D,7,630,1,0.5694437529891729,1,0.5694437529891729,0,0.2781921401619911,4,4,0,0,1.748697392642498,1.5145235247910023
Premier League,2526,Sunderland,Omar Alderete,2025,D S,8,667,1,0.6132880933582783,1,0.6132880933582783,1,0.10059698671102524,6,2,1,0,1.0870364643633366,0.9583753906190395
Premier League,2526,Sunderland,Patrick Roberts,2025,S,1,23,0,0.06801629066467285,0,0.06801629066467285,0,0.0,1,0,0,0,0.10939916223287582,0.04138287156820297
Premier League,2526,Sunderland,Reinildo,2025,D,6,482,0,0.01499317865818739,0,0.01499317865818739,0,0.0,1,0,1,1,0.7365850768983364,0.7215919159352779
Premier League,2526,Sunderland,Robin Roefs,2025,GK,9,810,0,0.0,0,0.0,0,0.18337297439575195,0,2,1,0,0.9654940590262413,0.7821210697293282
Premier League,2526,Sunderland,Simon Adingra,2025,F M S,6,278,0,0.07569392770528793,0,0.07569392770528793,0,0.5374916773289442,1,5,1,0,0.952572226524353,0.4418194890022278
Premier League,2526,Sunderland,Trai Hume,2025,D,9,805,0,0.45207908004522324,0,0.45207908004522324,1,0.6096125692129135,6,6,0,0,2.2572062462568283,1.2568536400794983
Premier League,2526,Sunderland,Wilson Isidor,2025,F S,9,543,4,2.4937905818223953,4,2.4937905818223953,0,0.0,19,0,0,0,2.6971343755722046,0.36932510137557983
Premier League,2526,Tottenham,Archie Gray,2025,M S,2,73,0,0.0,0,0.0,0,0.019953982904553413,0,1,0,0,0.710876302793622,0.6909223198890686
Premier League,2526,Tottenham,Brennan Johnson,2025,F M S,10,371,2,1.0511867552995682,2,1.0511867552995682,0,0.1424060259014368,5,3,1,0,1.4152084905654192,0.28549050725996494
Premier League,2526,Tottenham,Cristian Romero,2025,D S,8,653,0,0.12338549271225929,0,0.12338549271225929,1,0.24317903816699982,2,2,3,0,2.320241868495941,2.0822420716285706
Premier League,2526,Tottenham,Djed Spence,2025,D S,9,682,0,0.09667760133743286,0,0.09667760133743286,0,0.05863097868859768,2,2,2,0,0.35335990227758884,0.32075839675962925
Premier League,2526,Tottenham,Dominic Solanke,2025,S,2,22,0,0.184296615421772,0,0.184296615421772,0,0.0,2,0,0,0,0.184296615421772,0.0
Premier League,2526,Tottenham,Guglielmo Vicario,2025,GK,10,900,0,0.0,0,0.0,0,0.0,0,0,0,0,1.5779168456792831,1.5779168456792831
Premier League,2526,Tottenham,Iyenoma Destiny Udogie,2025,D S,6,310,0,0.010849026031792164,0,0.010849026031792164,0,0.4166572969406843,1,3,0,0,1.2193064205348492,1.129926335066557
Premier League,2526,Tottenham,João Palhinha,2025,M S,10,786,2,0.7005970552563667,2,0.7005970552563667,1,0.43516744300723076,10,2,2,0,1.934159066528082,1.2791620874777436
Premier League,2526,Tottenham,Kevin Danso,2025,D S,6,256,0,0.0,0,0.0,0,0.0,0,0,2,0,0.2434435673058033,0.2434435673058033
Premier League,2526,Tottenham,Lucas Bergvall,2025,M S,9,403,1,0.5685617588460445,1,0.5685617588460445,1,0.21223433315753937,5,2,1,0,2.013760343194008,1.3632454685866833
Premier League,2526,Tottenham,Mathys Tel,2025,F S,7,242,1,0.18469500355422497,1,0.18469500355422497,0,0.0,4,0,0,0,0.2952787019312382,0.1105836983770132
Premier League,2526,Tottenham,Micky van de Ven,2025,D,10,893,3,1.499996254220605,3,1.499996254220605,0,0.12338549271225929,7,2,2,0,1.9378102738410234,1.9378102738410234
Premier League,2526,Tottenham,Mohammed Kudus,2025,F M,10,892,1,1.9367779158055782,1,1.9367779158055782,4,1.4701384315267205,17,13,3,0,3.019014097750187,0.35860682278871536
Premier League,2526,Tottenham,Pape Sarr,2025,M S,9,465,2,0.968407453969121,2,0.968407453969121,2,0.6850563697516918,4,4,0,0,3.0208042077720165,2.821475923061371
Premier League,2526,Tottenham,Pedro Porro,2025,D S,10,807,0,0.12092776782810688,0,0.12092776782810688,1,1.607257429510355,4,13,1,0,2.9565633423626423,2.6983741596341133
Premier League,2526,Tottenham,Randal Kolo Muani,2025,F S,3,156,0,0.06208477169275284,0,0.06208477169275284,0,0.05827964097261429,1,2,0,0,0.07602548599243164,0.05039970949292183
Premier League,2526,Tottenham,Richarlison,2025,F S,10,524,3,2.3003601226955652,3,2.3003601226955652,2,1.2957726418972015,16,6,1,0,4.830510774627328,1.369459394365549
Premier League,2526,Tottenham,Rodrigo Bentancur,2025,M S,9,665,1,0.6382630923762918,1,0.6382630923762918,1,0.5836473405361176,6,5,1,0,1.8534781448543072,1.612062904983759
Premier League,2526,Tottenham,Wilson Odobert,2025,F M S,9,321,0,0.8950692638754845,0,0.8950692638754845,0,0.374312836676836,6,3,0,0,1.904810756444931,0.8927389085292816
Premier League,2526,Tottenham,Xavi Simons,2025,F M S,7,487,0,0.1809112150222063,0,0.1809112150222063,1,0.7939793430268764,4,6,2,0,0.9888094961643219,0.6931294063106179
Premier League,2526,West Ham,Aaron Wan-Bissaka,2025,D M S,5,389,0,0.0,0,0.0,0,0.1550980806350708,0,3,0,0,0.40423186123371124,0.32285571098327637
Premier League,2526,West Ham,Alphonse Areola,2025,GK,5,450,0,0.0,0,0.0,0,0.0,0,0,0,0,0.16406377404928207,0.16406377404928207
Premier League,2526,West Ham,Andy Irving,2025,M S,6,172,0,0.0,0,0.0,0,0.09221388027071953,0,2,0,0,0.17365871742367744,0.1385073959827423
Premier League,2526,West Ham,Callum Marshall,2025,S,2,44,0,0.2289344072341919,0,0.2289344072341919,0,0.0,1,0,0,0,0.0,0.0
Premier League,2526,West Ham,Callum Wilson,2025,F S,6,228,1,1.1162542793899775,1,1.1162542793899775,0,0.08269345760345459,7,1,0,0,1.102365382015705,0.01877536065876484
Premier League,2526,West Ham,Crysencio Summerville,2025,F M S,7,499,0,0.2743683457374573,0,0.2743683457374573,1,0.19108238071203232,6,3,3,0,1.3457194566726685,0.9814306758344173
Premier League,2526,West Ham,El Hadji Malick Diouf,2025,D M S,9,755,0,0.26025955006480217,0,0.26025955006480217,3,0.6706114392727613,7,7,1,0,1.309929359704256,0.6832822039723396
Premier League,2526,West Ham,Freddie Potts,2025,S,4,104,0,0.0,0,0.0,0,0.0,0,0,0,0,0.19063448160886765,0.19063448160886765
Premier League,2526,West Ham,Guido Rodríguez,2025,M S,2,81,0,0.024249104782938957,0,0.024249104782938957,0,0.0,1,0,0,0,0.26646556705236435,0.24221646040678024
Premier League,2526,West Ham,Igor Julio,2025,S,1,1,0,0.0,0,0.0,0,0.0,0,0,0,0,0.0,0.0
Premier League,2526,West Ham,James Ward-Prowse,2025,M,5,417,0,0.10974198207259178,0,0.10974198207259178,0,1.4593449532985687,2,12,0,0,0.5672934018075466,0.45175231993198395
Premier League,2526,West Ham,Jarrod Bowen,2025,F M,9,810,3,0.9966098070144653,3,0.9966098070144653,1,1.1432786751538515,19,9,0,0,2.5187203511595726,0.6597691718488932
Premier League,2526,West Ham,Jean-Clair Todibo,2025,D,4,314,0,0.0,0,0.0,0,0.0,0,0,1,0,0.37805986776947975,0.37805986776947975
Premier League,2526,West Ham,Konstantinos Mavropanos,2025,D S,6,485,0,0.29880134016275406,0,0.29880134016275406,0,0.0,4,0,1,0,1.2906143888831139,1.2906143888831139
Premier League,2526,West Ham,Kyle Walker-Peters,2025,D S,8,436,0,0.15635941177606583,0,0.15635941177606583,0,0.13329645618796349,3,3,1,0,0.8277492001652718,0.706481009721756
Premier League,2526,West Ham,Lucas Paquetá,2025,F M,9,791,2,1.367730401456356,1,0.6065615639090538,0,1.2108288556337357,11,13,3,0,1.8381667211651802,1.050538145005703
Premier League,2526,West Ham,Luis Guilherme,2025,S,3,48,0,0.039350125938653946,0,0.039350125938653946,0,0.0,1,0,0,0,0.039350125938653946,0.0
Premier League,2526,West Ham,Mads Hermansen,2025,GK,4,360,0,0.0,0,0.0,0,0.0,0,0,0,0,0.19932476058602333,0.19932476058602333
Premier League,2526,West Ham,Mateus Fernandes,2025,M S,7,474,1,0.19530962966382504,1,0.19530962966382504,0,0.3385514188557863,5,5,0,0,0.8120870254933834,0.4277772903442383
Premier League,2526,West Ham,Max Kilman,2025,D,9,810,0,0.9674080014228821,0,0.9674080014228821,0,0.09811170026659966,2,2,3,0,0.48758636973798275,0.4223537277430296
Premier League,2526,West Ham,Naif Aguerd,2025,D,2,180,0,0.0885777547955513,0,0.0885777547955513,0,0.0,2,0,0,0,0.13815459609031677,0.13815459609031677
Premier League,2526,West Ham,Niclas Füllkrug,2025,F S,6,392,0,0.9451227933168411,0,0.9451227933168411,0,0.3877217434346676,8,6,0,0,0.8100216425955296,0.1229296624660492
Premier League,2526,West Ham,Oliver Scarles,2025,D,2,79,0,0.0,0,0.0,0,0.0,0,0,0,0,0.029067160561680794,0.029067160561680794
Premier League,2526,West Ham,Soungoutou Magassa,2025,M S,5,163,0,0.0,0,0.0,0,0.0,0,0,1,0,0.32468540221452713,0.32468540221452713
Premier League,2526,West Ham,Tomas Soucek,2025,M S,6,400,0,0.36327113956213,0,0.36327113956213,0,0.029067160561680794,6,1,0,1,1.1065885797142982,0.8700357265770435
Premier League,2526,Wolverhampton Wanderers,André,2025,M S,10,621,0,0.024745667353272438,0,0.024745667353272438,0,0.10960590094327927,2,1,2,0,0.963606271892786,0.829254686832428
Premier League,2526,Wolverhampton Wanderers,David Møller Wolfe,2025,D S,5,152,0,0.0,0,0.0,1,0.3058866262435913,0,1,0,0,0.3241066038608551,0.01821996085345745
Premier League,2526,Wolverhampton Wanderers,Emmanuel Agbadou,2025,D S,8,553,0,0.2871334319934249,0,0.2871334319934249,0,0.08375301770865917,6,2,0,1,1.2105207778513432,1.0988803822547197
Premier League,2526,Wolverhampton Wanderers,Fernando López,2025,M S,5,104,0,0.2017578911036253,0,0.2017578911036253,1,0.5119961202144623,4,3,1,0,0.827638529241085,0.22909747064113617
Premier League,2526,Wolverhampton Wanderers,Hee-Chan Hwang,2025,F M S,7,300,1,0.4349177349358797,1,0.4349177349358797,0,0.06315184012055397,5,2,0,0,0.6758777014911175,0.23188747465610504
Premier League,2526,Wolverhampton Wanderers,Hugo Bueno,2025,D S,10,700,0,0.3326244689524174,0,0.3326244689524174,0,0.6934316726401448,3,13,1,0,2.015531364828348,1.052548386156559
Premier League,2526,Wolverhampton Wanderers,Jackson Tchatchoua,2025,D S,9,407,0,0.061103448271751404,0,0.061103448271751404,0,0.10093447379767895,2,5,0,0,1.6954478500410914,1.5334099046885967
Premier League,2526,Wolverhampton Wanderers,Jean-Ricner Bellegarde,2025,F M S,9,412,0,0.36480625811964273,0,0.36480625811964273,0,0.21844402328133583,10,3,1,0,1.4365822384133935,1.1227913908660412
Premier League,2526,Wolverhampton Wanderers,Jhon Arias,2025,F M S,10,559,0,1.1754547413438559,0,1.1754547413438559,0,0.5435736011713743,10,9,0,0,2.096955733373761,0.647111251950264
Premier League,2526,Wolverhampton Wanderers,José Sá,2025,GK,4,360,0,0.0,0,0.0,0,0.08312523365020752,0,1,0,0,0.22208588384091854,0.13896065019071102
Premier League,2526,Wolverhampton Wanderers,João Gomes,2025,M S,10,744,0,0.22099507320672274,0,0.22099507320672274,0,0.19684050604701042,6,5,3,0,1.1533262580633163,0.8094395995140076
Premier League,2526,Wolverhampton Wanderers,Jørgen Strand Larsen,2025,F S,8,639,1,1.3919787928462029,0,0.6308099534362555,0,0.2628065049648285,11,4,0,0,1.3808566741645336,0.6688657738268375
Premier League,2526,Wolverhampton Wanderers,Ki-Jana Hoever,2025,D S,5,263,0,0.00923213642090559,0,0.00923213642090559,0,0.13831201568245888,1,3,0,0,0.9893896132707596,0.8418454639613628
Premier League,2526,Wolverhampton Wanderers,Ladislav Krejcí,2025,D M,7,630,1,0.6059815417975187,1,0.6059815417975187,1,0.7057804707437754,7,5,1,0,2.007202420383692,0.7852209750562906
Premier League,2526,Wolverhampton Wanderers,Marshall Munetsi,2025,F M S,10,779,1,1.5918174982070923,1,1.5918174982070923,1,0.38085445016622543,11,3,1,0,2.894917506724596,0.9853054648265243
Premier League,2526,Wolverhampton Wanderers,Matt Doherty,2025,D,4,301,0,0.05208981782197952,0,0.05208981782197952,0,0.054192230105400085,1,1,3,0,0.13373759388923645,0.07954536378383636
Premier League,2526,Wolverhampton Wanderers,Rodrigo Gomes,2025,D F S,6,337,1,0.8243161980062723,1,0.8243161980062723,0,0.0770200677216053,11,2,0,0,1.1401113364845514,0.2843391578644514
Premier League,2526,Wolverhampton Wanderers,Sam Johnstone,2025,GK,6,540,0,0.0,0,0.0,0,0.0,0,0,0,0,0.3112466409802437,0.3112466409802437
Premier League,2526,Wolverhampton Wanderers,Santiago Bueno,2025,D S,7,569,1,0.6973209455609322,1,0.6973209455609322,0,0.08694913052022457,2,3,2,0,1.43897720053792,1.3246022472158074
Premier League,2526,Wolverhampton Wanderers,Sasa Kalajdzic,2025,S,1,11,0,0.0,0,0.0,0,0.0,0,0,0,0,0.0,0.0
Premier League,2526,Wolverhampton Wanderers,Tolu Arokodare,2025,F S,7,195,0,0.40768109261989594,0,0.40768109261989594,0,0.290688157081604,6,1,0,0,1.100395992398262,0.47503122314810753
Premier League,2526,Wolverhampton Wanderers,Toti,2025,D S,7,451,0,0.05399832222610712,0,0.05399832222610712,0,0.08219239488244057,2,4,2,1,0.6842976091429591,0.602105213329196
Premier League,2526,Wolverhampton Wanderers,Yerson Mosquera,2025,D S,4,186,0,0.05404307320713997,0,0.05404307320713997,0,0.0,2,0,1,0,0.32482460141181946,0.290688157081604
