league,season,team,player,league_id,season_id,team_id,player_id,position,matches,minutes,goals,xg,np_goals,np_xg,assists,xa,shots,key_passes,yellow_cards,red_cards,xg_chain,xg_buildup
ENG-Premier League,1415,Arsenal,Aaron Ramsey,1,2014,83,504,M S,29,2013,6,6.636921921744943,6,6.636921921744943,6,5.299689516425133,63,47,6,0,16.720761343836784,8.166224587708712
ENG-Premier League,1415,Arsenal,Ainsley Maitland-Niles,1,2014,83,1750,S,1,1,0,0.0,0,0.0,0,0.0,0,0,0,0,0.0,0.0
ENG-Premier League,1415,Arsenal,Alex Oxlade-Chamberlain,1,2014,83,966,M S,23,1497,1,2.849110059440136,1,2.849110059440136,1,3.690096700564027,32,35,4,0,9.594994656741619,4.923702459782362
ENG-Premier League,1415,Arsenal,Alexis Sánchez,1,2014,83,498,F M S,35,2967,16,13.45174823794514,16,12.690581277944148,8,8.494180873036385,122,82,4,0,27.15757017582655,10.736756768077612
ENG-Premier League,1415,Arsenal,Calum Chambers,1,2014,83,508,D M S,23,1574,1,0.8142124898731709,1,0.8142124898731709,1,0.8842718033120036,7,11,7,1,3.6191986687481403,3.2758464943617582
ENG-Premier League,1415,Arsenal,Chuba Akpom,1,2014,83,1790,S,3,23,0,0.5139970183372498,0,0.5139970183372498,0,0.0,2,0,0,0,0.5139970183372498,0.0
ENG-Premier League,1415,Arsenal,Danny Welbeck,1,2014,83,501,F M S,27,1714,4,7.272420795634389,4,7.272420795634389,3,2.887719358317554,58,30,3,0,12.937735112383962,4.48967744410038
ENG-Premier League,1415,Arsenal,David Ospina,1,2014,83,505,GK,18,1620,0,0.0,0,0.0,0,0.04679640009999275,0,2,0,0,2.0648585204035044,2.018061827868223
ENG-Premier League,1415,Arsenal,Emiliano Martinez,1,2014,83,4401,GK S,4,299,0,0.0,0,0.0,0,0.0,0,0,0,0,0.4130877871066332,0.4130877871066332
ENG-Premier League,1415,Arsenal,Francis Coquelin,1,2014,83,497,M S,22,1667,0,0.08362239971756935,0,0.08362239971756935,0,0.18764719553291798,5,5,5,0,6.154337789863348,6.035231921821833
ENG-Premier League,1415,Arsenal,Gabriel,1,2014,83,493,D S,6,347,0,0.04296279884874821,0,0.04296279884874821,1,0.0274593997746706,2,1,0,0,0.8342673797160387,0.8342673797160387
ENG-Premier League,1415,Arsenal,Héctor Bellerín,1,2014,83,492,D S,20,1564,2,0.2796935010701418,2,0.2796935010701418,1,1.7710434943437576,5,12,5,0,6.440686859190464,5.210578402504325
ENG-Premier League,1415,Arsenal,Jack Wilshere,1,2014,83,1036,M S,14,739,2,2.419227445498109,2,2.419227445498109,1,1.4338918002322316,18,16,4,0,7.234426703304052,4.517601888626814
ENG-Premier League,1415,Arsenal,Joel Campbell,1,2014,83,506,S,4,34,0,0.0,0,0.0,0,0.08552379906177521,0,2,0,0,0.1540088001638651,0.13456200063228607
ENG-Premier League,1415,Arsenal,Kieran Gibbs,1,2014,83,545,D S,22,1657,0,1.0783994244411588,0,1.0783994244411588,3,1.8213013904169202,12,15,3,0,8.999918149784207,7.215284138917923
ENG-Premier League,1415,Arsenal,Laurent Koscielny,1,2014,83,494,D S,27,2289,3,1.2747428007423878,3,1.2747428007423878,0,0.1164884977042675,8,2,4,0,3.6892703929916024,3.6175703862681985
ENG-Premier League,1415,Arsenal,Lukas Podolski,1,2014,83,3871,S,7,83,0,0.9136223215609789,0,0.9136223215609789,0,0.35460198670625687,9,2,0,0,0.5932813864201307,0.11954280361533165
ENG-Premier League,1415,Arsenal,Mathieu Debuchy,1,2014,83,967,D,10,811,1,0.8225503079593182,1,0.8225503079593182,0,0.398188017308712,8,2,2,0,3.0027852542698383,2.842829305678606
ENG-Premier League,1415,Arsenal,Mathieu Flamini,1,2014,83,895,M S,23,1455,1,1.008351506665349,1,1.008351506665349,1,0.1882055001333356,7,5,3,0,4.853085668757558,3.863504383713007
ENG-Premier League,1415,Arsenal,Mesut Özil,1,2014,83,499,F M S,22,1861,4,3.8600258827209473,4,3.8600258827209473,5,6.656995788216591,29,69,0,0,16.41658142209053,9.916838062927127
ENG-Premier League,1415,Arsenal,Mikel Arteta,1,2014,83,970,M S,7,451,0,0.036514160223305225,0,0.036514160223305225,1,0.06850949861109257,2,3,1,0,1.0064908862113953,0.9221099093556404
ENG-Premier League,1415,Arsenal,Nacho Monreal,1,2014,83,495,D S,28,2308,0,0.3041379973292351,0,0.3041379973292351,1,1.3779590111225843,4,12,3,0,9.092138472944498,8.257979298010468
ENG-Premier League,1415,Arsenal,Olivier Giroud,1,2014,83,502,F S,27,1871,14,8.84634429961443,14,8.84634429961443,3,3.8601363133639097,70,29,5,1,13.639886705204844,4.1292465925216675
ENG-Premier League,1415,Arsenal,Per Mertesacker,1,2014,83,507,D,35,3150,0,0.8197573097422719,0,0.8197573097422719,1,0.23774650320410728,13,3,2,0,7.7452923487871885,7.591860653832555
ENG-Premier League,1415,Arsenal,Santiago Cazorla,1,2014,83,965,M S,37,2999,7,10.590725313872099,1,6.023707624524832,11,9.755182644352317,93,78,5,0,24.657841611653566,16.91333621367812
ENG-Premier League,1415,Arsenal,Theo Walcott,1,2014,83,503,F M S,14,427,5,5.347006626427174,5,5.347006626427174,0,0.40138570219278336,23,4,0,0,5.93331104516983,0.6996189914643764
ENG-Premier League,1415,Arsenal,Tomas Rosicky,1,2014,83,4400,M S,15,562,2,0.9697352927178144,2,0.9697352927178144,1,1.5375187173485756,10,7,1,0,4.887204881757498,3.2713680136948824
ENG-Premier League,1415,Arsenal,Wojciech Szczesny,1,2014,83,1244,GK,17,1501,0,0.0,0,0.0,0,0.0,0,0,1,0,1.1442007143050432,1.1442007143050432
ENG-Premier League,1415,Arsenal,Yaya Sanogo,1,2014,83,4402,F S,13,452,0,1.7943356409668922,0,1.7943356409668922,0,0.2049696035683155,17,5,1,0,2.2648069970309734,0.6786499246954918
ENG-Premier League,1415,Aston Villa,Alan Hutton,1,2014,71,663,D S,30,2415,1,0.932465978898108,1,0.932465978898108,0,1.9344742149114609,11,23,8,0,5.2189104706048965,3.3837523590773344
ENG-Premier League,1415,Aston Villa,Aly Cissokho,1,2014,71,666,D S,25,2142,0,0.5833376906812191,0,0.5833376906812191,0,0.46421690098941326,9,8,1,0,2.1717900140210986,1.7702647959813476
ENG-Premier League,1415,Aston Villa,Andreas Weimann,1,2014,71,4427,F M S,31,1782,3,2.715450508520007,3,2.715450508520007,2,1.1188795827329159,33,20,5,0,4.366782454773784,0.9592690700665116
ENG-Premier League,1415,Aston Villa,Ashley Westwood,1,2014,71,669,M S,27,2155,0,0.5476269014179707,0,0.5476269014179707,1,2.5225379038602114,18,35,4,0,5.277240414172411,4.1685290820896626
ENG-Premier League,1415,Aston Villa,Brad Guzan,1,2014,71,662,GK,34,3060,0,0.0,0,0.0,0,0.0,0,0,2,0,1.1107166977599263,1.1107166977599263
ENG-Premier League,1415,Aston Villa,Carles Gil,1,2014,71,670,F M S,5,361,0,0.0863689985126257,0,0.0863689985126257,1,0.8867846876382828,3,6,1,0,0.6940353959798813,0.6581714004278183
ENG-Premier League,1415,Aston Villa,Carlos Sánchez,1,2014,71,667,M S,28,1987,1,0.3707006284967065,1,0.3707006284967065,0,0.7029740959405899,17,9,6,1,3.6336561497300863,3.2398287495598197
ENG-Premier League,1415,Aston Villa,Charles N'Zogbia,1,2014,71,1066,D F M S,27,1455,0,1.0603895923122764,0,1.0603895923122764,2,1.4756773971021175,27,17,3,0,4.728924102149904,2.9079019324854016
ENG-Premier League,1415,Aston Villa,Christian Benteke,1,2014,71,606,F S,29,2380,13,8.455075968056917,12,7.693906951695681,2,2.921320070512593,80,33,1,1,8.725400181487203,2.198608998209238
ENG-Premier League,1415,Aston Villa,Ciaran Clark,1,2014,71,875,D S,25,2000,1,2.343070681206882,1,2.343070681206882,2,0.8780082985758781,16,6,8,1,3.1968469601124525,2.249183803796768
ENG-Premier League,1415,Aston Villa,Darren Bent,1,2014,71,4508,S,7,70,0,0.05773089826107025,0,0.05773089826107025,0,0.008217819966375828,1,1,0,0,0.06594871822744608,0.0
ENG-Premier League,1415,Aston Villa,Fabian Delph,1,2014,71,876,M S,28,2435,0,1.542956287972629,0,1.542956287972629,3,2.41554019972682,42,36,1,1,7.702498070895672,6.121814403682947
ENG-Premier League,1415,Aston Villa,Gabriel Agbonlahor,1,2014,71,890,F S,34,2698,6,5.630619999021292,6,5.630619999021292,1,1.5529492190107703,53,16,7,1,8.039166074246168,1.6565285744145513
ENG-Premier League,1415,Aston Villa,Jack Grealish,1,2014,71,675,F M S,17,798,0,1.0659911818802357,0,1.0659911818802357,1,2.286719797179103,13,18,0,0,3.6018659211695194,1.9990398027002811
ENG-Premier League,1415,Aston Villa,Jed Steer,1,2014,71,4475,GK,1,90,0,0.0,0,0.0,0,0.0,0,0,0,0,0.1009569987654686,0.1009569987654686
ENG-Premier League,1415,Aston Villa,Joe Cole,1,2014,71,1004,F M S,12,263,1,0.2769546937197447,1,0.2769546937197447,1,0.45160370226949453,4,7,0,0,0.664939814247191,0.2615206213667989
ENG-Premier League,1415,Aston Villa,Jores Okore,1,2014,71,676,D S,23,2005,1,0.7885554805397987,1,0.7885554805397987,0,0.5431609079241753,6,6,6,0,3.58841136097908,3.4798337519168854
ENG-Premier League,1415,Aston Villa,Kieran Richardson,1,2014,71,899,D F M S,22,1349,0,0.7576623987406492,0,0.7576623987406492,1,1.1378537900745869,9,8,2,1,3.9133244091644883,2.186651130206883
ENG-Premier League,1415,Aston Villa,Leandro Bacuna,1,2014,71,674,D M S,19,970,0,0.9967574011534452,0,0.9967574011534452,5,1.846682295203209,17,17,1,0,3.6058353167027235,2.1702739875763655
ENG-Premier League,1415,Aston Villa,Matthew Lowton,1,2014,71,1652,D S,12,749,0,0.10120640136301517,0,0.10120640136301517,0,0.4257541075348854,3,5,2,0,1.6330742202699184,1.1808961182832718
ENG-Premier League,1415,Aston Villa,Nathan Baker,1,2014,71,1041,D S,11,761,0,0.3110744971781969,0,0.3110744971781969,0,0.2268701009452343,6,4,0,0,0.8839891068637371,0.7373376041650772
ENG-Premier League,1415,Aston Villa,Philippe Senderos,1,2014,71,4469,D S,8,631,0,0.6512041054666042,0,0.6512041054666042,0,0.015057500451803207,5,1,2,0,0.768725510686636,0.7536681108176708
ENG-Premier League,1415,Aston Villa,Ron Vlaar,1,2014,71,4433,D S,20,1644,0,1.1542229726910591,0,1.1542229726910591,1,0.6243054270744324,14,2,3,1,1.9896960034966469,1.9193979036062956
ENG-Premier League,1415,Aston Villa,Rushian Hepburn-Murphy,1,2014,71,1015,S,1,5,0,0.0,0,0.0,0,0.0,0,0,0,0,0.0,0.0
ENG-Premier League,1415,Aston Villa,Scott Sinclair,1,2014,71,679,F M S,11,458,1,1.0023591704666615,1,1.0023591704666615,0,0.10503850132226944,7,2,0,0,1.437374621629715,0.49952301383018494
ENG-Premier League,1415,Aston Villa,Shay Given,1,2014,71,889,GK,3,270,0,0.0,0,0.0,0,0.0,0,0,1,0,0.02513590082526207,0.02513590082526207
ENG-Premier League,1415,Aston Villa,Tom Cleverley,1,2014,71,596,F M,32,2633,3,1.787795027717948,3,1.787795027717948,0,1.3489686893299222,24,27,7,0,5.817164268344641,4.1579360738396645
ENG-Premier League,1415,Burnley,Ashley Barnes,1,2014,92,4422,F M S,35,2435,5,5.6908798180520535,5,5.6908798180520535,2,1.8230766840279102,66,30,4,1,9.151078913360834,3.272920724004507
ENG-Premier League,1415,Burnley,Ben Mee,1,2014,92,1654,D S,33,2889,2,1.930388911627233,2,1.930388911627233,1,0.867081793025136,20,17,10,0,4.2406518161296844,3.4609045069664717
ENG-Premier League,1415,Burnley,Daniel Lafferty,1,2014,92,4428,S,1,14,0,0.0,0,0.0,0,0.0,0,0,0,0,0.0,0.0
ENG-Premier League,1415,Burnley,Danny Ings,1,2014,92,986,F M,35,3048,11,12.289508447051048,10,11.528339490294456,4,4.244325045496225,97,35,6,0,16.558702621608973,2.825657523237169
ENG-Premier League,1415,Burnley,David Jones,1,2014,92,1787,M,36,3218,0,1.5607124958187342,0,1.5607124958187342,0,2.0149611523374915,21,25,0,0,6.072743905708194,4.698091685771942
ENG-Premier League,1415,Burnley,Dean Marney,1,2014,92,1658,M,20,1690,0,0.32082259841263294,0,0.32082259841263294,0,0.5910359974950552,9,12,6,0,3.8594865733757615,3.3339323299005628
ENG-Premier League,1415,Burnley,Fredrik Ulvestad,1,2014,92,1788,M S,2,67,0,0.0,0,0.0,0,0.0,0,0,1,0,0.05660960078239441,0.05660960078239441
ENG-Premier League,1415,Burnley,George Boyd,1,2014,92,1656,M S,36,3035,5,3.4792185835540295,5,3.4792185835540295,2,3.5598804811015725,49,36,7,0,9.525840185582638,3.811834577471018
ENG-Premier League,1415,Burnley,Jason Shackell,1,2014,92,4421,D,38,3346,0,0.8140063025057316,0,0.8140063025057316,0,0.4381554895080626,9,9,3,0,3.6068997979164124,3.350636215880513
ENG-Premier League,1415,Burnley,Kevin Long,1,2014,92,1747,S,1,20,0,0.0,0,0.0,0,0.0,0,0,0,0,0.0,0.0
ENG-Premier League,1415,Burnley,Kieran Trippier,1,2014,92,652,D,38,3418,0,0.45914940163493156,0,0.45914940163493156,4,6.785813374444842,11,64,2,0,8.654061721637845,5.9014529306441545
ENG-Premier League,1415,Burnley,Lukas Jutkiewicz,1,2014,92,1664,F M S,25,964,0,2.712885083630681,0,2.712885083630681,2,2.159586887806654,36,13,1,0,5.238463964313269,0.4036131910979748
ENG-Premier League,1415,Burnley,Marvin Sordell,1,2014,92,4472,F S,14,271,0,0.15811160393059254,0,0.15811160393059254,0,0.13104850053787231,3,2,2,0,0.2891599014401436,0.0
ENG-Premier League,1415,Burnley,Matthew Taylor,1,2014,92,4464,M S,10,576,0,1.9399820901453495,0,1.178813073784113,1,0.9087487012147903,9,8,0,0,2.720070958137512,1.5080894082784653
ENG-Premier League,1415,Burnley,Michael Duff,1,2014,92,4426,D,21,1812,0,0.11047709733247757,0,0.11047709733247757,0,0.7724526710808277,2,4,4,1,1.8002619706094265,1.7725529707968235
ENG-Premier League,1415,Burnley,Michael Keane,1,2014,92,1653,D S,22,1632,0,1.3335245307534933,0,1.3335245307534933,1,0.2113738004118204,12,6,1,0,1.2806256990879774,1.0469559002667665
ENG-Premier League,1415,Burnley,Michael Kightly,1,2014,92,1668,M S,17,959,1,1.5443958789110184,1,1.5443958789110184,2,1.1303878743201494,14,9,3,0,3.126599995419383,0.6678652856498957
ENG-Premier League,1415,Burnley,Nathaniel Chalobah,1,2014,92,1677,S,4,59,0,0.016966799274086952,0,0.016966799274086952,0,0.0,1,0,1,0,0.7547210976481438,0.7377540990710258
ENG-Premier League,1415,Burnley,Ross Wallace,1,2014,92,4425,M S,15,206,1,0.5588855035603046,1,0.5588855035603046,0,1.2872743792831898,10,9,2,0,1.1995934806764126,0.6059152074158192
ENG-Premier League,1415,Burnley,Sam Vokes,1,2014,92,1661,F S,15,557,0,1.4532243087887764,0,1.4532243087887764,0,0.15245828218758106,17,5,0,0,1.571888916194439,0.512553583830595
ENG-Premier League,1415,Burnley,Scott Arfield,1,2014,92,1659,M S,37,3210,2,3.165451562963426,2,2.4042825317010283,1,2.0567901832982898,44,28,6,0,8.505874078720808,5.22395558655262
ENG-Premier League,1415,Burnley,Stephen Ward,1,2014,92,1655,D M S,9,623,0,0.02184930071234703,0,0.02184930071234703,0,0.2681835778057575,1,7,3,0,1.4511311501264572,1.30172997713089
ENG-Premier League,1415,Burnley,Steven Reid,1,2014,92,4423,M S,7,108,0,0.0,0,0.0,0,0.0,0,0,1,0,0.10044799745082855,0.10044799745082855
ENG-Premier League,1415,Burnley,Tom Heaton,1,2014,92,1651,GK,38,3420,0,0.0,0,0.0,0,0.07019650004804134,0,2,1,0,1.310417240485549,1.2402207404375076
ENG-Premier League,1415,Chelsea,Andreas Christensen,1,2014,80,200,S,1,9,0,0.0,0,0.0,0,0.0,0,0,0,0,0.016525400802493095,0.016525400802493095
ENG-Premier League,1415,Chelsea,André Schürrle,1,2014,80,154,M S,14,428,3,3.2491424027830362,3,3.2491424027830362,0,0.5976689020171762,21,6,2,0,4.820195187814534,1.4035241901874542
ENG-Premier League,1415,Chelsea,Branislav Ivanovic,1,2014,80,682,D,38,3420,4,4.3701117252931,4,4.3701117252931,5,5.315748207271099,44,35,10,1,17.02221167460084,11.982979789376259
ENG-Premier League,1415,Chelsea,Cesc Fàbregas,1,2014,80,686,M S,34,2895,3,3.2493744967505336,3,3.2493744967505336,18,10.149339623749256,43,95,11,1,23.013181414455175,16.971006333827972
ENG-Premier League,1415,Chelsea,César Azpilicueta,1,2014,80,681,D,29,2483,0,0.25261920783668756,0,0.25261920783668756,3,1.3073479924350977,7,17,1,1,10.020225482061505,9.230914175510406
ENG-Premier League,1415,Chelsea,Didier Drogba,1,2014,80,4434,F S,28,831,4,2.7286731228232384,4,2.7286731228232384,1,1.5343704130500555,30,14,5,0,5.031838079914451,2.0117225106805563
ENG-Premier League,1415,Chelsea,Diego Costa,1,2014,80,802,F S,26,2111,20,15.21911308169365,19,14.457944065332413,3,4.554670616053045,76,41,8,0,21.365789726376534,5.27697273902595
ENG-Premier League,1415,Chelsea,Eden Hazard,1,2014,80,701,M,38,3389,14,12.01608707383275,11,8.971413988620043,9,11.238891988992691,78,100,2,0,31.84057104587555,19.47631709650159
ENG-Premier League,1415,Chelsea,Filipe Luis,1,2014,80,2265,D S,15,940,0,0.2597896968945861,0,0.2597896968945861,0,0.49444039911031723,5,10,1,0,4.816306881606579,4.59536337852478
ENG-Premier League,1415,Chelsea,Gary Cahill,1,2014,80,699,D S,36,2986,1,1.824857423081994,1,1.824857423081994,0,1.692150010727346,22,4,5,0,5.606336020864546,5.403009018860757
ENG-Premier League,1415,Chelsea,Isaiah Brown,1,2014,80,4481,S,1,8,0,0.0,0,0.0,0,0.0,0,0,0,0,0.0,0.0
ENG-Premier League,1415,Chelsea,John Obi Mikel,1,2014,80,685,M S,18,678,0,0.48619959875941277,0,0.48619959875941277,1,0.3263580119237304,3,2,1,0,3.171091739088297,2.8278507329523563
ENG-Premier League,1415,Chelsea,John Terry,1,2014,80,917,D,38,3420,5,5.216808937489986,5,5.216808937489986,0,0.3966271001845598,20,7,2,0,8.545584731735289,8.167884447611868
ENG-Premier League,1415,Chelsea,Juan Cuadrado,1,2014,80,1089,M S,12,302,0,1.7546650292351842,0,1.7546650292351842,0,0.29130399972200394,8,6,2,0,2.955713629722595,1.0333532746881247
ENG-Premier League,1415,Chelsea,Kurt Zouma,1,2014,80,935,D M S,15,633,0,0.02082500047981739,0,0.02082500047981739,0,0.03005490079522133,1,1,0,0,0.8308880049735308,0.780008003115654
ENG-Premier League,1415,Chelsea,Loïc Remy,1,2014,80,690,F M S,21,839,7,4.655210020020604,7,4.655210020020604,0,0.6052642147988081,37,6,0,0,5.653263472020626,1.6453867815434933
ENG-Premier League,1415,Chelsea,Mohamed Salah,1,2014,80,1250,S,3,23,0,0.5023026093840599,0,0.5023026093840599,0,0.02637450024485588,2,1,0,0,0.5454845950007439,0.016807500272989273
ENG-Premier League,1415,Chelsea,Nathan Aké,1,2014,80,579,S,1,14,0,0.0,0,0.0,0,0.0,0,0,0,0,0.07231400161981583,0.07231400161981583
ENG-Premier League,1415,Chelsea,Nemanja Matic,1,2014,80,697,M S,36,3124,1,2.7987089725211263,1,2.7987089725211263,3,2.3804205218330026,29,24,10,1,14.202532468363643,12.930089427158237
ENG-Premier League,1415,Chelsea,Oscar,1,2014,80,692,F M S,28,2072,6,6.540385385975242,6,6.540385385975242,8,5.2243422120809555,72,37,5,0,15.803944010287523,7.1499633844941854
ENG-Premier League,1415,Chelsea,Petr Cech,1,2014,80,491,GK S,7,607,0,0.0,0,0.0,0,0.0,0,0,0,0,0.7863960172981024,0.7863960172981024
ENG-Premier League,1415,Chelsea,Ramires,1,2014,80,936,M S,23,1089,2,1.8734565190970898,2,1.8734565190970898,4,2.0800595618784428,17,10,4,0,7.3506391905248165,3.9573690686374903
ENG-Premier League,1415,Chelsea,Ruben Loftus-Cheek,1,2014,80,688,M S,3,139,0,0.017071999609470367,0,0.017071999609470367,0,0.07907039672136307,1,1,0,0,0.16136999428272247,0.1442980021238327
ENG-Premier League,1415,Chelsea,Thibaut Courtois,1,2014,80,680,GK,32,2813,0,0.0,0,0.0,0,0.21537960320711136,0,3,1,0,1.737821089103818,1.5224414858967066
ENG-Premier League,1415,Chelsea,Willian,1,2014,80,700,M S,36,2439,2,4.227030659094453,2,4.227030659094453,3,5.783547852188349,55,49,3,0,17.246698135510087,9.933883149176836
ENG-Premier League,1415,Crystal Palace,Adlène Guédioura,1,2014,78,583,S,7,111,0,0.35966080240905285,0,0.35966080240905285,0,0.21664999425411224,5,1,1,0,1.2446489930152893,0.727945514023304
ENG-Premier League,1415,Crystal Palace,Adrian Mariappa,1,2014,78,524,D S,12,838,0,0.0,0,0.0,0,0.06439589988440275,0,3,3,0,0.908168213441968,0.8679077122360468
ENG-Premier League,1415,Crystal Palace,Barry Bannan,1,2014,78,4488,M S,7,137,0,0.03436539974063635,0,0.03436539974063635,0,0.14980969950556755,2,3,1,0,0.14121050015091896,0.12075209990143776
ENG-Premier League,1415,Crystal Palace,Brede Hangeland,1,2014,78,933,D S,14,1175,2,0.9855322930961847,2,0.9855322930961847,1,0.5508842170238495,4,4,2,0,0.9159359000623226,0.8688829056918621
ENG-Premier League,1415,Crystal Palace,Damien Delaney,1,2014,78,511,D S,29,2430,0,0.7433970961719751,0,0.7433970961719751,0,0.7396336989477277,13,8,6,1,2.1144097167998552,1.757927181199193
ENG-Premier League,1415,Crystal Palace,Dwight Gayle,1,2014,78,743,F M S,25,1069,5,5.163300700485706,4,4.402129657566547,1,0.7665089014917612,30,16,1,0,3.3746648989617825,0.8092566914856434
ENG-Premier League,1415,Crystal Palace,Ezekiel Fryers,1,2014,78,1671,S,1,1,0,0.0,0,0.0,0,0.0,0,0,0,0,0.0,0.0
ENG-Premier League,1415,Crystal Palace,Fraizer Campbell,1,2014,78,634,F M S,20,1187,4,4.221141066402197,4,4.221141066402197,0,0.46638406813144684,25,8,5,0,3.9519820688292384,0.7666481966152787
ENG-Premier League,1415,Crystal Palace,Glenn Murray,1,2014,78,882,F S,17,859,7,9.534023240208626,6,8.011716201901436,3,1.5268471762537956,38,7,3,1,5.485772617161274,0.8191252984106541
ENG-Premier League,1415,Crystal Palace,James McArthur,1,2014,78,633,M S,32,2623,2,2.0698619969189167,2,2.0698619969189167,0,1.7737967111170292,33,28,6,0,6.689043913036585,3.5890232855454087
ENG-Premier League,1415,Crystal Palace,Jason Puncheon,1,2014,78,514,F M S,37,2823,6,2.794277905486524,6,2.794277905486524,7,5.305931127630174,65,65,7,1,8.85564645100385,4.6230769054964185
ENG-Premier League,1415,Crystal Palace,Jerome Thomas,1,2014,78,4487,S,1,5,0,0.0,0,0.0,0,0.0,0,0,0,0,0.0,0.0
ENG-Premier League,1415,Crystal Palace,Joe Ledley,1,2014,78,517,D M S,32,2581,2,1.6935906121507287,2,1.6935906121507287,0,1.5012018904089928,13,21,0,0,3.830857226625085,2.5305068511515856
ENG-Premier League,1415,Crystal Palace,Joel Ward,1,2014,78,510,D M,37,3330,1,0.3118089553900063,1,0.3118089553900063,0,0.8839997025206685,12,22,4,0,2.6755148847587407,2.126584256067872
ENG-Premier League,1415,Crystal Palace,Jonathan Williams,1,2014,78,1060,S,2,28,0,0.12057210132479668,0,0.12057210132479668,0,0.38520100712776184,2,2,0,0,0.5057739913463593,0.38520100712776184
ENG-Premier League,1415,Crystal Palace,Jordon Mutch,1,2014,78,632,M S,16,850,0,0.9368359828367829,0,0.9368359828367829,1,0.8450062051415443,14,10,5,0,1.8782808128744364,0.962717343121767
ENG-Premier League,1415,Crystal Palace,Julian Speroni,1,2014,78,523,GK,36,3207,0,0.0,0,0.0,0,0.0,0,0,1,0,2.2790353205055,2.2790353205055
ENG-Premier League,1415,Crystal Palace,Kevin Doyle,1,2014,78,4500,S,3,30,0,0.0,0,0.0,0,0.0,0,0,0,0,0.18780000507831573,0.18780000507831573
ENG-Premier League,1415,Crystal Palace,Lee Chung-yong,1,2014,78,526,M S,3,86,0,0.09530609846115112,0,0.09530609846115112,0,0.0,2,0,0,0,0.2059495933353901,0.15196869894862175
ENG-Premier League,1415,Crystal Palace,Marouane Chamakh,1,2014,78,905,F M S,18,1163,2,2.01311945496127,2,2.01311945496127,0,0.6836252976208925,11,18,4,0,2.579960484057665,1.0949432915076613
ENG-Premier League,1415,Crystal Palace,Martin Kelly,1,2014,78,525,D S,31,2503,0,0.1874168999493122,0,0.1874168999493122,1,0.8051103092730045,10,10,2,0,2.4445369206368923,1.7485505808144808
ENG-Premier League,1415,Crystal Palace,Mile Jedinak,1,2014,78,515,M,24,2092,5,3.9022558932192624,2,1.6187490834854543,3,0.9916814006865025,31,14,3,1,3.540135175921023,2.9935821192339063
ENG-Premier League,1415,Crystal Palace,Pape Souaré,1,2014,78,513,D S,9,603,0,0.04214503988623619,0,0.04214503988623619,0,1.7640714570879936,3,6,1,0,1.9684704467654228,1.3314210921525955
ENG-Premier League,1415,Crystal Palace,Scott Dann,1,2014,78,512,D,34,2926,2,1.2500941026955843,2,1.2500941026955843,3,3.085112163797021,19,13,6,0,3.4818167071789503,2.9505431074649096
ENG-Premier League,1415,Crystal Palace,Shola Ameobi,1,2014,78,4436,S,4,32,0,0.022843699902296066,0,0.022843699902296066,0,0.0,1,0,0,0,0.022843699902296066,0.022843699902296066
ENG-Premier League,1415,Crystal Palace,Stuart O'Keefe,1,2014,78,4531,M S,2,88,0,0.0,0,0.0,0,0.019946100190281868,0,1,0,0,0.019946100190281868,0.019946100190281868
ENG-Premier League,1415,Crystal Palace,Wayne Hennessey,1,2014,78,509,GK S,3,213,0,0.0,0,0.0,0,0.0,0,0,0,0,0.01407730020582676,0.01407730020582676
ENG-Premier League,1415,Crystal Palace,Wilfried Zaha,1,2014,78,522,F M S,31,1989,4,4.7616315223276615,4,4.7616315223276615,2,2.188598118722439,40,14,1,0,6.593071822077036,2.3008809750899673
ENG-Premier League,1415,Crystal Palace,Yannick Bolasie,1,2014,78,518,F M S,34,2788,4,4.837666932493448,4,4.837666932493448,6,5.125395653769374,69,46,3,0,11.888292540796101,3.093482803553343
ENG-Premier League,1415,Everton,Aaron Lennon,1,2014,72,593,F M S,23,1345,2,1.2197043020278215,2,1.2197043020278215,2,2.710264913737774,9,24,3,0,5.866383831948042,2.604275994002819
ENG-Premier League,1415,Everton,Aiden McGeady,1,2014,72,994,M S,16,903,1,0.9916217979043722,1,0.9916217979043722,2,2.220251088961959,22,17,1,0,3.7169938795268536,1.2618911657482386
ENG-Premier League,1415,Everton,Antolin Alcaraz,1,2014,72,2588,D S,8,516,0,0.12005819752812386,0,0.12005819752812386,0,0.0,2,0,1,1,1.5727776065468788,1.5727776065468788
ENG-Premier League,1415,Everton,Arouna Koné,1,2014,72,601,F S,12,611,1,1.1284510809928179,1,1.1284510809928179,1,0.7295571938157082,14,6,2,0,2.423886427655816,1.068481918424368
ENG-Premier League,1415,Everton,Brendan Galloway,1,2014,72,909,D,2,175,0,0.0,0,0.0,0,0.0945373997092247,0,2,1,0,0.13886309787631035,0.08104079961776733
ENG-Premier League,1415,Everton,Bryan Oviedo,1,2014,72,598,D S,6,306,0,0.05968699883669615,0,0.05968699883669615,0,0.536017395555973,3,3,3,0,0.11871130298823118,0.08170350268483162
ENG-Premier League,1415,Everton,Christian Atsu,1,2014,72,2344,F S,5,108,0,0.2264489009976387,0,0.2264489009976387,1,1.3633009791374207,4,5,0,0,2.257687985897064,1.2342770099639893
ENG-Premier League,1415,Everton,Darron Gibson,1,2014,72,921,M S,9,406,0,0.2926197061315179,0,0.2926197061315179,0,0.01934259943664074,10,2,0,0,1.506383428350091,1.223554015159607
ENG-Premier League,1415,Everton,Gareth Barry,1,2014,72,590,D M,33,2832,0,1.359760402701795,0,1.359760402701795,2,1.6736177988350391,16,16,10,1,7.333154417574406,6.384345341473818
ENG-Premier League,1415,Everton,James McCarthy,1,2014,72,589,M S,28,2416,2,1.406343501061201,2,1.406343501061201,1,1.040039410814643,19,16,7,0,8.40133503638208,6.607741830870509
ENG-Premier League,1415,Everton,Joel Robles,1,2014,72,584,GK S,7,575,0,0.0,0,0.0,0,0.0,0,0,1,0,0.3928008954972029,0.3928008954972029
ENG-Premier League,1415,Everton,John Stones,1,2014,72,586,D,23,2046,1,0.20415683276951313,1,0.20415683276951313,0,0.6552915908396244,7,4,1,0,3.3579246811568737,3.278604283928871
ENG-Premier League,1415,Everton,Kevin Mirallas,1,2014,72,595,F M S,29,1430,7,4.7185029946267605,7,3.957334976643324,1,1.5895474329590797,52,18,3,0,6.504366390407085,2.281448196619749
ENG-Premier League,1415,Everton,Leighton Baines,1,2014,72,588,D M,31,2775,2,2.973817222751677,0,0.690310106612742,9,6.3470416609197855,22,70,4,0,9.676740575581789,6.8342065047472715
ENG-Premier League,1415,Everton,Leon Osman,1,2014,72,891,M S,21,1262,2,2.717069311067462,2,2.717069311067462,2,1.5407472848892212,28,16,0,0,6.009389251470566,3.727863270789385
ENG-Premier League,1415,Everton,Luke Garbutt,1,2014,72,4437,D S,4,285,0,0.059140898287296295,0,0.059140898287296295,0,0.201261093840003,1,4,1,0,0.4716156870126724,0.3939608931541443
ENG-Premier League,1415,Everton,Muhamed Besic,1,2014,72,908,M S,23,1293,0,0.4019687967374921,0,0.4019687967374921,0,0.44973520934581757,18,8,8,0,2.2160519044846296,1.5080286115407944
ENG-Premier League,1415,Everton,Phil Jagielka,1,2014,72,587,D,37,3295,4,2.394630601629615,4,2.394630601629615,0,0.07067899964749813,15,2,1,0,7.11154530569911,7.0023003332316875
ENG-Premier League,1415,Everton,Romelu Lukaku,1,2014,72,594,F S,36,2880,10,12.430796798318624,8,10.908533286303282,5,2.350205228663981,105,37,1,0,15.743808025494218,5.078922200948
ENG-Premier League,1415,Everton,Ross Barkley,1,2014,72,592,F M S,29,1967,2,3.760159914381802,2,2.9989909129217267,2,2.5696881152689457,51,33,1,0,8.090891797095537,4.672089383006096
ENG-Premier League,1415,Everton,Samuel Eto'o,1,2014,72,3814,F M S,14,765,3,2.365505775436759,3,2.365505775436759,1,1.0087521178647876,28,11,1,0,4.095037302002311,2.0122713074088097
ENG-Premier League,1415,Everton,Seamus Coleman,1,2014,72,585,D M S,35,3062,3,2.010041296482086,3,2.010041296482086,2,2.727003906853497,19,34,5,0,8.555339315906167,5.938953053206205
ENG-Premier League,1415,Everton,Steven Naismith,1,2014,72,824,F M S,31,2051,6,3.9483574014157057,6,3.9483574014157057,0,1.9437068775296211,33,25,8,0,7.202266428619623,2.9530107602477074
ENG-Premier League,1415,Everton,Steven Pienaar,1,2014,72,924,M S,9,309,0,0.3001886047422886,0,0.3001886047422886,2,0.32966540195047855,5,5,1,0,0.934076689183712,0.5224290005862713
ENG-Premier League,1415,Everton,Sylvain Distin,1,2014,72,828,D S,13,1081,0,0.05637820065021515,0,0.05637820065021515,0,0.09756070002913475,1,3,0,0,2.0827347952872515,2.001878598704934
ENG-Premier League,1415,Everton,Tim Howard,1,2014,72,600,GK,32,2845,0,0.0,0,0.0,0,0.019439099356532097,0,1,3,0,2.098499508574605,2.079060496762395
ENG-Premier League,1415,Everton,Tony Hibbert,1,2014,72,1031,D,4,336,0,0.021160399541258812,0,0.021160399541258812,0,0.0,1,0,0,0,0.45147210732102394,0.4303121007978916
ENG-Premier League,1415,Everton,Tyias Browning,1,2014,72,977,S,2,24,0,0.0,0,0.0,0,0.03256919980049133,0,1,0,0,0.06536709889769554,0.03279789909720421
ENG-Premier League,1415,Hull,Abel Hernández,1,2014,91,1698,F S,25,1307,4,5.410241030156612,3,4.649109028279781,1,0.8517511058598757,52,9,2,0,4.144817190244794,0.8264666078612208
ENG-Premier League,1415,Hull,Ahmed Elmohamady,1,2014,91,1685,D M,38,3420,2,1.9130437867715955,2,1.9130437867715955,5,4.916644488461316,16,64,4,0,9.79304325580597,4.9347074665129185
ENG-Premier League,1415,Hull,Alex Bruce,1,2014,91,4411,D S,22,1457,0,0.06205720081925392,0,0.06205720081925392,1,0.613985002040863,1,1,3,0,2.0959256142377853,2.0959256142377853
ENG-Premier League,1415,Hull,Allan McGregor,1,2014,91,4409,GK,26,2340,0,0.0,0,0.0,0,0.0,0,0,0,0,0.9759450107812881,0.9759450107812881
ENG-Premier League,1415,Hull,Andrew Robertson,1,2014,91,1688,D M S,24,1528,0,0.3441384984180331,0,0.3441384984180331,2,1.067261392250657,10,17,7,0,2.7249733954668045,1.3787031983956695
ENG-Premier League,1415,Hull,Curtis Davies,1,2014,91,1686,D,21,1823,0,1.4156257174909115,0,1.4156257174909115,0,0.1381611004471779,12,2,2,0,1.88539763353765,1.3858982156962156
ENG-Premier League,1415,Hull,Dame N'Doye,1,2014,91,731,F S,15,1195,5,5.468191267922521,5,5.468191267922521,1,1.0798923633992672,42,12,3,0,6.649709481745958,1.1523764915764332
ENG-Premier League,1415,Hull,David Meyler,1,2014,91,1693,M S,28,1728,1,0.9084794074296951,1,0.9084794074296951,1,0.9659282024949789,14,14,7,1,4.286246130242944,2.9352612802758813
ENG-Premier League,1415,Hull,Eldin Jakupovic,1,2014,91,1697,GK S,3,228,0,0.0,0,0.0,0,0.0,0,0,0,0,0.14961989596486092,0.14961989596486092
ENG-Premier League,1415,Hull,Gastón Ramírez,1,2014,91,952,F M S,23,997,1,1.0204174099490047,1,1.0204174099490047,2,1.636369095183909,17,23,1,1,3.1575863184407353,1.941877719014883
ENG-Premier League,1415,Hull,Harry Maguire,1,2014,91,1687,S,3,83,0,0.0,0,0.0,0,0.0,0,0,1,0,0.0,0.0
ENG-Premier League,1415,Hull,Hatem Ben Arfa,1,2014,91,3638,F M S,8,383,0,0.4892523065209389,0,0.4892523065209389,0,0.4060616958886385,3,8,1,0,1.0173339694738388,0.3772128038108349
ENG-Premier League,1415,Hull,Jake Livermore,1,2014,91,1689,D M,35,3041,1,1.2238705987110734,1,1.2238705987110734,1,0.993219256401062,34,27,10,0,5.719377714209259,4.0348909217864275
ENG-Premier League,1415,Hull,James Chester,1,2014,91,819,D,23,1878,2,0.6936227893456817,2,0.6936227893456817,0,0.19877400062978268,9,5,5,1,2.350152777507901,2.1908219680190086
ENG-Premier League,1415,Hull,Liam Rosenior,1,2014,91,4462,D S,13,568,0,0.06972681917250156,0,0.06972681917250156,1,0.8106440007686615,4,3,0,0,1.292232820764184,0.5257345894351602
ENG-Premier League,1415,Hull,Maynor Figueroa,1,2014,91,4412,D S,3,213,0,0.023221099749207497,0,0.023221099749207497,0,0.04142649844288826,2,2,0,0,0.11886359751224518,0.07833489775657654
ENG-Premier League,1415,Hull,Michael Dawson,1,2014,91,1744,D,28,2436,1,0.8768640607595444,1,0.8768640607595444,0,0.31183229573071003,15,6,7,0,3.0351868914440274,2.965152781456709
ENG-Premier League,1415,Hull,Mohamed Diamé,1,2014,91,4471,M S,15,937,4,1.209077998995781,4,1.209077998995781,0,0.1744060032069683,17,3,2,0,2.138137888163328,0.901088297367096
ENG-Premier League,1415,Hull,Nikica Jelavic,1,2014,91,940,F S,26,1815,8,4.894789764657617,8,4.894789764657617,1,0.8632267005741596,57,17,3,0,5.708561671897769,1.086764007806778
ENG-Premier League,1415,Hull,Paul McShane,1,2014,91,4410,D S,20,1694,1,1.1034177732653916,1,1.1034177732653916,0,0.05423950031399727,11,2,2,0,1.3460318967700005,1.1771168932318687
ENG-Premier League,1415,Hull,Robbie Brady,1,2014,91,789,D M S,27,1750,0,1.1762968199327588,0,1.1762968199327588,2,4.28132613375783,23,35,2,0,5.154144831001759,1.8241602927446365
ENG-Premier League,1415,Hull,Robert Snodgrass,1,2014,91,1691,M,1,39,0,0.0,0,0.0,0,0.0,0,0,0,0,0.02248240076005459,0.02248240076005459
ENG-Premier League,1415,Hull,Sone Aluko,1,2014,91,4414,F S,25,1245,1,1.7469464130699635,1,1.7469464130699635,0,1.0573998969048262,31,13,2,0,3.725198703818023,1.602932701818645
ENG-Premier League,1415,Hull,Stephen Quinn,1,2014,91,4413,M S,28,1641,1,1.2624665331095457,1,1.2624665331095457,3,2.144218698143959,16,22,3,1,4.965919014066458,2.5109929889440536
ENG-Premier League,1415,Hull,Steve Harper,1,2014,91,4415,GK,10,852,0,0.0,0,0.0,0,0.0,0,0,0,0,0.0,0.0
ENG-Premier League,1415,Hull,Tom Huddlestone,1,2014,91,1695,M S,31,2552,0,0.9374580001458526,0,0.9374580001458526,2,1.1501444019377232,38,24,6,2,6.04863590747118,5.365605456754565
ENG-Premier League,1415,Hull,Tom Ince,1,2014,91,4454,F M S,7,302,0,0.803355410695076,0,0.803355410695076,0,0.04229079931974411,7,2,0,0,0.9460436310619116,0.16142219863831997
ENG-Premier League,1415,Hull,Yannick Sagbo,1,2014,91,4443,S,4,45,0,0.0,0,0.0,0,0.0648915022611618,0,1,0,0,0.12167969904839993,0.12167969904839993
ENG-Premier League,1415,Leicester,Andrej Kramaric,1,2014,75,956,F S,13,569,2,2.0635642036795616,2,2.0635642036795616,0,0.6953189820051193,23,6,0,0,2.527540097013116,0.4108103085309267
ENG-Premier League,1415,Leicester,Andy King,1,2014,75,784,M S,24,1366,2,2.062913218513131,2,2.062913218513131,0,0.12908219825476408,14,5,1,0,4.114323317073286,2.8485571844503284
ENG-Premier League,1415,Leicester,Anthony Knockaert,1,2014,75,4497,M S,9,324,0,0.8844657093286514,0,0.8844657093286514,0,0.16690009832382202,8,2,0,0,1.109160490334034,0.2769537977874279
ENG-Premier League,1415,Leicester,Ben Hamer,1,2014,75,1759,GK,8,720,0,0.0,0,0.0,0,0.0,0,0,0,0,0.3751891031861305,0.3751891031861305
ENG-Premier League,1415,Leicester,Chris Wood,1,2014,75,4456,S,7,91,1,0.7212272863835096,1,0.7212272863835096,0,0.0,5,0,0,0,0.7489751856774092,0.0816706009209156
ENG-Premier League,1415,Leicester,Daniel Drinkwater,1,2014,75,752,M S,23,1476,0,0.534087891690433,0,0.534087891690433,0,0.7189151574857533,15,9,1,0,3.895763428416103,3.2558154836297035
ENG-Premier League,1415,Leicester,Danny Simpson,1,2014,75,746,D S,15,1257,0,0.04405909962952137,0,0.04405909962952137,0,0.4694612883031368,2,5,4,0,0.965894091874361,0.8676732927560806
ENG-Premier League,1415,Leicester,David Nugent,1,2014,75,1753,F M S,29,1685,5,6.2299362532794476,4,4.7075988464057446,2,1.8909171959385276,41,21,3,0,7.812487644143403,2.3363884771242738
ENG-Premier League,1415,Leicester,Dean Hammond,1,2014,75,1086,M S,12,783,0,0.1787749994546175,0,0.1787749994546175,0,0.14358849823474884,6,4,3,0,1.229933386668563,1.1204457804560661
ENG-Premier League,1415,Leicester,Esteban Cambiasso,1,2014,75,4440,M S,31,2432,5,2.4800842721015215,5,2.4800842721015215,1,1.9381373124197125,29,37,1,0,7.089135206304491,4.195096540264785
ENG-Premier League,1415,Leicester,Gary Taylor-Fletcher,1,2014,75,4532,S,1,16,0,0.0,0,0.0,0,0.0,0,0,0,0,0.0,0.0
ENG-Premier League,1415,Leicester,Jamie Vardy,1,2014,75,755,F M S,34,2261,5,7.851607173681259,5,7.851607173681259,8,5.182644807733595,48,35,5,0,14.468459283001721,2.142568165436387
ENG-Premier League,1415,Leicester,Jeffrey Schlupp,1,2014,75,757,D M S,32,2557,3,2.2991078859195113,3,2.2991078859195113,2,1.545492778532207,40,23,4,0,7.155158307403326,3.824513129889965
ENG-Premier League,1415,Leicester,Kasper Schmeichel,1,2014,75,745,GK,24,2160,0,0.0,0,0.0,0,0.07502740062773228,0,2,0,0,0.9568508761003613,0.942747880704701
ENG-Premier League,1415,Leicester,Leonardo Ulloa,1,2014,75,756,F S,37,2434,11,8.923917897045612,9,7.401579953730106,3,3.7919961232692003,49,36,3,0,9.963016589172184,2.5093697709962726
ENG-Premier League,1415,Leicester,Liam Moore,1,2014,75,4495,D S,11,934,0,0.7805151119828224,0,0.7805151119828224,0,0.011337400414049625,4,1,4,0,1.1104077147319913,0.45940131321549416
ENG-Premier League,1415,Leicester,Marc Albrighton,1,2014,75,753,D M S,18,1011,2,1.3866986893117428,2,1.3866986893117428,3,3.8937382074072957,14,31,3,0,6.103297988884151,3.256588274613023
ENG-Premier League,1415,Leicester,Marcin Wasilewski,1,2014,75,760,D S,25,1985,1,1.421762079000473,1,1.421762079000473,1,0.8871919047087431,12,6,6,0,2.425548592582345,1.9854063969105482
ENG-Premier League,1415,Leicester,Mark Schwarzer,1,2014,75,758,GK,6,540,0,0.0,0,0.0,0,0.0,0,0,0,0,0.010604600422084332,0.010604600422084332
ENG-Premier League,1415,Leicester,Matt Upson,1,2014,75,4438,D,5,382,0,0.05968889966607094,0,0.05968889966607094,0,0.028860200196504593,2,1,0,0,0.3863255027681589,0.3863255027681589
ENG-Premier League,1415,Leicester,Matthew James,1,2014,75,4441,M S,27,1884,0,1.7331535071134567,0,1.7331535071134567,1,2.196557796560228,27,37,2,1,5.696065437048674,3.5342563427984715
ENG-Premier League,1415,Leicester,Nick Powell,1,2014,75,1072,S,3,36,0,0.051329761277884245,0,0.051329761277884245,0,0.0,2,0,0,0,0.051329761277884245,0.0
ENG-Premier League,1415,Leicester,Paul Konchesky,1,2014,75,4439,D,26,2264,1,0.19415529817342758,1,0.19415529817342758,1,0.5643991846591234,5,8,3,2,2.5158847151324153,1.8457677057012916
ENG-Premier League,1415,Leicester,Ritchie de Laet,1,2014,75,955,D S,26,1881,0,0.04612219985574484,0,0.04612219985574484,1,1.1547532957047224,4,12,3,0,3.58292705565691,2.8420774210244417
ENG-Premier League,1415,Leicester,Riyad Mahrez,1,2014,75,750,M S,30,2091,4,4.9231941951438785,4,4.9231941951438785,3,6.0565097238868475,63,44,0,0,11.14942330494523,3.29692639131099
ENG-Premier League,1415,Leicester,Robert Huth,1,2014,75,747,D S,15,1186,1,1.1736510153859854,1,1.1736510153859854,0,0.0,16,0,2,0,0.9506201222538948,0.8520779274404049
ENG-Premier League,1415,Leicester,Tom Lawrence,1,2014,75,4461,S,3,47,0,0.2336082048714161,0,0.2336082048714161,0,0.0,3,0,0,0,0.2336082048714161,0.0
ENG-Premier League,1415,Leicester,Wes Morgan,1,2014,75,748,D,37,3293,2,2.2818113109096885,2,2.2818113109096885,2,0.9166025705635548,25,6,1,1,2.868493176996708,2.129898101091385
ENG-Premier League,1415,Liverpool,Adam Lallana,1,2014,87,486,F M S,27,1802,5,4.7683718875050545,5,4.7683718875050545,3,3.141798905096948,38,33,4,0,10.234401127323508,4.900887640193105
ENG-Premier League,1415,Liverpool,Alberto Moreno,1,2014,87,608,D M S,28,2273,2,1.9355693021789193,2,1.9355693021789193,0,1.6584648666903377,18,34,6,0,6.778580931946635,3.963448455557227
ENG-Premier League,1415,Liverpool,Brad Jones,1,2014,87,4460,GK,3,195,0,0.0,0,0.0,0,0.0,0,0,0,0,0.07424709759652615,0.07424709759652615
ENG-Premier League,1415,Liverpool,Daniel Sturridge,1,2014,87,483,F S,12,747,4,4.518865872174501,4,4.518865872174501,1,1.5182954035699368,39,11,0,0,7.007462449371815,1.7853876780718565
ENG-Premier League,1415,Liverpool,Dejan Lovren,1,2014,87,602,D S,26,2032,0,0.8934371117502451,0,0.8934371117502451,0,0.07186233997344971,18,2,4,0,4.946633271872997,4.789024580270052
ENG-Premier League,1415,Liverpool,Emre Can,1,2014,87,604,D M S,27,2068,1,0.4509779969230294,1,0.4509779969230294,0,1.2752419114112854,15,12,2,1,6.675915222615004,5.865422680974007
ENG-Premier League,1415,Liverpool,Fabio Borini,1,2014,87,737,F S,12,389,1,1.947100818157196,1,1.947100818157196,1,0.9333350993692875,14,8,1,1,2.3626261055469513,0.16385349724441767
ENG-Premier League,1415,Liverpool,Glen Johnson,1,2014,87,944,D S,19,1324,1,1.052791421301663,1,1.052791421301663,0,0.3069631978869438,8,5,2,0,3.6360163018107414,2.4204191733151674
ENG-Premier League,1415,Liverpool,Javier Manquillo,1,2014,87,1719,D M,10,765,0,0.07920830138027668,0,0.07920830138027668,0,0.07267220318317413,2,1,3,0,2.169579342007637,2.0903713554143906
ENG-Premier League,1415,Liverpool,Jerome Sinclair,1,2014,87,972,S,2,22,0,0.0,0,0.0,0,0.05215829983353615,0,1,0,0,0.05215829983353615,0.0
ENG-Premier League,1415,Liverpool,Joe Allen,1,2014,87,480,M S,21,1477,1,0.7004709076136351,1,0.7004709076136351,0,0.5434271022677422,12,15,3,0,3.109191870316863,2.211215579882264
ENG-Premier League,1415,Liverpool,Jordan Henderson,1,2014,87,605,M S,37,3253,6,4.29442591406405,5,3.533257396891713,9,6.793559268116951,50,67,6,0,16.3108734767884,8.795098267495632
ENG-Premier League,1415,Liverpool,Jordon Ibe,1,2014,87,481,F M S,12,616,0,0.5851631872355938,0,0.5851631872355938,0,0.3594918064773083,10,6,0,0,2.3427453879266977,1.7213451024144888
ENG-Premier League,1415,Liverpool,José Enrique,1,2014,87,4492,D S,4,201,0,0.0123947998508811,0,0.0123947998508811,0,0.06088370084762573,1,2,0,0,0.8027419969439507,0.763011984527111
ENG-Premier League,1415,Liverpool,Kolo Touré,1,2014,87,476,D S,12,708,0,0.01947999931871891,0,0.01947999931871891,0,0.1440020054578781,1,1,0,0,0.8870615046471357,0.8870615046471357
ENG-Premier League,1415,Liverpool,Lazar Markovic,1,2014,87,4406,M S,19,932,2,1.880378445610404,2,1.880378445610404,1,1.4619445130228996,16,20,0,0,5.297793449833989,2.2078895308077335
ENG-Premier League,1415,Liverpool,Lucas Leiva,1,2014,87,475,M S,20,1321,0,0.5969759095460176,0,0.5969759095460176,0,0.4187125973403454,11,8,4,0,5.052655240520835,4.298969464376569
ENG-Premier League,1415,Liverpool,Mamadou Sakho,1,2014,87,485,D S,16,1419,0,0.11168909631669521,0,0.11168909631669521,0,0.11591980047523975,2,5,1,0,4.2312883622944355,4.14598648622632
ENG-Premier League,1415,Liverpool,Mario Balotelli,1,2014,87,1817,F S,16,936,1,5.241074638441205,1,5.241074638441205,0,0.43037499859929085,56,9,5,0,5.4852441139519215,0.637516425922513
ENG-Premier League,1415,Liverpool,Martin Skrtel,1,2014,87,607,D,33,2970,1,0.9992613941431046,1,0.9992613941431046,0,0.4422789104282856,19,5,8,0,6.885371437296271,6.7324364092200994
ENG-Premier League,1415,Liverpool,Philippe Coutinho,1,2014,87,488,F M S,35,2810,5,4.376542285084724,5,4.376542285084724,5,5.527066104114056,103,59,3,0,13.680520413443446,7.004487870261073
ENG-Premier League,1415,Liverpool,Raheem Sterling,1,2014,87,618,D F M S,35,3059,7,8.785912945866585,7,8.785912945866585,7,6.036621885374188,84,75,5,0,18.19586331397295,5.50166972912848
ENG-Premier League,1415,Liverpool,Rickie Lambert,1,2014,87,816,F S,25,798,2,1.8370392173528671,2,1.8370392173528671,2,0.8429333930835128,19,11,2,0,4.115938443690538,1.7272390127182007
ENG-Premier League,1415,Liverpool,Simon Mignolet,1,2014,87,487,GK S,36,3225,0,0.0,0,0.0,0,0.02310279943048954,0,1,0,0,3.2512591928243637,3.2281562946736813
ENG-Premier League,1415,Liverpool,Steven Gerrard,1,2014,87,4408,F M S,28,2239,9,7.108821363188326,5,3.3029708499088883,1,3.20907860994339,54,52,7,0,8.181374944746494,5.586607133969665
ENG-Premier League,1415,Manchester City,Aleksandar Kolarov,1,2014,88,621,D S,21,1483,2,1.0622944999486208,2,1.0622944999486208,3,1.7350498177111149,27,23,4,0,6.37588469684124,5.423418182879686
ENG-Premier League,1415,Manchester City,Bacary Sagna,1,2014,88,625,D S,9,736,0,0.020587900653481483,0,0.020587900653481483,0,0.7601554878056049,1,9,1,0,3.730943735688925,3.335897769778967
ENG-Premier League,1415,Manchester City,David Silva,1,2014,88,617,M,32,2682,12,9.096988203004003,12,9.096988203004003,7,10.388411475345492,66,92,8,0,29.14426800608635,16.633574136532843
ENG-Premier League,1415,Manchester City,Dedryck Boyata,1,2014,88,4468,D S,2,91,0,0.0,0,0.0,0,0.0,0,0,1,0,0.23568500578403473,0.23568500578403473
ENG-Premier League,1415,Manchester City,Edin Dzeko,1,2014,88,1253,F S,22,928,4,3.9745049700140953,4,3.9745049700140953,2,1.3088596984744072,43,11,1,0,6.803931999951601,2.6693635024130344
ENG-Premier League,1415,Manchester City,Eliaquim Mangala,1,2014,88,626,D S,25,2188,0,0.8735053883865476,0,0.8735053883865476,2,1.0379029847681522,14,5,3,1,7.1373283341526985,7.0293374340981245
ENG-Premier League,1415,Manchester City,Fernandinho,1,2014,88,614,M S,33,2283,3,2.406892266124487,3,2.406892266124487,3,2.6950497990474105,24,30,7,0,13.146947138011456,9.671797774732113
ENG-Premier League,1415,Manchester City,Fernando,1,2014,88,615,M S,25,1886,2,1.6811583247035742,2,1.6811583247035742,2,1.577612780034542,10,13,6,0,11.181313641369343,9.973447944968939
ENG-Premier League,1415,Manchester City,Frank Lampard,1,2014,88,4418,M S,32,958,6,4.004464207217097,6,4.004464207217097,1,0.9529220964759588,32,15,1,0,11.0393304284662,7.2932740692049265
ENG-Premier League,1415,Manchester City,Gaël Clichy,1,2014,88,613,D,23,2060,1,1.0792678203433752,1,1.0792678203433752,3,2.3040307015180588,8,26,1,0,10.75069685652852,8.595539764501154
ENG-Premier League,1415,Manchester City,James Milner,1,2014,88,489,F M S,32,1732,5,5.722099112346768,5,5.722099112346768,7,4.971145084127784,39,52,6,0,15.702085828408599,8.751345762982965
ENG-Premier League,1415,Manchester City,Jesús Navas,1,2014,88,616,M S,35,2237,0,3.6824576891958714,0,3.6824576891958714,8,8.588478625752032,45,80,3,0,20.13798002526164,11.621539701707661
ENG-Premier League,1415,Manchester City,Joe Hart,1,2014,88,609,GK,36,3240,0,0.0,0,0.0,0,0.0,0,0,1,0,4.489314075559378,4.489314075559378
ENG-Premier League,1415,Manchester City,José Pozo,1,2014,88,4485,F S,3,141,0,0.5196045003831387,0,0.5196045003831387,0,0.18190999329090118,3,2,0,0,0.6281039863824844,0.030911600217223167
ENG-Premier League,1415,Manchester City,Martín Demichelis,1,2014,88,623,D S,31,2554,1,0.38149650022387505,1,0.38149650022387505,0,0.26282710395753384,8,5,6,0,10.527683798223734,10.460409764200449
ENG-Premier League,1415,Manchester City,Pablo Zabaleta,1,2014,88,610,D,29,2590,1,1.3584490865468979,1,1.3584490865468979,4,3.7550920881330967,12,26,6,1,16.997090798802674,14.821173903532326
ENG-Premier League,1415,Manchester City,Samir Nasri,1,2014,88,877,M S,24,1596,2,2.478832798078656,2,2.478832798078656,6,4.465053537860513,34,52,5,0,12.835811033844948,8.548643369227648
ENG-Premier League,1415,Manchester City,Sergio Agüero,1,2014,88,619,F S,33,2551,26,25.270175583660603,21,20.703194603323936,8,5.568926602602005,148,33,4,0,27.805153466761112,6.87816970795393
ENG-Premier League,1415,Manchester City,Stevan Jovetic,1,2014,88,1524,F M S,17,791,5,3.329762941226363,5,3.329762941226363,3,1.8126017600297928,38,15,0,0,6.67377707362175,3.645845824852586
ENG-Premier League,1415,Manchester City,Vincent Kompany,1,2014,88,612,D S,25,2035,0,0.32860000617802143,0,0.32860000617802143,0,0.8567279204726219,6,4,7,0,8.872338181361556,8.623441951349378
ENG-Premier League,1415,Manchester City,Wilfried Bony,1,2014,88,622,F S,30,1604,11,10.454738814383745,10,9.69357032328844,3,3.508293155580759,89,26,3,1,14.252219166606665,4.4124255664646626
ENG-Premier League,1415,Manchester City,Willy Caballero,1,2014,88,624,GK,2,180,0,0.0,0,0.0,0,0.0,0,0,0,0,0.20175950229167938,0.20175950229167938
ENG-Premier League,1415,Manchester City,Yaya Touré,1,2014,88,878,M S,29,2358,10,7.109346902929246,8,5.5870088106021285,1,3.2435795087367296,89,33,5,0,26.024341113865376,20.903273252770305
ENG-Premier League,1415,Manchester United,Adnan Januzaj,1,2014,89,323,M S,18,841,0,1.3452877216041088,0,1.3452877216041088,0,1.4884035335853696,25,16,0,0,4.198708147741854,2.252108808606863
ENG-Premier League,1415,Manchester United,Ander Herrera,1,2014,89,552,M S,26,1877,6,2.0372255984693766,6,2.0372255984693766,4,2.11998759675771,37,26,6,0,11.650219334289432,8.672010101377964
ENG-Premier League,1415,Manchester United,Anderson,1,2014,89,4525,S,1,19,0,0.0,0,0.0,0,0.08813399821519852,0,1,0,0,0.0,0.0
ENG-Premier League,1415,Manchester United,Andreas Pereira,1,2014,89,922,S,1,12,0,0.0,0,0.0,0,0.0,0,0,0,0,0.0,0.0
ENG-Premier League,1415,Manchester United,Antonio Valencia,1,2014,89,627,D M S,32,2588,0,0.22489969991147518,0,0.22489969991147518,2,2.2106723207980394,6,26,4,0,10.771080181002617,9.070949345827103
ENG-Premier League,1415,Manchester United,Ashley Young,1,2014,89,631,D M S,26,2076,2,2.507619036361575,2,2.507619036361575,5,4.1162799606099725,29,34,5,0,7.867694087326527,3.8917702939361334
ENG-Premier League,1415,Manchester United,Chicharito,1,2014,89,191,F,1,49,0,0.0,0,0.0,0,0.015597599558532238,0,1,0,0,0.046568699181079865,0.046568699181079865
ENG-Premier League,1415,Manchester United,Chris Smalling,1,2014,89,628,D S,25,1881,4,1.8635455332696438,4,1.8635455332696438,0,0.39187060575932264,17,5,1,1,4.172038706950843,4.005904505960643
ENG-Premier League,1415,Manchester United,Daley Blind,1,2014,89,548,D M,25,2174,2,0.998192404396832,2,0.998192404396832,2,1.4453516565263271,28,17,4,0,9.220820680260658,7.474335089325905
ENG-Premier League,1415,Manchester United,Darren Fletcher,1,2014,89,809,M S,26,1711,1,0.4506696071475744,1,0.4506696071475744,0,0.8802698124200106,10,14,3,0,3.3025499042123556,2.9948402922600508
ENG-Premier League,1415,Manchester United,David de Gea,1,2014,89,546,GK,37,3315,0,0.0,0,0.0,0,0.0,0,0,0,0,3.7251816000789404,3.7251816000789404
ENG-Premier League,1415,Manchester United,Falcao,1,2014,89,696,F S,26,1278,4,7.156317615881562,4,7.156317615881562,4,1.894074559211731,38,18,2,0,9.530356481671333,2.6327808806672692
ENG-Premier League,1415,Manchester United,James Wilson,1,2014,89,992,F S,13,329,1,1.0632624048739672,1,1.0632624048739672,0,0.044585999101400375,8,1,3,0,1.4961605854332447,0.8005795776844025
ENG-Premier League,1415,Manchester United,Jesse Lingard,1,2014,89,558,M,1,23,0,0.0,0,0.0,0,0.0,0,0,0,0,0.018741000443696976,0.018741000443696976
ENG-Premier League,1415,Manchester United,Jonny Evans,1,2014,89,807,D S,14,1095,0,0.01009489968419075,0,0.01009489968419075,0,0.03660770133137703,1,1,1,0,3.5060566887259483,3.459353692829609
ENG-Premier League,1415,Manchester United,Juan Mata,1,2014,89,554,M S,33,2318,9,6.5977520532906055,8,5.836587090045214,4,4.968639085069299,33,50,2,0,14.520843295380473,7.047827729955316
ENG-Premier League,1415,Manchester United,Luke Shaw,1,2014,89,1006,D M S,16,1131,0,0.1416075974702835,0,0.1416075974702835,0,1.278383206576109,3,14,1,1,2.826808590441942,1.8807956837117672
ENG-Premier League,1415,Manchester United,Marcos Rojo,1,2014,89,550,D S,22,1767,0,1.5299106854945421,0,1.5299106854945421,0,0.33836599718779325,16,10,6,0,5.804772457107902,5.482042836025357
ENG-Premier League,1415,Manchester United,Marouane Fellaini,1,2014,89,630,M S,27,1824,6,5.314917378127575,6,5.314917378127575,0,1.151918701827526,36,21,5,1,9.252810306847095,4.70386603847146
ENG-Premier League,1415,Manchester United,Michael Carrick,1,2014,89,654,D M S,18,1460,1,0.28631030675023794,1,0.28631030675023794,2,1.698483781889081,8,8,1,0,7.28094245120883,6.086604382842779
ENG-Premier League,1415,Manchester United,Nani,1,2014,89,4536,S,1,41,0,0.0,0,0.0,0,0.0,0,0,0,0,0.0731491968035698,0.0731491968035698
ENG-Premier League,1415,Manchester United,Paddy McNair,1,2014,89,559,D S,16,1023,0,0.3108162861317396,0,0.3108162861317396,0,0.24150970205664635,4,5,2,0,3.425563907250762,3.31623918376863
ENG-Premier League,1415,Manchester United,Phil Jones,1,2014,89,951,D,22,1881,0,0.18775559961795807,0,0.18775559961795807,0,0.2614507991820574,3,5,3,0,3.642874300479889,3.6263293027877808
ENG-Premier League,1415,Manchester United,Rafael,1,2014,89,3270,D S,10,587,0,0.08321010135114193,0,0.08321010135114193,1,0.6008911095559597,2,6,2,0,2.131751316599548,1.9162602042779326
ENG-Premier League,1415,Manchester United,Robin van Persie,1,2014,89,4387,F S,27,2126,10,11.603469084948301,9,10.08113605901599,2,2.9860517624765635,76,27,5,0,12.917516451328993,1.688729416579008
ENG-Premier League,1415,Manchester United,Tom Thorpe,1,2014,89,4513,S,1,1,0,0.0,0,0.0,0,0.0,0,0,0,0,0.0,0.0
ENG-Premier League,1415,Manchester United,Tyler Blackett,1,2014,89,4463,D S,11,644,0,0.0,0,0.0,0,0.0,0,0,3,1,2.1524335565045476,2.1524335565045476
ENG-Premier League,1415,Manchester United,Víctor Valdés,1,2014,89,1705,GK S,2,105,0,0.0,0,0.0,0,0.0,0,0,0,0,0.035952500998973846,0.035952500998973846
ENG-Premier League,1415,Manchester United,Wayne Rooney,1,2014,89,629,F M,33,2887,12,8.902098581194878,11,7.3797623217105865,5,3.983559735119343,79,45,5,1,15.43574684113264,7.295702296309173
ENG-Premier League,1415,Manchester United,Ángel Di María,1,2014,89,3553,F M S,27,1642,3,2.931911482475698,3,2.931911482475698,10,7.295106165111065,61,52,1,0,8.838050086982548,3.1542838038876653
ENG-Premier League,1415,Newcastle United,Adam Armstrong,1,2014,86,4419,F S,11,188,0,0.7543584117665887,0,0.7543584117665887,1,0.48611208237707615,7,6,1,0,2.1150289410725236,0.9328648969531059
ENG-Premier League,1415,Newcastle United,Ayoze Pérez,1,2014,86,770,F M S,36,2369,7,5.7461924236267805,7,5.7461924236267805,0,2.900992516428232,61,28,0,0,9.56750363111496,3.0196252688765526
ENG-Premier League,1415,Newcastle United,Cheick Tioté,1,2014,86,854,M S,11,899,0,0.1609902996569872,0,0.1609902996569872,2,0.5410728976130486,10,8,5,0,3.026809599250555,2.4337085746228695
ENG-Premier League,1415,Newcastle United,Daryl Janmaat,1,2014,86,764,D,37,3263,1,1.4101378628984094,1,1.4101378628984094,6,2.940818637609482,35,31,6,1,6.7864417396485806,4.356649793684483
ENG-Premier League,1415,Newcastle United,Emmanuel Rivière,1,2014,86,777,F M S,23,1231,1,3.6540457904338837,1,3.6540457904338837,1,0.9126386996358633,32,15,0,0,4.948962766677141,1.4548593144863844
ENG-Premier League,1415,Newcastle United,Fabricio Coloccini,1,2014,86,941,D,32,2839,1,1.313181420788169,1,1.313181420788169,0,0.7221941277384758,9,2,3,1,3.846536375582218,3.2423979863524437
ENG-Premier League,1415,Newcastle United,Gabriel Obertan,1,2014,86,851,M S,13,644,1,0.397959204390645,1,0.397959204390645,1,1.3407188840210438,7,14,0,0,2.5487296283245087,1.7081829011440277
ENG-Premier League,1415,Newcastle United,Haris Vuckic,1,2014,86,4507,S,1,7,0,0.0,0,0.0,0,0.0,0,0,0,0,0.0,0.0
ENG-Premier League,1415,Newcastle United,Jack Colback,1,2014,86,767,D M,35,3130,4,2.8249618243426085,4,2.8249618243426085,6,2.3404141180217266,27,44,12,0,7.598447484895587,4.668526872992516
ENG-Premier League,1415,Newcastle United,Jak Alnwick,1,2014,86,4455,GK S,6,493,0,0.0,0,0.0,0,0.0,0,0,0,0,0.0,0.0
ENG-Premier League,1415,Newcastle United,Jonás Gutiérrez,1,2014,86,2321,D M S,10,629,1,0.30438119173049927,1,0.30438119173049927,1,0.6231456268578768,10,5,4,0,1.368333589285612,1.048758527263999
ENG-Premier League,1415,Newcastle United,Massadio Haidara,1,2014,86,943,D S,15,1092,0,0.10606604162603617,0,0.10606604162603617,1,0.3449203073978424,7,8,0,0,2.3956151865422726,2.0986422933638096
ENG-Premier League,1415,Newcastle United,Mehdi Abeid,1,2014,86,4403,M S,13,654,0,0.42071009427309036,0,0.42071009427309036,0,0.02444469928741455,12,1,0,0,1.3741771057248116,1.0811377000063658
ENG-Premier League,1415,Newcastle United,Mike Williamson,1,2014,86,984,D S,31,2413,1,1.3640322852879763,1,1.3640322852879763,1,0.8719886168837547,10,6,5,2,3.2188716158270836,2.12636711075902
ENG-Premier League,1415,Newcastle United,Moussa Sissoko,1,2014,86,772,M,34,3037,4,3.952444814145565,4,3.952444814145565,2,4.653361378237605,44,44,7,2,12.273814404383302,6.720515612512827
ENG-Premier League,1415,Newcastle United,Papiss Demba Cissé,1,2014,86,850,F S,22,1137,11,8.957140743732452,10,8.196008741855621,1,0.334677891805768,45,7,1,0,7.444709463045001,0.6167382095009089
ENG-Premier League,1415,Newcastle United,Paul Dummett,1,2014,86,853,D S,25,2111,0,1.6393335717730224,0,1.6393335717730224,0,1.2245062170550227,18,15,4,0,3.8165886867791414,3.242255924269557
ENG-Premier League,1415,Newcastle United,Robert Elliot,1,2014,86,763,GK,3,227,0,0.0,0,0.0,0,0.04892899841070175,0,1,0,0,0.21767349541187286,0.1687444970011711
ENG-Premier League,1415,Newcastle United,Rolando Aarons,1,2014,86,915,S,4,121,1,0.3429449051618576,1,0.3429449051618576,0,0.08277810364961624,7,2,1,0,0.42625200748443604,0.16750760097056627
ENG-Premier League,1415,Newcastle United,Ryan Taylor,1,2014,86,4404,D M S,14,909,0,0.6939951069653034,0,0.6939951069653034,1,0.828603096306324,16,14,3,0,0.6176111027598381,0.41232379898428917
ENG-Premier League,1415,Newcastle United,Rémy Cabella,1,2014,86,3390,F M S,31,1960,1,3.0883238092064857,1,3.0883238092064857,2,2.1119884252548218,43,38,2,0,6.813124579377472,2.629264338873327
ENG-Premier League,1415,Newcastle United,Sammy Ameobi,1,2014,86,4420,F M S,25,1416,2,0.992425705306232,2,0.992425705306232,2,1.8800859078764915,26,21,2,0,3.5923003386706114,1.5059486012905836
ENG-Premier League,1415,Newcastle United,Siem de Jong,1,2014,86,774,M S,4,143,1,0.47184730879962444,1,0.47184730879962444,0,0.4014580100774765,5,3,0,0,0.9585549086332321,0.0852499008178711
ENG-Premier League,1415,Newcastle United,Steven Taylor,1,2014,86,765,D S,10,655,1,0.42362750321626663,1,0.42362750321626663,0,0.0,5,0,2,1,0.8078706823289394,0.7066186852753162
ENG-Premier League,1415,Newcastle United,Tim Krul,1,2014,86,982,GK,30,2700,0,0.0,0,0.0,1,0.2590459883213043,0,1,1,0,1.189519913867116,1.189519913867116
ENG-Premier League,1415,Newcastle United,Vurnon Anita,1,2014,86,768,D M S,19,1291,0,0.14411458000540733,0,0.14411458000540733,0,0.2418053038418293,8,6,3,0,1.8163302429020405,1.5396105162799358
ENG-Premier League,1415,Newcastle United,Yoan Gouffran,1,2014,86,916,F M S,31,1991,2,1.5459727151319385,2,1.5459727151319385,1,1.5892759254202247,24,19,3,0,4.416468531824648,2.5501322876662016
ENG-Premier League,1415,Queens Park Rangers,Adel Taarabt,1,2014,202,4450,M S,7,296,0,0.3101955968886614,0,0.3101955968886614,0,0.3372079702094197,11,13,0,0,0.7009713910520077,0.24649899639189243
ENG-Premier League,1415,Queens Park Rangers,Alejandro Faurlin,1,2014,202,4528,M S,2,94,0,0.11255799978971481,0,0.11255799978971481,0,0.4859839975833893,3,1,0,0,0.055191799998283386,0.022535700350999832
ENG-Premier League,1415,Queens Park Rangers,Alex McCarthy,1,2014,202,635,GK S,3,237,0,0.0,0,0.0,0,0.0,0,0,0,0,0.5550842136144638,0.5550842136144638
ENG-Premier League,1415,Queens Park Rangers,Armand Traore,1,2014,202,4431,D M S,16,770,0,0.3853635061532259,0,0.3853635061532259,0,0.18602940160781145,7,6,2,0,2.2040757508948445,1.756255341693759
ENG-Premier League,1415,Queens Park Rangers,Bobby Zamora,1,2014,202,4396,F S,31,1779,3,2.987051488365978,3,2.987051488365978,4,6.012670556083322,29,50,4,0,9.424545330926776,3.241478360258043
ENG-Premier League,1415,Queens Park Rangers,Brandon Comley,1,2014,202,4446,S,1,9,0,0.013827499933540821,0,0.013827499933540821,0,0.0,1,0,0,0,0.013827499933540821,0.0
ENG-Premier League,1415,Queens Park Rangers,Charlie Austin,1,2014,202,848,F,35,3078,18,17.88185734860599,15,14.076048335060477,5,2.5487459590658545,131,23,4,1,13.718284981325269,3.0413201358169317
ENG-Premier League,1415,Queens Park Rangers,Clint Hill,1,2014,202,4398,D S,19,1411,1,0.3769401032477617,1,0.3769401032477617,0,0.7381682936102152,7,14,4,0,1.4749759072437882,0.8907150039449334
ENG-Premier League,1415,Queens Park Rangers,Cole Kpekawa,1,2014,202,4457,S,1,4,0,0.0,0,0.0,0,0.0,0,0,0,0,0.0,0.0
ENG-Premier League,1415,Queens Park Rangers,Darnell Furlong,1,2014,202,4391,D,3,228,0,0.009575449861586094,0,0.009575449861586094,0,0.0,1,0,1,0,0.06898230314254761,0.05940689891576767
ENG-Premier League,1415,Queens Park Rangers,Eduardo Vargas,1,2014,202,85,F M S,21,1389,3,3.477742818184197,3,3.477742818184197,2,1.8190635778009892,41,15,1,0,6.1312263906002045,2.8785364371724427
ENG-Premier League,1415,Queens Park Rangers,Joey Barton,1,2014,202,4430,M S,28,2347,1,2.055411926470697,1,2.055411926470697,3,5.228928584605455,35,58,11,1,7.560516483150423,5.23019561637193
ENG-Premier League,1415,Queens Park Rangers,Junior Hoilett,1,2014,202,4395,M S,22,868,0,0.8032064093276858,0,0.8032064093276858,0,1.0915372902527452,24,12,2,0,2.4889727272093296,1.444477604702115
ENG-Premier League,1415,Queens Park Rangers,Karl Henry,1,2014,202,4394,M S,33,2507,0,0.2998349014669657,0,0.2998349014669657,0,0.44358929991722107,10,11,8,0,3.1357659194618464,2.6835456788539886
ENG-Premier League,1415,Queens Park Rangers,Leroy Fer,1,2014,202,711,M S,29,2375,6,5.116700321435928,6,5.116700321435928,2,3.5862074815668166,54,48,4,0,10.68013789691031,4.389066057279706
ENG-Premier League,1415,Queens Park Rangers,Matt Phillips,1,2014,202,1737,F M S,25,1827,3,3.0864788740873337,3,3.0864788740873337,8,3.036336817778647,42,34,1,0,5.406236808747053,1.1094425106421113
ENG-Premier League,1415,Queens Park Rangers,Mauricio Isla,1,2014,202,1402,D M S,26,2128,0,0.3045692080631852,0,0.3045692080631852,2,2.828330373391509,7,30,4,0,7.571905996650457,5.911911765113473
ENG-Premier League,1415,Queens Park Rangers,Mauro Zárate,1,2014,202,939,M S,11,481,2,0.7167854933068156,2,0.7167854933068156,1,0.4284241870045662,17,7,2,0,1.2175911953672767,0.561116686090827
ENG-Premier League,1415,Queens Park Rangers,Michael Doughty,1,2014,202,4432,S,3,44,0,0.0,0,0.0,0,0.14174099266529083,0,1,0,0,0.21607819385826588,0.21607819385826588
ENG-Premier League,1415,Queens Park Rangers,Nedum Onuoha,1,2014,202,4392,D S,23,1928,0,1.374483815394342,0,1.374483815394342,0,0.34946130495518446,9,8,2,1,3.41572249494493,2.91792908962816
ENG-Premier League,1415,Queens Park Rangers,Niko Kranjcar,1,2014,202,4397,M S,22,1108,2,1.9117348054423928,2,1.9117348054423928,1,1.7309440784156322,42,20,2,0,3.014048868790269,1.027124721556902
ENG-Premier League,1415,Queens Park Rangers,Reece Grego-Cox,1,2014,202,4445,F S,4,134,0,0.3061160147190094,0,0.3061160147190094,0,0.0,1,0,0,0,0.40584801137447357,0.09973199665546417
ENG-Premier League,1415,Queens Park Rangers,Richard Dunne,1,2014,202,4444,D S,23,1886,0,1.0475114909932017,0,1.0475114909932017,0,0.08156350068747997,8,3,7,0,2.0043458864092827,1.9650903027504683
ENG-Premier League,1415,Queens Park Rangers,Rio Ferdinand,1,2014,202,4429,D,11,990,0,0.0,0,0.0,0,0.0,0,0,2,0,1.264611802995205,1.264611802995205
ENG-Premier League,1415,Queens Park Rangers,Robert Green,1,2014,202,4390,GK,36,3183,0,0.0,0,0.0,0,0.05999030079692602,0,3,1,0,1.5963862929493189,1.5603471929207444
ENG-Premier League,1415,Queens Park Rangers,Sandro,1,2014,202,817,M,17,1240,1,0.6715470999479294,1,0.6715470999479294,0,0.12614960223436356,17,3,6,0,2.6105356854386628,2.1408034921623766
ENG-Premier League,1415,Queens Park Rangers,Shaun Wright-Phillips,1,2014,202,4399,M S,4,127,0,0.018060699105262756,0,0.018060699105262756,0,0.02029700018465519,1,1,0,0,0.22559469379484653,0.20753399468958378
ENG-Premier League,1415,Queens Park Rangers,Steven Caulker,1,2014,202,953,D S,35,3019,1,2.944729307666421,1,2.944729307666421,0,1.179923115298152,28,17,1,0,3.971539515070617,2.8036462077870965
ENG-Premier League,1415,Queens Park Rangers,Yun Suk-Young,1,2014,202,4393,D M S,23,1721,0,0.5935319093987346,0,0.5935319093987346,0,0.35707824118435383,6,9,4,0,2.576807016506791,1.7795475162565708
ENG-Premier League,1415,Southampton,Dominic Gape,1,2014,74,4447,S,1,1,0,0.0,0,0.0,0,0.0,0,0,0,0,0.0,0.0
ENG-Premier League,1415,Southampton,Dusan Tadic,1,2014,74,840,F M S,31,2072,4,5.627575958147645,3,4.105238314718008,7,9.004418820142746,53,68,2,0,18.353964269161224,7.751159617677331
ENG-Premier League,1415,Southampton,Eljero Elia,1,2014,74,4367,F M S,16,798,2,0.7518642852082849,2,0.7518642852082849,0,0.7144423052668571,15,11,2,0,1.7446696013212204,0.8644386865198612
ENG-Premier League,1415,Southampton,Emmanuel Mayuka,1,2014,74,4491,S,5,39,0,0.0,0,0.0,0,0.012004399672150612,0,1,0,0,0.036581799387931824,0.024577399715781212
ENG-Premier League,1415,Southampton,Filip Djuricic,1,2014,74,1233,F M S,9,313,0,0.42057080566883087,0,0.42057080566883087,0,0.3222297988831997,7,5,1,0,1.2824904946610332,0.7111398940905929
ENG-Premier League,1415,Southampton,Florin Gardos,1,2014,74,4405,D S,11,572,0,0.02250410057604313,0,0.02250410057604313,0,0.017950700595974922,1,1,1,0,1.0331284999847412,1.0151775032281876
ENG-Premier League,1415,Southampton,Fraser Forster,1,2014,74,831,GK,30,2623,0,0.0,0,0.0,0,0.01863750070333481,0,1,1,0,2.2933644084259868,2.274727108888328
ENG-Premier League,1415,Southampton,Graziano Pellè,1,2014,74,841,F S,38,3291,12,18.616504695266485,12,18.616504695266485,2,4.481623421423137,123,43,6,0,24.78565558232367,5.5981659553945065
ENG-Premier League,1415,Southampton,Harrison Reed,1,2014,74,910,M S,9,462,0,0.120338698849082,0,0.120338698849082,0,0.0,4,0,0,0,1.000663110986352,0.9134047059342265
ENG-Premier League,1415,Southampton,Jack Cork,1,2014,74,712,M S,27,1795,3,3.1307579837739468,3,3.1307579837739468,0,0.7083081966266036,8,12,1,0,8.94570174254477,7.323183951899409
ENG-Premier League,1415,Southampton,Jake Hesketh,1,2014,74,1755,M S,2,49,0,0.08380089700222015,0,0.08380089700222015,0,0.0,2,0,1,0,0.08380089700222015,0.0
ENG-Premier League,1415,Southampton,James Ward-Prowse,1,2014,74,843,F M S,25,1488,1,2.942589432001114,0,2.1814204156398773,6,3.9224660005420446,30,34,0,1,6.434095831587911,3.3666383512318134
ENG-Premier League,1415,Southampton,Jason McCarthy,1,2014,74,4416,S,1,2,0,0.0,0,0.0,0,0.0,0,0,0,0,0.0,0.0
ENG-Premier League,1415,Southampton,José Fonte,1,2014,74,834,D,37,3330,0,1.3340498032048345,0,1.3340498032048345,1,1.238560494966805,23,11,5,0,7.302144292742014,7.116659890860319
ENG-Premier League,1415,Southampton,Kelvin Davis,1,2014,74,954,GK S,7,617,0,0.0,0,0.0,0,0.0,0,0,0,0,0.2132637072354555,0.2132637072354555
ENG-Premier League,1415,Southampton,Lloyd Isgrove,1,2014,74,1761,S,1,6,0,0.0,0,0.0,0,0.0,0,0,0,0,0.05837570130825043,0.05837570130825043
ENG-Premier League,1415,Southampton,Matt Targett,1,2014,74,884,D S,6,221,0,0.035515401512384415,0,0.035515401512384415,0,0.03846359997987747,1,1,0,0,0.9368127696216106,0.9368127696216106
ENG-Premier League,1415,Southampton,Maya Yoshida,1,2014,74,845,D S,22,1688,1,1.7306068940088153,1,1.7306068940088153,1,0.32619520276784897,10,4,3,0,2.9328039130195975,2.5636526104062796
ENG-Premier League,1415,Southampton,Morgan Schneiderlin,1,2014,74,551,M S,26,2183,4,2.3917522355914116,4,2.3917522355914116,1,1.5581406876444817,31,20,5,1,8.423097917810082,7.155297724530101
ENG-Premier League,1415,Southampton,Nathaniel Clyne,1,2014,74,603,D M,35,3148,2,0.9358650408685207,2,0.9358650408685207,0,2.0856677014380693,19,22,4,0,8.067473223432899,5.568606615997851
ENG-Premier League,1415,Southampton,Paulo Gazzaniga,1,2014,74,973,GK,2,180,0,0.0,0,0.0,0,0.0,0,0,0,0,0.4042690098285675,0.4042690098285675
ENG-Premier League,1415,Southampton,Ryan Bertrand,1,2014,74,835,D M,34,3057,2,0.9820248726755381,2,0.9820248726755381,2,3.7352884113788605,14,26,3,1,11.753734475001693,8.78468501009047
ENG-Premier League,1415,Southampton,Ryan Seager,1,2014,74,1049,S,1,1,0,0.0,0,0.0,0,0.07801129668951035,0,1,0,0,0.07801129668951035,0.0
ENG-Premier League,1415,Southampton,Sadio Mané,1,2014,74,838,F M S,30,2142,10,8.5539753716439,10,8.5539753716439,3,3.982480129227042,60,40,5,0,14.567278534173965,4.032989708706737
ENG-Premier League,1415,Southampton,Shane Long,1,2014,74,839,F M S,32,1522,5,4.035827225074172,5,4.035827225074172,5,2.7357718478888273,37,21,2,0,9.551563849672675,3.285960743203759
ENG-Premier League,1415,Southampton,Steven Davis,1,2014,74,883,M S,35,2668,0,3.119151595979929,0,3.119151595979929,2,3.702249936759472,30,49,3,0,14.560720689594746,9.784432757645845
ENG-Premier League,1415,Southampton,Toby Alderweireld,1,2014,74,639,D M,26,2264,1,0.9311116095632315,1,0.9311116095632315,0,0.6971472166478634,18,7,3,0,5.908183524385095,5.1874207155779
ENG-Premier League,1415,Southampton,Victor Wanyama,1,2014,74,836,M S,32,2367,3,1.7235292438417673,3,1.7235292438417673,1,0.9338347911834717,28,16,10,0,7.7703660959377885,5.478044907562435
ENG-Premier League,1415,Stoke,Asmir Begovic,1,2014,85,694,GK,35,3150,0,0.06700760126113892,0,0.06700760126113892,0,0.029391199350357056,1,1,3,0,1.8559519713744521,1.8265609657391906
ENG-Premier League,1415,Stoke,Bojan,1,2014,85,871,M S,16,1236,4,2.5972428917884827,3,1.836074199527502,1,1.701795894652605,32,26,2,0,3.769357718527317,1.5529742930084467
ENG-Premier League,1415,Stoke,Charlie Adam,1,2014,85,873,M S,29,1482,7,3.407766289077699,6,2.6466013556346297,1,2.6491484716534615,62,33,5,0,6.18358803447336,3.741003192961216
ENG-Premier League,1415,Stoke,Dionatan Teixeira,1,2014,85,869,S,1,1,0,0.0,0,0.0,0,0.0,0,0,0,0,0.0,0.0
ENG-Premier League,1415,Stoke,Erik Pieters,1,2014,85,887,D S,31,2571,0,0.4686110718175769,0,0.4686110718175769,2,1.1495825964957476,8,17,8,0,4.224028600379825,3.1595727670937777
ENG-Premier League,1415,Stoke,Geoff Cameron,1,2014,85,859,D M S,27,2133,0,1.2347001936286688,0,1.2347001936286688,1,1.3203427894040942,9,12,4,0,3.3885030820965767,2.3439945708960295
ENG-Premier League,1415,Stoke,Glenn Whelan,1,2014,85,862,M S,28,2279,0,0.40370759926736355,0,0.40370759926736355,0,0.59635872207582,15,19,6,0,3.2294936850667,2.6244011856615543
ENG-Premier League,1415,Stoke,Jack Butland,1,2014,85,856,GK,3,270,0,0.0,0,0.0,0,0.0,0,0,0,0,0.06753060221672058,0.06753060221672058
ENG-Premier League,1415,Stoke,Jonathan Walters,1,2014,85,863,F M S,32,2439,8,5.561566700227559,8,5.561566700227559,4,3.240074263419956,45,24,5,0,9.581077560316771,2.6691866908222437
ENG-Premier League,1415,Stoke,Mame Biram Diouf,1,2014,85,868,F M S,34,2451,11,11.646968324668705,11,11.646968324668705,3,3.466141242533922,55,28,7,0,13.599631811492145,0.8619846059009433
ENG-Premier League,1415,Stoke,Marc Muniesa,1,2014,85,860,D S,19,1381,0,0.1333636036142707,0,0.1333636036142707,0,0.10216790903359652,5,3,3,0,1.975037601776421,1.8743923902511597
ENG-Premier League,1415,Stoke,Marc Wilson,1,2014,85,945,D S,27,2127,0,0.26359690353274345,0,0.26359690353274345,0,0.24080339819192886,6,6,4,1,2.2582533471286297,2.010907541960478
ENG-Premier League,1415,Stoke,Marko Arnautovic,1,2014,85,865,M S,29,1930,1,3.1155167492106557,1,3.1155167492106557,5,3.5108031556010246,44,42,2,0,8.556447265669703,3.459008727222681
ENG-Premier League,1415,Stoke,Oliver Shenton,1,2014,85,1044,S,1,1,0,0.0,0,0.0,0,0.0,0,0,0,0,0.0,0.0
ENG-Premier League,1415,Stoke,Oussama Assaidi,1,2014,85,4489,M S,9,202,0,0.2824720963835716,0,0.2824720963835716,1,0.18095420114696026,5,3,1,0,0.5356971994042397,0.07227099873125553
ENG-Premier League,1415,Stoke,Peter Crouch,1,2014,85,872,F S,33,1648,8,6.730622369796038,8,6.730622369796038,2,1.883066506125033,59,15,4,0,9.373052059672773,3.5920453937724233
ENG-Premier League,1415,Stoke,Peter Odemwingie,1,2014,85,1001,M S,7,176,0,0.028979400172829628,0,0.028979400172829628,0,0.3135387059301138,1,6,0,0,0.47173409443348646,0.32089469488710165
ENG-Premier League,1415,Stoke,Phil Bardsley,1,2014,85,857,D S,25,2079,0,0.6633689710870385,0,0.6633689710870385,1,1.611687340773642,22,17,6,0,3.909186717122793,2.805656020529568
ENG-Premier League,1415,Stoke,Philipp Wollscheid,1,2014,85,858,D,12,1006,0,0.22406870871782303,0,0.22406870871782303,0,0.13248819671571255,3,5,4,0,0.7216658070683479,0.6515562068670988
ENG-Premier League,1415,Stoke,Ryan Shawcross,1,2014,85,886,D,32,2831,2,2.276102486997843,2,2.276102486997843,1,1.2505308613181114,19,14,7,0,3.206402361392975,2.3665932286530733
ENG-Premier League,1415,Stoke,Stephen Ireland,1,2014,85,867,M S,17,934,0,1.1184633001685143,0,1.1184633001685143,3,1.2160577941685915,15,22,3,0,3.410914409905672,1.6969624678604305
ENG-Premier League,1415,Stoke,Steve Sidwell,1,2014,85,1007,M S,12,438,0,0.1550377979874611,0,0.1550377979874611,0,0.03437490016222,8,1,3,0,1.000602800399065,0.8919809982180595
ENG-Premier League,1415,Stoke,Steven N'Zonzi,1,2014,85,2413,M,38,3381,3,2.5446494994685054,3,2.5446494994685054,1,1.7871553907170892,47,34,2,0,9.022656857967377,6.257574846968055
ENG-Premier League,1415,Stoke,Victor Moses,1,2014,85,541,F M,19,1473,3,4.516806649044156,2,3.7556382436305285,3,2.320559896528721,41,32,3,0,6.229532454162836,1.9420529399067163
ENG-Premier League,1415,Sunderland,Adam Johnson,1,2014,77,929,F M S,32,2085,4,3.2225716952234507,3,2.461402678862214,1,3.918955666013062,25,39,2,0,7.580857325345278,4.618602689355612
ENG-Premier League,1415,Sunderland,Anthony Réveillere,1,2014,77,4388,D S,16,1328,0,0.08264920115470886,0,0.08264920115470886,1,0.9263477101922035,4,10,0,0,3.286404574289918,2.3480359129607677
ENG-Premier League,1415,Sunderland,Billy Jones,1,2014,77,742,D M,14,1257,0,0.5008383113890886,0,0.5008383113890886,0,0.7923552002757788,4,6,7,0,3.8573647774755955,2.7196772508323193
ENG-Premier League,1415,Sunderland,Connor Wickham,1,2014,77,519,F M S,36,2782,5,7.663331899791956,5,7.663331899791956,1,1.7667267946526408,83,21,8,0,12.304913464933634,4.778480676934123
ENG-Premier League,1415,Sunderland,Costel Pantilimon,1,2014,77,580,GK,28,2520,0,0.0,0,0.0,0,0.0,0,0,2,0,0.5580527139827609,0.5580527139827609
ENG-Premier League,1415,Sunderland,Danny Graham,1,2014,77,932,F M S,14,620,1,1.1095587108284235,1,1.1095587108284235,0,0.1769960019737482,10,6,0,0,1.552799491211772,0.3976630996912718
ENG-Premier League,1415,Sunderland,Emanuele Giaccherini,1,2014,77,1033,M S,8,292,0,0.33444739505648613,0,0.33444739505648613,0,0.5553947146981955,8,10,2,0,0.9628251008689404,0.33459129370748997
ENG-Premier League,1415,Sunderland,Jack Rodwell,1,2014,77,733,M S,23,1483,3,2.4820248344913125,3,2.4820248344913125,0,0.2751686032861471,30,4,5,0,5.963925310410559,4.823790275491774
ENG-Premier League,1415,Sunderland,Jermain Defoe,1,2014,77,735,F M,17,1468,4,4.020906526595354,4,4.020906526595354,0,1.2605447256937623,34,13,1,0,7.368550059385598,2.511991562321782
ENG-Premier League,1415,Sunderland,John O'Shea,1,2014,77,729,D,37,3270,0,0.5788790062069893,0,0.5788790062069893,0,0.3453484009951353,7,6,4,0,4.325417224317789,4.241330426186323
ENG-Premier League,1415,Sunderland,Jordi Gómez,1,2014,77,931,M S,29,1952,4,3.7219145577400923,1,1.4384054820984602,2,1.792080918326974,31,23,7,0,6.745260193943977,4.437605936080217
ENG-Premier League,1415,Sunderland,Jozy Altidore,1,2014,77,4493,F S,11,289,0,0.3541574999690056,0,0.3541574999690056,0,0.046036599203944206,7,3,0,0,0.49266740307211876,0.09247370064258575
ENG-Premier League,1415,Sunderland,Lee Cattermole,1,2014,77,738,M S,28,2367,1,0.23088709823787212,1,0.23088709823787212,0,1.0550355045124888,10,12,14,0,5.4220426101237535,4.694637179374695
ENG-Premier League,1415,Sunderland,Liam Bridcutt,1,2014,77,968,M S,18,889,0,0.05484149977564812,0,0.05484149977564812,2,0.7365253865718842,4,9,6,1,4.408933130092919,3.7714812476187944
ENG-Premier League,1415,Sunderland,Mikael Mandron,1,2014,77,912,S,1,2,0,0.10869999974966049,0,0.10869999974966049,0,0.0,1,0,0,0,0.10869999974966049,0.0
ENG-Premier League,1415,Sunderland,Patrick van Aanholt,1,2014,77,730,D M S,28,2301,0,1.3164323018863797,0,1.3164323018863797,5,4.8105680560693145,30,35,4,0,9.270669225603342,5.968421086668968
ENG-Premier League,1415,Sunderland,Ricardo Álvarez,1,2014,77,1231,M S,13,490,0,0.2926666997373104,0,0.2926666997373104,0,0.7517009004950523,10,7,3,0,2.6450360044837,1.708255685865879
ENG-Premier League,1415,Sunderland,Santiago Vergini,1,2014,77,2192,D S,31,2638,0,1.092772277072072,0,1.092772277072072,0,0.15615569707006216,13,5,6,0,3.385348416864872,2.7836813889443874
ENG-Premier League,1415,Sunderland,Sebastian Larsson,1,2014,77,740,M,36,3079,3,2.7219163924455643,3,2.7219163924455643,3,3.486309329047799,45,58,10,0,8.626348610967398,5.843435467220843
ENG-Premier League,1415,Sunderland,Sebastián Coates,1,2014,77,927,D S,10,821,0,0.3651315961033106,0,0.3651315961033106,0,0.06305799633264542,7,2,1,0,1.1237659249454737,1.1051169279962778
ENG-Premier League,1415,Sunderland,Steven Fletcher,1,2014,77,930,F M S,30,1782,5,6.642457719892263,5,6.642457719892263,2,2.051580097526312,37,17,4,0,9.389527746476233,2.3070692121982574
ENG-Premier League,1415,Sunderland,Valentin Roberge,1,2014,77,4530,D,1,90,0,0.28255900740623474,0,0.28255900740623474,0,0.0,1,0,1,0,0.0,0.0
ENG-Premier League,1415,Sunderland,Vito Mannone,1,2014,77,726,GK,10,900,0,0.0,0,0.0,0,0.04317609965801239,0,1,0,0,0.6401898041367531,0.597013708204031
ENG-Premier League,1415,Sunderland,Wes Brown,1,2014,77,928,D S,25,1998,0,0.2678195983171463,0,0.2678195983171463,0,0.2529216967523098,4,5,5,1,1.4911859668791294,1.3596992641687393
ENG-Premier League,1415,Sunderland,William Buckley,1,2014,77,4473,F M S,22,858,0,0.1758511047810316,0,0.1758511047810316,2,1.460556786507368,3,12,2,0,2.875660864636302,1.9490581396967173
ENG-Premier League,1415,Swansea,Angel Rangel,1,2014,84,707,D S,27,2036,0,0.1650554994121194,0,0.1650554994121194,0,1.4722545929253101,7,13,1,1,6.861091006547213,6.046136010438204
ENG-Premier League,1415,Swansea,Ashley Williams,1,2014,84,709,D,37,3330,0,0.39955429919064045,0,0.39955429919064045,0,0.14684819988906384,7,6,6,0,6.921002980321646,6.7357996590435505
ENG-Premier League,1415,Swansea,Bafétimbi Gomis,1,2014,84,717,F S,31,1619,7,7.497829519212246,7,7.497829519212246,0,0.8869193764403462,69,13,0,0,7.2545317858457565,1.5422120690345764
ENG-Premier League,1415,Swansea,Dwight Tiendalli,1,2014,84,4448,D S,3,125,0,0.0,0,0.0,0,0.026125600561499596,0,2,0,0,0.040565598756074905,0.014440000057220459
ENG-Premier League,1415,Swansea,Federico Fernández,1,2014,84,708,D S,28,2472,0,0.5938718896359205,0,0.5938718896359205,0,0.0922016017138958,13,3,0,0,3.7380386600270867,3.619105172343552
ENG-Premier League,1415,Swansea,Gerhard Tremmel,1,2014,84,1062,GK S,2,107,0,0.0,0,0.0,0,0.0,0,0,0,0,0.0,0.0
ENG-Premier League,1415,Swansea,Gylfi Sigurdsson,1,2014,84,714,F M,32,2721,7,5.177992397919297,7,5.177992397919297,10,8.451312126591802,67,73,2,0,15.548747316002846,7.116851134225726
ENG-Premier League,1415,Swansea,Jay Fulton,1,2014,84,896,M S,2,112,0,0.0,0,0.0,0,0.0,0,0,0,0,0.16985679417848587,0.16985679417848587
ENG-Premier League,1415,Swansea,Jazz Richards,1,2014,84,4467,D S,10,633,0,0.0,0,0.0,1,0.12766999937593937,0,3,1,0,1.5579434223473072,1.446399424225092
ENG-Premier League,1415,Swansea,Jefferson Montero,1,2014,84,715,F M S,30,1551,1,1.0105927288532257,1,1.0105927288532257,7,3.652138037607074,13,27,0,0,6.563084755092859,3.3003817070275545
ENG-Premier League,1415,Swansea,Jonjo Shelvey,1,2014,84,769,M S,31,2471,3,4.547880021855235,2,3.7867110054939985,5,2.943915719166398,62,30,8,1,11.989973126910627,7.097531080245972
ENG-Premier League,1415,Swansea,Jordi Amat,1,2014,84,721,D S,10,591,0,0.0,0,0.0,0,0.037276800721883774,0,1,3,0,0.9018794000148773,0.8646025992929935
ENG-Premier League,1415,Swansea,Kenji Gorré,1,2014,84,1035,S,1,5,0,0.0,0,0.0,0,0.0,0,0,0,0,0.0,0.0
ENG-Premier League,1415,Swansea,Ki Sung-yueng,1,2014,84,723,M S,33,2692,8,4.3305724542587996,8,4.3305724542587996,1,1.2641469975933433,28,26,4,0,11.960129372775555,9.00447864830494
ENG-Premier League,1415,Swansea,Kyle Bartley,1,2014,84,964,D,7,630,0,0.19451040402054787,0,0.19451040402054787,0,0.0,4,0,2,0,1.4454614780843258,1.4454614780843258
ENG-Premier League,1415,Swansea,Kyle Naughton,1,2014,84,718,D,15,1189,0,0.0408255010843277,0,0.0408255010843277,1,0.39931441005319357,3,4,1,2,2.4252152396366,2.3843855215236545
ENG-Premier League,1415,Swansea,Leon Britton,1,2014,84,830,M S,9,541,0,0.0,0,0.0,0,0.01674170047044754,0,1,1,0,0.9559799954295158,0.9559799954295158
ENG-Premier League,1415,Swansea,Lukasz Fabianski,1,2014,84,706,GK,37,3310,0,0.0,0,0.0,0,0.0,0,0,0,1,5.364475024864078,5.364475024864078
ENG-Premier League,1415,Swansea,Marvin Emnes,1,2014,84,829,M S,17,488,0,0.8800223087891936,0,0.8800223087891936,0,0.7972883991897106,13,5,2,0,1.8270478919148445,0.6900001950562
ENG-Premier League,1415,Swansea,Matt Grimes,1,2014,84,1045,S,3,38,0,0.0,0,0.0,0,0.13826599717140198,0,1,0,0,0.19051770493388176,0.19051770493388176
ENG-Premier League,1415,Swansea,Modou Barrow,1,2014,84,720,M S,11,266,0,0.04451709985733032,0,0.04451709985733032,1,0.8047116920351982,2,5,1,0,1.188092790544033,1.027893990278244
ENG-Premier League,1415,Swansea,Nathan Dyer,1,2014,84,783,F M S,32,1879,3,2.01653119456023,3,2.01653119456023,2,2.2351764095947146,17,22,2,0,8.583801867440343,5.942768881097436
ENG-Premier League,1415,Swansea,Neil Taylor,1,2014,84,710,D,34,3004,0,0.0754489004611969,0,0.0754489004611969,2,1.7879231059923768,4,22,9,0,8.68850091099739,7.775590851902962
ENG-Premier League,1415,Swansea,Nélson Oliveira,1,2014,84,4386,F M S,10,392,1,0.9380339160561562,1,0.9380339160561562,0,0.17447449825704098,11,4,0,0,1.0580661855638027,0.13101780228316784
ENG-Premier League,1415,Swansea,Tom Carroll,1,2014,84,653,F M S,13,694,0,0.17096910253167152,0,0.17096910253167152,0,0.638788478448987,4,5,1,0,2.975092090666294,2.719753608107567
ENG-Premier League,1415,Swansea,Wayne Routledge,1,2014,84,719,F M S,29,2327,3,3.8581881392747164,3,3.8581881392747164,1,2.311216900125146,31,28,1,1,8.53514770977199,3.121097734197974
ENG-Premier League,1415,Tottenham,Andros Townsend,1,2014,82,775,M S,17,767,2,1.7839630078524351,1,1.0227939914911985,2,0.9517875052988529,16,13,2,0,2.9315958321094513,1.8411776442080736
ENG-Premier League,1415,Tottenham,Ben Davies,1,2014,82,660,D S,14,879,0,0.013158099725842476,0,0.013158099725842476,1,0.3461131351068616,1,8,3,0,3.3431462198495865,3.0587115176022053
ENG-Premier League,1415,Tottenham,Benjamin Stambouli,1,2014,82,3290,M S,12,448,0,0.06069999933242798,0,0.06069999933242798,0,0.06520420126616955,2,3,4,0,0.7637710124254227,0.696203900501132
ENG-Premier League,1415,Tottenham,Christian Eriksen,1,2014,82,646,M S,38,3160,10,7.38963361363858,10,7.38963361363858,2,6.088786491192877,97,84,4,0,21.318573739379644,13.018114417791367
ENG-Premier League,1415,Tottenham,Danny Rose,1,2014,82,641,D S,28,2386,3,1.670324276201427,3,1.670324276201427,4,2.9121244214475155,24,27,7,0,10.744258679449558,7.36357007175684
ENG-Premier League,1415,Tottenham,DeAndre Yedlin,1,2014,82,727,S,1,9,0,0.0,0,0.0,0,0.0,0,0,0,0,0.0,0.0
ENG-Premier League,1415,Tottenham,Emmanuel Adebayor,1,2014,82,521,F S,13,811,2,2.904069386422634,2,2.904069386422634,1,1.3501760102808475,19,12,1,0,5.354455184191465,1.697083406150341
ENG-Premier League,1415,Tottenham,Eric Dier,1,2014,82,643,D S,28,2288,2,1.4194443924352527,2,1.4194443924352527,2,1.4741109982132912,12,14,4,0,8.794127499684691,7.489943923428655
ENG-Premier League,1415,Tottenham,Erik Lamela,1,2014,82,644,M S,33,2297,2,2.4520418932661414,2,2.4520418932661414,7,6.099330518394709,38,60,6,0,11.233161823824048,7.293394966982305
ENG-Premier League,1415,Tottenham,Etienne Capoue,1,2014,82,572,M S,12,911,0,0.1177910016849637,0,0.1177910016849637,0,0.24070769734680653,7,4,2,0,3.8608597703278065,3.654397491365671
ENG-Premier League,1415,Tottenham,Federico Fazio,1,2014,82,1000,D,20,1780,0,0.49277750588953495,0,0.49277750588953495,0,0.037802720442414284,11,3,2,1,4.650256037712097,4.612453039735556
ENG-Premier League,1415,Tottenham,Harry Kane,1,2014,82,647,F M S,34,2589,21,17.15730034559965,19,14.87382235378027,4,3.9225024580955505,112,27,4,0,16.48843494337052,5.549698708578944
ENG-Premier League,1415,Tottenham,Hugo Lloris,1,2014,82,637,GK,35,3063,0,0.0,0,0.0,0,0.0,0,0,0,0,3.1405903473496437,3.1405903473496437
ENG-Premier League,1415,Tottenham,Jan Vertonghen,1,2014,82,640,D S,32,2807,0,0.5924338614568114,0,0.5924338614568114,0,0.07967460062354803,13,3,6,0,5.4297733679413795,5.408010371029377
ENG-Premier League,1415,Tottenham,Kyle Walker,1,2014,82,638,D,15,1309,0,0.155684900470078,0,0.155684900470078,0,0.9235877171158791,6,11,3,0,3.929465275257826,3.531445126980543
ENG-Premier League,1415,Tottenham,Lewis Holtby,1,2014,82,169,S,1,28,0,0.04579009860754013,0,0.04579009860754013,0,0.0,1,0,0,0,0.7009310126304626,0.6551409959793091
ENG-Premier League,1415,Tottenham,Michel Vorm,1,2014,82,651,GK S,4,357,0,0.0,0,0.0,0,0.025591399520635605,0,1,0,0,0.7053749859333038,0.6797835864126682
ENG-Premier League,1415,Tottenham,Mousa Dembélé,1,2014,82,642,M S,26,1122,1,1.145339130423963,1,1.145339130423963,1,0.7561205942183733,11,22,1,0,3.640642436221242,2.8854701351374388
ENG-Premier League,1415,Tottenham,Nabil Bentaleb,1,2014,82,914,D M S,26,2195,0,1.148594387806952,0,1.148594387806952,2,1.7586009036749601,26,16,8,0,9.82887826114893,7.750007018446922
ENG-Premier League,1415,Tottenham,Nacer Chadli,1,2014,82,648,M S,35,2423,11,6.8655270310118794,11,6.8655270310118794,5,3.9355596313253045,54,41,3,0,15.642376329749823,8.626996045000851
ENG-Premier League,1415,Tottenham,Paulinho,1,2014,82,4442,M S,15,461,0,0.43089600279927254,0,0.43089600279927254,1,0.9786125011742115,7,4,3,0,2.241101998835802,1.4849746953696012
ENG-Premier League,1415,Tottenham,Roberto Soldado,1,2014,82,2311,F S,24,776,1,3.3873679926618934,1,2.6262010326609015,1,1.1983178947120905,21,9,1,0,4.3633115366101265,0.9901757333427668
ENG-Premier League,1415,Tottenham,Ryan Mason,1,2014,82,649,M S,31,2342,1,2.9173037093132734,1,2.9173037093132734,4,2.6060980344191194,41,29,10,0,12.226362373679876,7.430812673643231
ENG-Premier League,1415,Tottenham,Vlad Chiriches,1,2014,82,1395,D S,10,712,0,0.01377590000629425,0,0.01377590000629425,0,0.35814429353922606,1,3,2,1,1.5896674860268831,1.2588224951177835
ENG-Premier League,1415,Tottenham,Younes Kaboul,1,2014,82,736,D,11,990,0,0.909060325473547,0,0.909060325473547,0,0.3147166967391968,5,4,2,0,2.502238906919956,2.4191391095519066
ENG-Premier League,1415,West Bromwich Albion,Andre Wisdom,1,2014,76,894,D S,24,1971,0,0.34310710057616234,0,0.34310710057616234,1,0.4987742817029357,3,9,1,0,5.626683754846454,5.097014447674155
ENG-Premier League,1415,West Bromwich Albion,Ben Foster,1,2014,76,803,GK,28,2488,0,0.0,0,0.0,0,0.0,0,0,2,0,1.097893993370235,1.097893993370235
ENG-Premier League,1415,West Bromwich Albion,Boaz Myhill,1,2014,76,820,GK S,11,932,0,0.0,0,0.0,0,0.0,0,0,1,0,0.5710180848836899,0.5710180848836899
ENG-Premier League,1415,West Bromwich Albion,Brown Ideye,1,2014,76,1008,F S,24,1286,4,3.969936303794384,4,3.969936303794384,2,1.2322598649188876,30,11,2,0,4.579359542578459,1.5735359881073236
ENG-Premier League,1415,West Bromwich Albion,Callum McManaman,1,2014,76,880,F M S,8,355,0,0.26528310030698776,0,0.26528310030698776,1,0.6855819821357727,4,7,1,0,0.5664250180125237,0.14821910113096237
ENG-Premier League,1415,West Bromwich Albion,Chris Baird,1,2014,76,4389,D M S,19,802,0,0.12873900029808283,0,0.12873900029808283,0,0.26984609849750996,4,5,2,0,1.8095129523426294,1.6776529643684626
ENG-Premier League,1415,West Bromwich Albion,Chris Brunt,1,2014,76,904,D F M S,34,2901,2,2.0603699232451618,2,2.0603699232451618,10,5.361505056731403,33,50,5,0,6.671324193477631,4.853268834762275
ENG-Premier League,1415,West Bromwich Albion,Claudio Yacob,1,2014,76,808,M S,20,1385,0,0.2537633031606674,0,0.2537633031606674,0,0.10237565729767084,8,4,5,1,1.5811529830098152,1.3523816131055355
ENG-Premier League,1415,West Bromwich Albion,Craig Dawson,1,2014,76,804,D,29,2593,2,1.7655173316597939,2,1.7655173316597939,0,0.3051367048174143,16,5,6,0,3.1169052943587303,2.8705662712454796
ENG-Premier League,1415,West Bromwich Albion,Craig Gardner,1,2014,76,812,M S,35,2697,3,3.340116017498076,3,3.340116017498076,4,3.3437892766669393,56,35,10,0,8.155050222761929,4.230648763477802
ENG-Premier League,1415,West Bromwich Albion,Cristian Gamboa,1,2014,76,855,D S,10,223,0,0.03101770021021366,0,0.03101770021021366,1,0.22987540252506733,1,3,1,0,0.7136669997125864,0.5600713044404984
ENG-Premier League,1415,West Bromwich Albion,Gareth McAuley,1,2014,76,806,D,24,2071,1,1.1422011805698276,1,1.1422011805698276,0,0.5258615016937256,8,3,2,1,1.6611365741118789,1.6257785772904754
ENG-Premier League,1415,West Bromwich Albion,Georgios Samaras,1,2014,76,4499,S,5,59,0,0.06833770126104355,0,0.06833770126104355,0,0.0,1,0,0,0,0.566208504140377,0.4978708028793335
ENG-Premier League,1415,West Bromwich Albion,Graham Dorrans,1,2014,76,801,M S,21,1608,1,1.5093517256900668,1,0.7481827093288302,3,2.654246101155877,20,25,5,0,4.214195780456066,2.6841545552015305
ENG-Premier League,1415,West Bromwich Albion,James Morrison,1,2014,76,990,M S,33,2567,2,1.7436685003340244,2,1.7436685003340244,1,3.0994835887104273,30,37,3,0,8.344453379511833,6.145427389070392
ENG-Premier League,1415,West Bromwich Albion,Jason Davidson,1,2014,76,4479,D S,2,101,0,0.0,0,0.0,0,0.052400801330804825,0,1,0,0,0.052400801330804825,0.0
ENG-Premier League,1415,West Bromwich Albion,Joleon Lescott,1,2014,76,664,D,34,3060,1,2.396697413176298,1,2.396697413176298,2,0.5493253171443939,14,2,3,0,3.877223813906312,3.877223813906312
ENG-Premier League,1415,West Bromwich Albion,Jonas Olsson,1,2014,76,805,D S,13,817,1,0.3695265054702759,1,0.3695265054702759,0,0.7158549726009369,3,2,2,0,1.1940922914072871,1.1747842906042933
ENG-Premier League,1415,West Bromwich Albion,Saido Berahino,1,2014,76,811,F M S,38,2940,14,13.841749838553369,10,10.797112329863012,1,1.961659412831068,86,28,2,0,11.907299553975463,2.4395549008622766
ENG-Premier League,1415,West Bromwich Albion,Sebastián Blanco,1,2014,76,4505,S,3,30,0,0.03985520079731941,0,0.03985520079731941,0,0.0,2,0,1,0,0.03985520079731941,0.0
ENG-Premier League,1415,West Bromwich Albion,Silvestre Varela,1,2014,76,3829,M S,7,330,1,0.9810286816209555,1,0.9810286816209555,0,0.35915139969438314,10,6,1,0,2.255842672660947,0.9910139106214046
ENG-Premier League,1415,West Bromwich Albion,Stéphane Sessegnon,1,2014,76,810,F M S,28,1768,1,2.1281250156462193,1,2.1281250156462193,3,2.7812051149085164,29,32,5,0,8.531753493472934,3.9461129438132048
ENG-Premier League,1415,West Bromwich Albion,Sébastien Pocognoli,1,2014,76,893,D,15,1228,0,0.11279190145432949,0,0.11279190145432949,0,1.1693175081163645,7,9,1,0,2.0024180877953768,1.3211269080638885
ENG-Premier League,1415,West Bromwich Albion,Victor Anichebe,1,2014,76,818,F S,21,1019,3,1.8499117121100426,3,1.8499117121100426,1,1.331590000540018,25,18,0,0,3.206710606813431,1.0943197682499886
ENG-Premier League,1415,West Bromwich Albion,Youssouf Mulumbu,1,2014,76,797,M S,17,900,0,0.47653509862720966,0,0.47653509862720966,0,0.3007141947746277,12,5,1,1,1.8632659167051315,1.7142265252768993
ENG-Premier League,1415,West Ham,Aaron Cresswell,1,2014,81,534,D,38,3420,2,1.2426329869776964,2,1.2426329869776964,4,4.838664368726313,19,35,5,0,9.588580122217536,6.95385479554534
ENG-Premier League,1415,West Ham,Adrián,1,2014,81,527,GK,38,3392,0,0.0,0,0.0,0,0.12958149798214436,0,3,3,1,2.7573785092681646,2.6922287922352552
ENG-Premier League,1415,West Ham,Alexandre Song,1,2014,81,657,M S,28,2258,0,0.723948891274631,0,0.723948891274631,3,2.3790941443294287,12,28,4,0,9.307583212852478,7.033517295029014
ENG-Premier League,1415,West Ham,Andy Carroll,1,2014,81,537,F S,14,1032,5,3.693270232528448,5,3.693270232528448,1,0.7689823769032955,37,11,2,0,3.2884955015033484,0.46891819685697556
ENG-Premier League,1415,West Ham,Carl Jenkinson,1,2014,81,938,D S,32,2660,0,1.1120519153773785,0,1.1120519153773785,2,2.1274429839104414,13,22,2,0,7.774099243804812,5.7153421230614185
ENG-Premier League,1415,West Ham,Carlton Cole,1,2014,81,4383,F S,23,894,2,1.7291568778455257,2,1.7291568778455257,0,0.6560839973390102,17,8,2,0,2.539834786206484,1.4509753584861755
ENG-Premier League,1415,West Ham,Cheikhou Kouyaté,1,2014,81,532,D M S,31,2670,4,3.0627197325229645,4,3.0627197325229645,2,1.1875272747129202,33,14,5,0,6.412817427888513,3.314806269481778
ENG-Premier League,1415,West Ham,Diafra Sakho,1,2014,81,656,F M S,23,1765,10,9.070379790849984,10,9.070379790849984,2,2.615855161100626,66,23,2,0,9.083618108183146,0.9128177799284458
ENG-Premier League,1415,West Ham,Diego Poyet,1,2014,81,1092,M S,3,87,0,0.0,0,0.0,0,0.014837400056421757,0,1,1,0,0.19431599974632263,0.19431599974632263
ENG-Premier League,1415,West Ham,Elliot Lee,1,2014,81,1020,S,1,12,0,0.0,0,0.0,0,0.0,0,0,0,0,0.0,0.0
ENG-Premier League,1415,West Ham,Enner Valencia,1,2014,81,539,F M S,32,2119,4,6.480698708444834,4,6.480698708444834,3,2.593669313006103,72,18,2,0,8.838937357068062,2.8980731437914073
ENG-Premier League,1415,West Ham,Guy Demel,1,2014,81,4385,D S,6,263,0,0.0,0,0.0,0,0.10647600144147873,0,1,0,0,0.3481046035885811,0.3481046035885811
ENG-Premier League,1415,West Ham,James Collins,1,2014,81,655,D S,27,1870,0,1.042383598163724,0,1.042383598163724,0,0.2978098038583994,9,5,5,1,4.842167384922504,3.9829263240098953
ENG-Premier League,1415,West Ham,James Tomkins,1,2014,81,530,D S,22,1858,1,2.159363705664873,1,2.159363705664873,3,2.0329756066203117,18,10,6,0,1.53314127959311,1.4398671817034483
ENG-Premier League,1415,West Ham,Joey O'Brien,1,2014,81,918,D S,9,523,0,0.09181299805641174,0,0.09181299805641174,0,0.4548986107110977,2,5,2,0,0.7866458036005497,0.4285198971629143
ENG-Premier League,1415,West Ham,Jussi Jääskeläinen,1,2014,81,4384,S,1,26,0,0.0,0,0.0,0,0.0,0,0,0,0,0.0,0.0
ENG-Premier League,1415,West Ham,Kevin Nolan,1,2014,81,1028,M S,29,1742,1,3.6620913930237293,1,3.6620913930237293,1,0.9290485139936209,31,12,2,0,4.468470650725067,2.065542420372367
ENG-Premier League,1415,West Ham,Mark Noble,1,2014,81,533,M S,28,2321,2,2.4249141104519367,1,0.9025766961276531,3,3.0953231919556856,21,45,4,0,8.767040897160769,7.170456627383828
ENG-Premier League,1415,West Ham,Matthew Jarvis,1,2014,81,800,M S,11,409,0,0.3824862018227577,0,0.3824862018227577,0,1.025754403322935,5,10,0,0,1.5946353152394295,0.5290609039366245
ENG-Premier League,1415,West Ham,Morgan Amalfitano,1,2014,81,3364,F M S,24,1174,3,2.623760821297765,3,2.623760821297765,1,0.9993912074714899,19,10,3,0,5.837719803676009,3.05675688944757
ENG-Premier League,1415,West Ham,Nenê,1,2014,81,4435,S,8,115,0,0.36117459647357464,0,0.36117459647357464,0,0.4466039966791868,9,4,0,0,0.8369725067168474,0.5192914120852947
ENG-Premier League,1415,West Ham,Ravel Morrison,1,2014,81,1883,S,1,31,0,0.0,0,0.0,0,0.0,0,0,0,0,0.0,0.0
ENG-Premier League,1415,West Ham,Reece Burke,1,2014,81,1771,D S,5,417,0,0.16794639453291893,0,0.16794639453291893,0,0.0650554969906807,4,1,0,0,0.11575929820537567,0.05403779819607735
ENG-Premier League,1415,West Ham,Ricardo Vaz Te,1,2014,81,4503,M S,4,225,0,1.084789913147688,0,1.084789913147688,0,0.2327760010957718,7,3,0,0,0.7769089937210083,0.565668985247612
ENG-Premier League,1415,West Ham,Stewart Downing,1,2014,81,1712,F M,37,3315,6,4.136292829178274,6,4.136292829178274,8,6.626503786537796,70,85,3,0,13.64264209009707,7.331175375729799
ENG-Premier League,1415,West Ham,Winston Reid,1,2014,81,529,D S,30,2497,1,1.2366657685488462,1,1.2366657685488462,0,1.2207213276997209,11,8,10,0,3.9561072415672243,3.856598937418312
