league,season,game,league_id,season_id,game_id,date,home_team_id,away_team_id,home_team,away_team,away_team_code,home_team_code,away_points,away_expected_points,away_goals,away_xg,away_np_xg,away_np_xg_difference,away_ppda,away_deep_completions,home_points,home_expected_points,home_goals,home_xg,home_np_xg,home_np_xg_difference,home_ppda,home_deep_completions
ENG-Premier League,2223,2022-08-05 Crystal Palace-Arsenal,1,2022,18202,2022-08-05 19:00:00,78,83,Crystal Palace,Arsenal,ARS,CRY,3,1.5583999999999998,2,1.43601,1.43601,0.22964000000000007,12.678571428571429,13,0,1.1503999999999999,0,1.20637,1.20637,-0.22964000000000007,10.25,8
ENG-Premier League,2223,2022-08-06 Bournemouth-Aston Villa,1,2022,18204,2022-08-06 14:00:00,73,71,Bournemouth,Aston Villa,AVL,BOU,0,1.1566999999999998,0,0.488895,0.488895,-0.09944599999999998,6.608695652173913,11,3,1.4036,2,0.588341,0.588341,0.09944599999999998,11.68,3
ENG-Premier League,2223,2022-08-06 Everton-Chelsea,1,2022,18208,2022-08-06 16:30:00,72,80,Everton,Chelsea,CHE,EVE,3,2.4766,1,1.92315,1.16198,0.619997,6.1923076923076925,7,0,0.3517,0,0.541983,0.541983,-0.619997,12.0,3
ENG-Premier League,2223,2022-08-06 Fulham-Liverpool,1,2022,18203,2022-08-06 11:30:00,228,87,Fulham,Liverpool,LIV,FLH,1,2.2058999999999997,2,2.34111,2.34111,1.834063,6.333333333333333,11,1,0.5808,2,1.26822,0.507047,-1.834063,18.473684210526315,4
ENG-Premier League,2223,2022-08-06 Leeds-Wolverhampton Wanderers,1,2022,18205,2022-08-06 14:00:00,245,229,Leeds,Wolverhampton Wanderers,WOL,LED,0,1.5274,1,1.10119,1.10119,0.21201999999999988,10.647058823529411,9,3,1.156,2,0.88917,0.88917,-0.21201999999999988,9.285714285714286,5
ENG-Premier League,2223,2022-08-06 Newcastle United-Nottingham Forest,1,2022,18206,2022-08-06 14:00:00,86,249,Newcastle United,Nottingham Forest,NOT,NEW,0,0.2541,0,0.235825,0.235825,-1.623275,13.333333333333334,2,3,2.5764000000000005,2,1.8591,1.8591,1.623275,6.08,24
ENG-Premier League,2223,2022-08-06 Tottenham-Southampton,1,2022,18207,2022-08-06 14:00:00,82,74,Tottenham,Southampton,SOU,TOT,0,0.4576,1,0.386546,0.386546,-1.230654,15.545454545454545,7,3,2.3215,4,1.6172,1.6172,1.230654,5.7,12
ENG-Premier League,2223,2022-08-07 Leicester-Brentford,1,2022,18210,2022-08-07 13:00:00,75,244,Leicester,Brentford,BRE,LEI,1,1.8173,2,0.931067,0.931067,0.47537199999999996,22.214285714285715,3,1,0.8336000000000001,2,0.455695,0.455695,-0.47537199999999996,17.705882352941178,5
ENG-Premier League,2223,2022-08-07 Manchester United-Brighton,1,2022,18209,2022-08-07 13:00:00,89,220,Manchester United,Brighton,BRI,MUN,3,1.6190000000000002,2,1.7289,1.7289,0.3078700000000001,9.961538461538462,5,0,1.112,1,1.42103,1.42103,-0.3078700000000001,10.090909090909092,7
ENG-Premier League,2223,2022-08-07 West Ham-Manchester City,1,2022,18211,2022-08-07 15:30:00,81,88,West Ham,Manchester City,MCI,WHU,3,2.8649,2,2.58739,1.82623,1.580042,25.5,11,0,0.08,0,0.246188,0.246188,-1.580042,26.0,2
ENG-Premier League,2223,2022-08-13 Arsenal-Leicester,1,2022,18217,2022-08-13 14:00:00,83,75,Arsenal,Leicester,LEI,ARS,0,0.16599999999999998,2,0.690679,0.690679,-2.3200209999999997,14.0,5,3,2.7487000000000004,4,3.0107,3.0107,2.3200209999999997,10.333333333333334,10
ENG-Premier League,2223,2022-08-13 Aston Villa-Everton,1,2022,18212,2022-08-13 11:30:00,71,72,Aston Villa,Everton,EVE,AVL,0,0.4885,1,1.37507,1.37507,-1.29189,18.615384615384617,4,3,2.3254,2,2.66696,2.66696,1.29189,9.304347826086957,13
ENG-Premier League,2223,2022-08-13 Brentford-Manchester United,1,2022,18218,2022-08-13 16:30:00,244,89,Brentford,Manchester United,MUN,BRE,0,0.9319,0,0.896038,0.896038,-0.491812,6.6923076923076925,11,3,1.7733999999999999,4,1.38785,1.38785,0.491812,20.4,3
ENG-Premier League,2223,2022-08-13 Brighton-Newcastle United,1,2022,18213,2022-08-13 14:00:00,220,86,Brighton,Newcastle United,NEW,BRI,1,0.2676,0,0.183952,0.183952,-1.424398,9.294117647058824,2,1,2.5527,0,1.60835,1.60835,1.424398,6.291666666666667,15
ENG-Premier League,2223,2022-08-13 Manchester City-Bournemouth,1,2022,18214,2022-08-13 14:00:00,88,73,Manchester City,Bournemouth,BOU,MCI,0,0.2243,0,0.123946,0.123946,-1.566694,51.166666666666664,0,3,2.6035999999999997,4,1.69064,1.69064,1.566694,12.157894736842104,11
ENG-Premier League,2223,2022-08-13 Southampton-Leeds,1,2022,18215,2022-08-13 14:00:00,74,245,Southampton,Leeds,LED,SOU,1,1.8274000000000001,2,1.99694,1.99694,0.58788,4.852941176470588,9,1,0.9052,2,1.40906,1.40906,-0.58788,13.263157894736842,4
ENG-Premier League,2223,2022-08-13 Wolverhampton Wanderers-Fulham,1,2022,18216,2022-08-13 14:00:00,229,228,Wolverhampton Wanderers,Fulham,FLH,WOL,1,1.4798000000000002,0,1.08813,0.326966,-0.648409,14.714285714285714,2,1,1.1558,0,0.975375,0.975375,0.648409,11.733333333333333,1
ENG-Premier League,2223,2022-08-14 Chelsea-Tottenham,1,2022,18220,2022-08-14 15:30:00,80,82,Chelsea,Tottenham,TOT,CHE,1,1.1907,2,1.58708,1.58708,-0.25237,12.285714285714286,2,1,1.554,2,1.83945,1.83945,0.25237,6.655172413793103,12
ENG-Premier League,2223,2022-08-14 Nottingham Forest-West Ham,1,2022,18219,2022-08-14 13:00:00,249,81,Nottingham Forest,West Ham,WHU,NOT,0,1.4451,0,2.08634,1.32517,-0.64653,8.2,7,3,1.2978,1,1.9717,1.9717,0.64653,10.8125,4
ENG-Premier League,2223,2022-08-15 Liverpool-Crystal Palace,1,2022,18221,2022-08-15 19:00:00,87,78,Liverpool,Crystal Palace,CRY,LIV,1,0.9993,1,1.64468,1.64468,-0.59128,41.27272727272727,2,1,1.7697,1,2.23596,2.23596,0.59128,3.4146341463414633,20
ENG-Premier League,2223,2022-08-20 Bournemouth-Arsenal,1,2022,18227,2022-08-20 16:30:00,73,83,Bournemouth,Arsenal,ARS,BOU,3,2.6008999999999998,3,1.71081,1.71081,1.499475,8.72,8,0,0.242,0,0.211335,0.211335,-1.499475,15.652173913043478,1
ENG-Premier League,2223,2022-08-20 Crystal Palace-Aston Villa,1,2022,18223,2022-08-20 14:00:00,78,71,Crystal Palace,Aston Villa,AVL,CRY,0,0.2122,1,0.803828,0.803828,-1.2027919999999999,7.411764705882353,3,3,2.6914,3,2.91137,2.00662,1.2027919999999999,13.944444444444445,8
ENG-Premier League,2223,2022-08-20 Everton-Nottingham Forest,1,2022,18224,2022-08-20 14:00:00,72,249,Everton,Nottingham Forest,NOT,EVE,1,0.9539,1,0.918315,0.918315,-0.515765,15.785714285714286,1,1,1.7744,1,1.43408,1.43408,0.515765,18.615384615384617,8
ENG-Premier League,2223,2022-08-20 Fulham-Brentford,1,2022,18225,2022-08-20 14:00:00,228,244,Fulham,Brentford,BRE,FLH,0,0.5215,2,1.59352,1.59352,-1.30582,11.153846153846153,8,3,2.2969,3,2.89934,2.89934,1.30582,9.625,7
ENG-Premier League,2223,2022-08-20 Leicester-Southampton,1,2022,18226,2022-08-20 14:00:00,75,74,Leicester,Southampton,SOU,LEI,3,2.282,2,1.24155,1.24155,0.998602,15.761904761904763,4,0,0.4478,1,0.242948,0.242948,-0.998602,4.806451612903226,5
ENG-Premier League,2223,2022-08-20 Tottenham-Wolverhampton Wanderers,1,2022,18222,2022-08-20 11:30:00,82,229,Tottenham,Wolverhampton Wanderers,WOL,TOT,0,0.708,0,0.686123,0.686123,-0.779957,20.642857142857142,6,3,2.0355,1,1.46608,1.46608,0.779957,11.6,8
ENG-Premier League,2223,2022-08-21 Leeds-Chelsea,1,2022,18228,2022-08-21 13:00:00,245,80,Leeds,Chelsea,CHE,LED,0,0.2243,0,0.692492,0.692492,-1.5172179999999997,4.633333333333334,7,3,2.6486,3,2.20971,2.20971,1.5172179999999997,8.5625,1
ENG-Premier League,2223,2022-08-21 Newcastle United-Manchester City,1,2022,18230,2022-08-21 15:30:00,86,88,Newcastle United,Manchester City,MCI,NEW,1,2.2403,3,3.67382,3.67382,1.4611200000000002,6.777777777777778,9,1,0.6023,3,2.2127,2.2127,-1.4611200000000002,12.068965517241379,9
ENG-Premier League,2223,2022-08-21 West Ham-Brighton,1,2022,18229,2022-08-21 13:00:00,81,220,West Ham,Brighton,BRI,WHU,3,2.2613,2,1.82645,1.06528,0.29664599999999997,18.857142857142858,2,0,0.5258,0,0.768634,0.768634,-0.29664599999999997,26.1,6
ENG-Premier League,2223,2022-08-22 Manchester United-Liverpool,1,2022,18231,2022-08-22 19:00:00,89,87,Manchester United,Liverpool,LIV,MUN,0,1.0188000000000001,1,1.52301,1.52301,-0.4946300000000001,6.578947368421052,16,3,1.7319,2,2.01764,2.01764,0.4946300000000001,17.7,8
ENG-Premier League,2223,2022-08-27 Arsenal-Fulham,1,2022,18238,2022-08-27 16:30:00,83,228,Arsenal,Fulham,FLH,ARS,0,0.3972,1,0.926007,0.926007,-1.5482630000000002,14.863636363636363,1,3,2.4378,2,2.47427,2.47427,1.5482630000000002,5.421052631578948,17
ENG-Premier League,2223,2022-08-27 Brentford-Everton,1,2022,18233,2022-08-27 14:00:00,244,72,Brentford,Everton,EVE,BRE,1,0.911,1,1.65465,1.65465,-0.6292600000000002,17.4,7,1,1.8569,1,2.28391,2.28391,0.6292600000000002,11.5,9
ENG-Premier League,2223,2022-08-27 Brighton-Leeds,1,2022,18234,2022-08-27 14:00:00,220,245,Brighton,Leeds,LED,BRI,0,1.0015,0,1.14874,1.14874,-0.46112,5.5,5,3,1.7092,1,1.60986,1.60986,0.46112,12.35,6
ENG-Premier League,2223,2022-08-27 Chelsea-Leicester,1,2022,18235,2022-08-27 14:00:00,80,75,Chelsea,Leicester,LEI,CHE,0,1.4883,1,1.96023,1.96023,0.21106999999999987,21.5,10,3,1.2501,2,1.74916,1.74916,-0.21106999999999987,11.24,3
ENG-Premier League,2223,2022-08-27 Liverpool-Bournemouth,1,2022,18236,2022-08-27 14:00:00,87,73,Liverpool,Bournemouth,BOU,LIV,0,0.0017000000000000001,0,0.180991,0.180991,-4.679359000000001,29.583333333333332,4,3,2.9969,9,4.86035,4.86035,4.679359000000001,8.88888888888889,18
ENG-Premier League,2223,2022-08-27 Manchester City-Crystal Palace,1,2022,18237,2022-08-27 14:00:00,88,78,Manchester City,Crystal Palace,CRY,MCI,0,0.0732,2,0.091976,0.091976,-2.293324,56.0,1,3,2.8698,4,2.3853,2.3853,2.293324,6.904761904761905,18
ENG-Premier League,2223,2022-08-27 Southampton-Manchester United,1,2022,18232,2022-08-27 11:30:00,74,89,Southampton,Manchester United,MUN,SOU,3,1.3577,1,1.34359,1.34359,-0.01527999999999996,8.333333333333334,11,0,1.3067,0,1.35887,1.35887,0.01527999999999996,12.5625,11
ENG-Premier League,2223,2022-08-28 Aston Villa-West Ham,1,2022,18239,2022-08-28 13:00:00,71,81,Aston Villa,West Ham,WHU,AVL,3,1.2731000000000001,1,0.334589,0.334589,0.030034000000000005,17.55,3,0,1.1528,0,0.304555,0.304555,-0.030034000000000005,13.5,4
ENG-Premier League,2223,2022-08-28 Nottingham Forest-Tottenham,1,2022,18241,2022-08-28 15:30:00,249,82,Nottingham Forest,Tottenham,TOT,NOT,3,2.4975,2,2.44473,1.68356,0.882191,15.11111111111111,6,0,0.3642,0,0.801369,0.801369,-0.882191,9.724137931034482,11
ENG-Premier League,2223,2022-08-28 Wolverhampton Wanderers-Newcastle United,1,2022,18240,2022-08-28 13:00:00,229,86,Wolverhampton Wanderers,Newcastle United,NEW,WOL,1,1.9597999999999998,1,1.93362,1.93362,0.80114,9.461538461538462,13,1,0.8057000000000001,1,1.13248,1.13248,-0.80114,18.923076923076923,3
ENG-Premier League,2223,2022-08-30 Crystal Palace-Brentford,1,2022,18243,2022-08-30 18:30:00,78,244,Crystal Palace,Brentford,BRE,CRY,1,2.0356,1,1.61808,1.61808,0.8407169999999999,14.473684210526315,8,1,0.7246,1,0.777363,0.777363,-0.8407169999999999,13.0,1
ENG-Premier League,2223,2022-08-30 Fulham-Brighton,1,2022,18242,2022-08-30 18:30:00,228,220,Fulham,Brighton,BRI,FLH,0,1.9695999999999998,1,1.75359,0.992416,-0.07851399999999997,6.6,4,3,0.7675,2,1.07093,1.07093,0.07851399999999997,14.090909090909092,7
ENG-Premier League,2223,2022-08-30 Leeds-Everton,1,2022,18245,2022-08-30 19:00:00,245,72,Leeds,Everton,EVE,LED,1,1.4663,1,1.17189,1.17189,0.12638000000000016,13.64,3,1,1.2206,1,1.04551,1.04551,-0.12638000000000016,5.857142857142857,9
ENG-Premier League,2223,2022-08-30 Southampton-Chelsea,1,2022,18244,2022-08-30 18:45:00,74,80,Southampton,Chelsea,CHE,SOU,0,1.4181000000000001,1,1.5047,1.5047,0.0638399999999999,3.4074074074074074,7,3,1.2903,2,1.44086,1.44086,-0.0638399999999999,12.125,3
ENG-Premier League,2223,2022-08-31 Arsenal-Aston Villa,1,2022,18247,2022-08-31 18:30:00,83,71,Arsenal,Aston Villa,AVL,ARS,0,0.08940000000000001,1,0.297168,0.297168,-2.502542,14.631578947368421,3,3,2.8527,2,2.79971,2.79971,2.502542,9.882352941176471,18
ENG-Premier League,2223,2022-08-31 Bournemouth-Wolverhampton Wanderers,1,2022,18248,2022-08-31 18:30:00,73,229,Bournemouth,Wolverhampton Wanderers,WOL,BOU,1,2.3577000000000004,0,1.53246,1.53246,1.1704249999999998,6.833333333333333,14,1,0.4185,0,0.362035,0.362035,-1.1704249999999998,17.61111111111111,7
ENG-Premier League,2223,2022-08-31 Liverpool-Newcastle United,1,2022,18250,2022-08-31 19:00:00,87,86,Liverpool,Newcastle United,NEW,LIV,0,0.5213,1,0.643546,0.643546,-1.117644,21.235294117647058,2,3,2.2571,2,1.76119,1.76119,1.117644,9.916666666666666,13
ENG-Premier League,2223,2022-08-31 Manchester City-Nottingham Forest,1,2022,18246,2022-08-31 18:30:00,88,249,Manchester City,Nottingham Forest,NOT,MCI,0,0.0807,0,0.729752,0.729752,-3.107838,46.4,1,3,2.8749,6,3.83759,3.83759,3.107838,6.391304347826087,13
ENG-Premier League,2223,2022-08-31 West Ham-Tottenham,1,2022,18249,2022-08-31 18:45:00,81,82,West Ham,Tottenham,TOT,WHU,1,0.7243,1,0.723285,0.723285,-0.799385,18.9,6,1,2.0176,1,1.52267,1.52267,0.799385,28.25,3
ENG-Premier League,2223,2022-09-01 Leicester-Manchester United,1,2022,18251,2022-09-01 19:00:00,75,89,Leicester,Manchester United,MUN,LEI,3,1.8186,1,1.09969,1.09969,0.4844240000000001,22.941176470588236,11,0,0.8414999999999999,0,0.615266,0.615266,-0.4844240000000001,12.0,2
ENG-Premier League,2223,2022-09-03 Aston Villa-Manchester City,1,2022,18258,2022-09-03 16:30:00,71,88,Aston Villa,Manchester City,MCI,AVL,1,2.6436,1,1.92143,1.92143,1.6420379999999999,13.545454545454545,12,1,0.2217,1,0.279392,0.279392,-1.6420379999999999,43.90909090909091,2
ENG-Premier League,2223,2022-09-03 Brentford-Leeds,1,2022,18257,2022-09-03 14:00:00,244,245,Brentford,Leeds,LED,BRE,0,0.7259,2,1.796,1.796,-0.19134000000000007,3.3548387096774195,9,3,2.0549,5,2.7485,1.98734,0.19134000000000007,6.7,5
ENG-Premier League,2223,2022-09-03 Chelsea-West Ham,1,2022,18260,2022-09-03 14:00:00,80,81,Chelsea,West Ham,WHU,CHE,0,2.1213,1,1.4196,1.4196,0.712267,23.357142857142858,1,3,0.5895,2,0.707333,0.707333,-0.712267,9.647058823529411,4
ENG-Premier League,2223,2022-09-03 Everton-Liverpool,1,2022,18252,2022-09-03 11:30:00,72,87,Everton,Liverpool,LIV,EVE,1,1.3394,0,1.38617,1.38617,-0.005520000000000191,6.083333333333333,12,1,1.3898,0,1.39169,1.39169,0.005520000000000191,23.09090909090909,10
ENG-Premier League,2223,2022-09-03 Newcastle United-Crystal Palace,1,2022,18253,2022-09-03 14:00:00,86,78,Newcastle United,Crystal Palace,CRY,NEW,1,0.3035,0,0.920595,0.920595,-1.986125,11.866666666666667,4,1,2.5724,0,2.90672,2.90672,1.986125,6.303030303030303,10
ENG-Premier League,2223,2022-09-03 Nottingham Forest-Bournemouth,1,2022,18254,2022-09-03 14:00:00,249,73,Nottingham Forest,Bournemouth,BOU,NOT,3,0.9244000000000001,3,0.905041,0.905041,0.33726199999999995,15.6875,10,0,1.7698,2,1.32895,0.567779,-0.33726199999999995,13.647058823529411,6
ENG-Premier League,2223,2022-09-03 Tottenham-Fulham,1,2022,18255,2022-09-03 14:00:00,82,228,Tottenham,Fulham,FLH,TOT,0,0.1251,1,0.381556,0.381556,-2.2966740000000003,16.22222222222222,1,3,2.8029,2,2.67823,2.67823,2.2966740000000003,12.052631578947368,16
ENG-Premier League,2223,2022-09-03 Wolverhampton Wanderers-Southampton,1,2022,18256,2022-09-03 14:00:00,229,74,Wolverhampton Wanderers,Southampton,SOU,WOL,0,1.4135,0,1.20838,1.20838,0.10799000000000003,7.517241379310345,12,3,1.2716,1,1.10039,1.10039,-0.10799000000000003,9.368421052631579,8
ENG-Premier League,2223,2022-09-04 Brighton-Leicester,1,2022,18259,2022-09-04 13:00:00,220,75,Brighton,Leicester,LEI,BRI,0,0.37770000000000004,2,1.06549,1.06549,-0.905,45.0,4,3,2.4690000000000003,5,2.73166,1.97049,0.905,11.84,10
ENG-Premier League,2223,2022-09-04 Manchester United-Arsenal,1,2022,18261,2022-09-04 15:30:00,89,83,Manchester United,Arsenal,ARS,MUN,0,0.9433,1,1.42238,1.42238,-0.6066600000000002,8.444444444444445,16,3,1.8214,3,2.02904,2.02904,0.6066600000000002,16.066666666666666,5
ENG-Premier League,2223,2022-09-16 Aston Villa-Southampton,1,2022,18272,2022-09-16 19:00:00,71,74,Aston Villa,Southampton,SOU,AVL,0,0.31379999999999997,0,0.218302,0.218302,-1.125348,8.04,2,3,2.4747,1,1.34365,1.34365,1.125348,5.948717948717949,6
ENG-Premier League,2223,2022-09-16 Nottingham Forest-Fulham,1,2022,18273,2022-09-16 19:00:00,249,228,Nottingham Forest,Fulham,FLH,NOT,3,1.3054000000000001,3,1.3496,1.3496,-0.06581000000000015,12.11111111111111,2,0,1.4134000000000002,2,1.41541,1.41541,0.06581000000000015,16.105263157894736,2
ENG-Premier League,2223,2022-09-17 Newcastle United-Bournemouth,1,2022,18275,2022-09-17 14:00:00,86,73,Newcastle United,Bournemouth,BOU,NEW,1,0.8562000000000001,1,0.976948,0.976948,0.19054100000000007,20.357142857142858,5,1,1.8407999999999998,1,1.54758,0.786407,-0.19054100000000007,4.241379310344827,18
ENG-Premier League,2223,2022-09-17 Tottenham-Leicester,1,2022,18278,2022-09-17 16:30:00,82,75,Tottenham,Leicester,LEI,TOT,0,1.0978,2,1.59449,0.833326,-1.1528639999999999,17.11111111111111,10,3,1.6507,6,1.98619,1.98619,1.1528639999999999,21.214285714285715,6
ENG-Premier League,2223,2022-09-17 Wolverhampton Wanderers-Manchester City,1,2022,18274,2022-09-17 11:30:00,229,88,Wolverhampton Wanderers,Manchester City,MCI,WOL,3,2.3667,3,1.4242,1.4242,1.1132049999999998,14.333333333333334,8,0,0.4089,0,0.310995,0.310995,-1.1132049999999998,18.217391304347824,4
ENG-Premier League,2223,2022-09-18 Brentford-Arsenal,1,2022,18280,2022-09-18 11:00:00,244,83,Brentford,Arsenal,ARS,BRE,3,2.0088,3,1.32021,1.32021,0.7801000000000001,10.055555555555555,9,0,0.7047,0,0.54011,0.54011,-0.7801000000000001,11.541666666666666,3
ENG-Premier League,2223,2022-09-18 Everton-West Ham,1,2022,18277,2022-09-18 13:15:00,72,81,Everton,West Ham,WHU,EVE,0,1.5435,0,0.655351,0.655351,0.25762100000000004,11.380952380952381,2,3,1.0071,1,0.39773,0.39773,-0.25762100000000004,15.461538461538462,3
ENG-Premier League,2223,2022-10-01 Arsenal-Tottenham,1,2022,18282,2022-10-01 11:30:00,83,82,Arsenal,Tottenham,TOT,ARS,0,0.6607,1,1.5027,0.741526,-1.7425040000000003,18.46153846153846,2,3,2.1046,3,2.48403,2.48403,1.7425040000000003,10.38888888888889,12
ENG-Premier League,2223,2022-10-01 Bournemouth-Brentford,1,2022,18283,2022-10-01 14:00:00,73,244,Bournemouth,Brentford,BRE,BOU,1,1.6037,0,1.046,1.046,0.287872,7.64,9,1,1.0694,0,0.758128,0.758128,-0.287872,19.0625,6
ENG-Premier League,2223,2022-10-01 Crystal Palace-Chelsea,1,2022,18284,2022-10-01 14:00:00,78,80,Crystal Palace,Chelsea,CHE,CRY,3,1.8501,2,1.25506,1.25506,0.5451900000000001,7.8076923076923075,12,0,0.8415,1,0.70987,0.70987,-0.5451900000000001,17.0,2
ENG-Premier League,2223,2022-10-01 Fulham-Newcastle United,1,2022,18285,2022-10-01 14:00:00,228,86,Fulham,Newcastle United,NEW,FLH,3,2.9858,4,4.67198,4.67198,3.9882789999999995,8.166666666666666,17,0,0.0083,1,0.683701,0.683701,-3.9882789999999995,32.18181818181818,5
ENG-Premier League,2223,2022-10-01 Liverpool-Brighton,1,2022,18288,2022-10-01 14:00:00,87,220,Liverpool,Brighton,BRI,LIV,1,1.5401,3,2.36567,2.36567,0.2141700000000002,17.333333333333332,7,1,1.2212,3,2.1515,2.1515,-0.2141700000000002,12.95,13
ENG-Premier League,2223,2022-10-01 Southampton-Everton,1,2022,18290,2022-10-01 14:00:00,74,72,Southampton,Everton,EVE,SOU,3,1.4327,2,1.99979,1.99979,0.04017999999999988,14.4375,4,0,1.3222999999999998,1,1.95961,1.95961,-0.04017999999999988,9.238095238095237,12
ENG-Premier League,2223,2022-10-01 West Ham-Wolverhampton Wanderers,1,2022,18291,2022-10-01 16:30:00,81,229,West Ham,Wolverhampton Wanderers,WOL,WHU,0,0.9389,0,0.575988,0.575988,-0.4633519999999999,20.2,10,3,1.7294,2,1.03934,1.03934,0.4633519999999999,21.384615384615383,4
ENG-Premier League,2223,2022-10-02 Leeds-Aston Villa,1,2022,18286,2022-10-02 15:30:00,245,71,Leeds,Aston Villa,AVL,LED,1,2.6060000000000003,0,1.89645,1.89645,1.597824,9.583333333333334,12,1,0.2483,0,0.298626,0.298626,-1.597824,13.333333333333334,6
ENG-Premier League,2223,2022-10-02 Manchester City-Manchester United,1,2022,18289,2022-10-02 13:00:00,88,89,Manchester City,Manchester United,MUN,MCI,0,0.5653,3,1.71335,0.952176,-2.0588539999999997,19.57894736842105,5,3,2.2432,6,3.01103,3.01103,2.0588539999999997,15.157894736842104,17
ENG-Premier League,2223,2022-10-03 Leicester-Nottingham Forest,1,2022,18287,2022-10-03 19:00:00,75,249,Leicester,Nottingham Forest,NOT,LEI,0,1.345,0,1.22169,1.22169,-0.02801000000000009,21.53846153846154,4,3,1.3701999999999999,4,1.2497,1.2497,0.02801000000000009,10.03448275862069,7
ENG-Premier League,2223,2022-10-08 Bournemouth-Leicester,1,2022,18293,2022-10-08 14:00:00,73,75,Bournemouth,Leicester,LEI,BOU,0,1.38,1,1.18125,1.18125,0.03233999999999981,8.678571428571429,8,3,1.2888,2,1.14891,1.14891,-0.03233999999999981,37.55555555555556,7
ENG-Premier League,2223,2022-10-08 Brighton-Tottenham,1,2022,18294,2022-10-08 16:30:00,220,82,Brighton,Tottenham,TOT,BRI,3,1.2318,1,0.771641,0.771641,-0.12809399999999993,14.166666666666666,6,0,1.4115000000000002,0,0.899735,0.899735,0.12809399999999993,14.333333333333334,15
ENG-Premier League,2223,2022-10-08 Chelsea-Wolverhampton Wanderers,1,2022,18295,2022-10-08 14:00:00,80,229,Chelsea,Wolverhampton Wanderers,WOL,CHE,0,0.36469999999999997,0,0.748449,0.748449,-1.682471,39.125,4,3,2.4922999999999997,3,2.43092,2.43092,1.682471,11.291666666666666,11
ENG-Premier League,2223,2022-10-08 Manchester City-Southampton,1,2022,18298,2022-10-08 14:00:00,88,74,Manchester City,Southampton,SOU,MCI,0,0.0678,0,0.101148,0.101148,-2.634212,26.736842105263158,0,3,2.8790999999999998,4,2.73536,2.73536,2.634212,15.133333333333333,12
ENG-Premier League,2223,2022-10-08 Newcastle United-Brentford,1,2022,18299,2022-10-08 14:00:00,86,244,Newcastle United,Brentford,BRE,NEW,0,0.4125,1,1.13466,0.373493,-2.072817,9.15,4,3,2.3994,5,2.44631,2.44631,2.072817,7.7272727272727275,9
ENG-Premier League,2223,2022-10-09 Arsenal-Liverpool,1,2022,18292,2022-10-09 15:30:00,83,87,Arsenal,Liverpool,LIV,ARS,0,0.1379,2,0.765151,0.765151,-1.2933590000000001,10.875,4,3,2.7746,3,2.81968,2.05851,1.2933590000000001,16.764705882352942,14
ENG-Premier League,2223,2022-10-09 Crystal Palace-Leeds,1,2022,18296,2022-10-09 13:00:00,78,245,Crystal Palace,Leeds,LED,CRY,0,0.8978999999999999,1,1.06564,1.06564,-0.5863,6.368421052631579,10,3,1.8395999999999997,2,1.65194,1.65194,0.5863,7.105263157894737,5
ENG-Premier League,2223,2022-10-09 Everton-Manchester United,1,2022,18297,2022-10-09 18:00:00,72,89,Everton,Manchester United,MUN,EVE,3,2.5229,2,1.82612,1.82612,1.460276,8.782608695652174,8,0,0.3113,1,0.365844,0.365844,-1.460276,19.88235294117647,7
ENG-Premier League,2223,2022-10-09 West Ham-Fulham,1,2022,18301,2022-10-09 13:00:00,81,228,West Ham,Fulham,FLH,WHU,0,0.0618,1,0.549848,0.549848,-2.1257420000000002,17.933333333333334,5,3,2.9013,3,3.43676,2.67559,2.1257420000000002,30.77777777777778,7
ENG-Premier League,2223,2022-10-10 Nottingham Forest-Aston Villa,1,2022,18300,2022-10-10 19:00:00,249,71,Nottingham Forest,Aston Villa,AVL,NOT,1,1.7468,1,0.657187,0.657187,0.435841,7.136363636363637,9,1,0.7877000000000001,1,0.221346,0.221346,-0.435841,25.272727272727273,0
ENG-Premier League,2223,2022-10-14 Brentford-Brighton,1,2022,18303,2022-10-14 19:00:00,244,220,Brentford,Brighton,BRI,BRE,0,1.536,0,2.15668,2.15668,1.0114800000000002,3.96,14,3,1.194,2,1.90636,1.1452,-1.0114800000000002,13.0,8
ENG-Premier League,2223,2022-10-15 Fulham-Bournemouth,1,2022,18304,2022-10-15 14:00:00,228,73,Fulham,Bournemouth,BOU,FLH,1,1.3628,2,1.62829,1.62829,0.772084,14.95,4,1,1.3505,2,1.61738,0.856206,-0.772084,8.25,8
ENG-Premier League,2223,2022-10-15 Leicester-Crystal Palace,1,2022,18306,2022-10-15 11:30:00,75,78,Leicester,Crystal Palace,CRY,LEI,1,0.7158,0,0.346808,0.346808,-0.626618,24.357142857142858,1,1,1.9328999999999998,0,0.973426,0.973426,0.626618,7.7105263157894735,13
ENG-Premier League,2223,2022-10-15 Tottenham-Everton,1,2022,18310,2022-10-15 16:30:00,82,72,Tottenham,Everton,EVE,TOT,0,0.2183,0,0.560039,0.560039,-1.172881,25.071428571428573,0,3,2.6594,2,2.49409,1.73292,1.172881,12.5,8
ENG-Premier League,2223,2022-10-15 Wolverhampton Wanderers-Nottingham Forest,1,2022,18311,2022-10-15 14:00:00,229,249,Wolverhampton Wanderers,Nottingham Forest,NOT,WOL,0,1.3323,0,1.24761,0.486443,0.023931000000000036,9.6,3,3,1.2896999999999998,1,1.22368,0.462512,-0.023931000000000036,10.5,5
ENG-Premier League,2223,2022-10-16 Aston Villa-Chelsea,1,2022,18302,2022-10-16 13:00:00,71,80,Aston Villa,Chelsea,CHE,AVL,3,0.5770000000000001,2,1.23643,1.23643,-1.20899,13.533333333333333,5,0,2.2306,0,2.44542,2.44542,1.20899,14.037037037037036,6
ENG-Premier League,2223,2022-10-16 Leeds-Arsenal,1,2022,18305,2022-10-16 13:00:00,245,83,Leeds,Arsenal,ARS,LED,3,0.5174000000000001,1,0.821757,0.821757,-0.43939300000000003,10.473684210526315,5,0,2.2681999999999998,0,2.02232,1.26115,0.43939300000000003,12.142857142857142,8
ENG-Premier League,2223,2022-10-16 Liverpool-Manchester City,1,2022,18307,2022-10-16 15:30:00,87,88,Liverpool,Manchester City,MCI,LIV,0,0.6178,0,0.911493,0.911493,-1.087707,12.578947368421053,17,3,2.1733000000000002,1,1.9992,1.9992,1.087707,28.5,6
ENG-Premier League,2223,2022-10-16 Manchester United-Newcastle United,1,2022,18308,2022-10-16 13:00:00,89,86,Manchester United,Newcastle United,NEW,MUN,1,0.7922,0,0.78815,0.78815,-0.6279100000000001,13.277777777777779,9,1,1.9298,0,1.41606,1.41606,0.6279100000000001,9.0,8
ENG-Premier League,2223,2022-10-16 Southampton-West Ham,1,2022,18309,2022-10-16 13:00:00,74,81,Southampton,West Ham,WHU,SOU,1,2.278,1,1.70727,1.70727,1.182791,11.23076923076923,8,1,0.5014,1,0.524479,0.524479,-1.182791,18.0,2
ENG-Premier League,2223,2022-10-18 Brighton-Nottingham Forest,1,2022,18315,2022-10-18 18:30:00,220,249,Brighton,Nottingham Forest,NOT,BRI,1,0.1505,0,0.195003,0.195003,-1.906877,20.0,1,1,2.7455,0,2.10188,2.10188,1.906877,7.764705882352941,15
ENG-Premier League,2223,2022-10-18 Crystal Palace-Wolverhampton Wanderers,1,2022,18318,2022-10-18 19:15:00,78,229,Crystal Palace,Wolverhampton Wanderers,WOL,CRY,0,1.0139,1,0.857837,0.857837,-0.39833300000000005,8.366666666666667,8,3,1.688,2,1.25617,1.25617,0.39833300000000005,7.7272727272727275,8
ENG-Premier League,2223,2022-10-19 Bournemouth-Southampton,1,2022,18313,2022-10-19 18:30:00,73,74,Bournemouth,Southampton,SOU,BOU,3,1.7622,1,1.23878,1.23878,0.42832800000000004,13.65,6,0,0.9384,0,0.810452,0.810452,-0.42832800000000004,11.761904761904763,8
ENG-Premier League,2223,2022-10-19 Brentford-Chelsea,1,2022,18314,2022-10-19 18:30:00,244,80,Brentford,Chelsea,CHE,BRE,1,0.5537,0,0.557405,0.557405,-0.894875,10.5,14,1,2.201,0,1.45228,1.45228,0.894875,16.705882352941178,7
ENG-Premier League,2223,2022-10-19 Liverpool-West Ham,1,2022,18320,2022-10-19 18:30:00,87,81,Liverpool,West Ham,WHU,LIV,0,1.5733,0,2.48649,1.72532,-0.5153400000000001,26.714285714285715,4,3,1.1908,1,2.24066,2.24066,0.5153400000000001,12.76,8
ENG-Premier League,2223,2022-10-19 Manchester United-Tottenham,1,2022,18321,2022-10-19 19:15:00,89,82,Manchester United,Tottenham,TOT,MUN,0,0.5901000000000001,0,0.658526,0.658526,-1.051204,18.357142857142858,7,3,2.1683999999999997,2,1.70973,1.70973,1.051204,18.41176470588235,10
ENG-Premier League,2223,2022-10-19 Newcastle United-Everton,1,2022,18319,2022-10-19 18:30:00,86,72,Newcastle United,Everton,EVE,NEW,0,0.3695,0,0.0609567,0.0609567,-1.0729733000000001,10.9,5,3,2.318,1,1.13393,1.13393,1.0729733000000001,9.576923076923077,8
ENG-Premier League,2223,2022-10-20 Fulham-Aston Villa,1,2022,18316,2022-10-20 18:30:00,228,71,Fulham,Aston Villa,AVL,FLH,0,0.1854,0,0.711487,0.711487,-1.419343,18.6,2,3,2.7297000000000002,3,2.892,2.13083,1.419343,11.266666666666667,8
ENG-Premier League,2223,2022-10-20 Leicester-Leeds,1,2022,18317,2022-10-20 19:15:00,75,245,Leicester,Leeds,LED,LEI,0,1.8351000000000002,0,1.19464,1.19464,0.539391,8.7,5,3,0.8526,2,0.655249,0.655249,-0.539391,10.678571428571429,4
ENG-Premier League,2223,2022-10-22 Chelsea-Manchester United,1,2022,18323,2022-10-22 15:30:00,80,89,Chelsea,Manchester United,MUN,CHE,1,0.8199,1,0.730935,0.730935,0.289729,16.307692307692307,8,1,1.8624,1,1.20238,0.441206,-0.289729,16.0,3
ENG-Premier League,2223,2022-10-22 Everton-Crystal Palace,1,2022,18324,2022-10-22 14:00:00,72,78,Everton,Crystal Palace,CRY,EVE,0,0.3649,0,0.597167,0.597167,-1.336793,8.583333333333334,4,3,2.4649,3,1.93396,1.93396,1.336793,9.655172413793103,5
ENG-Premier League,2223,2022-10-22 Manchester City-Brighton,1,2022,18326,2022-10-22 14:00:00,88,220,Manchester City,Brighton,BRI,MCI,0,0.36119999999999997,1,0.52863,0.52863,-0.57259,13.588235294117647,5,3,2.4588000000000005,3,1.86239,1.10122,0.57259,12.0,14
ENG-Premier League,2223,2022-10-22 Nottingham Forest-Liverpool,1,2022,18327,2022-10-22 11:30:00,249,87,Nottingham Forest,Liverpool,LIV,NOT,0,1.1612,0,2.19752,2.19752,-0.3041100000000001,5.45,13,3,1.6084999999999998,1,2.50163,2.50163,0.3041100000000001,24.8,6
ENG-Premier League,2223,2022-10-23 Aston Villa-Brentford,1,2022,18322,2022-10-23 13:00:00,71,244,Aston Villa,Brentford,BRE,AVL,0,0.1311,0,1.00462,1.00462,-1.6903799999999998,7.363636363636363,3,3,2.8011,4,3.45617,2.695,1.6903799999999998,7.172413793103448,9
ENG-Premier League,2223,2022-10-23 Leeds-Fulham,1,2022,18325,2022-10-23 13:00:00,245,228,Leeds,Fulham,FLH,LED,3,1.7397,3,2.47512,2.47512,0.51128,14.68421052631579,3,0,1.0389000000000002,2,1.96384,1.96384,-0.51128,6.033333333333333,8
ENG-Premier League,2223,2022-10-23 Southampton-Arsenal,1,2022,18328,2022-10-23 13:00:00,74,83,Southampton,Arsenal,ARS,SOU,1,2.1541,1,1.57897,1.57897,0.956317,9.565217391304348,8,1,0.5932,1,0.622653,0.622653,-0.956317,21.066666666666666,7
ENG-Premier League,2223,2022-10-23 Tottenham-Newcastle United,1,2022,18329,2022-10-23 15:30:00,82,86,Tottenham,Newcastle United,NEW,TOT,3,1.0397,2,1.1294,1.1294,-0.43572999999999995,15.055555555555555,11,0,1.6868,1,1.56513,1.56513,0.43572999999999995,8.5,7
ENG-Premier League,2223,2022-10-23 Wolverhampton Wanderers-Leicester,1,2022,18331,2022-10-23 13:00:00,229,75,Wolverhampton Wanderers,Leicester,LEI,WOL,3,0.915,4,0.989075,0.989075,-0.628775,19.529411764705884,5,0,1.8126,0,1.61785,1.61785,0.628775,24.714285714285715,11
ENG-Premier League,2223,2022-10-24 West Ham-Bournemouth,1,2022,18330,2022-10-24 19:00:00,81,73,West Ham,Bournemouth,BOU,WHU,0,0.4172,0,0.730443,0.730443,-0.4855370000000001,15.68421052631579,4,3,2.3783,2,1.97715,1.21598,0.4855370000000001,11.318181818181818,7
ENG-Premier League,2223,2022-10-29 Bournemouth-Tottenham,1,2022,18333,2022-10-29 14:00:00,73,82,Bournemouth,Tottenham,TOT,BOU,3,2.2932,3,2.1946,2.1946,1.307067,18.4,10,0,0.5073,2,0.887533,0.887533,-1.307067,20.5625,3
ENG-Premier League,2223,2022-10-29 Brentford-Wolverhampton Wanderers,1,2022,18334,2022-10-29 14:00:00,244,229,Brentford,Wolverhampton Wanderers,WOL,BRE,1,0.6939,1,0.557605,0.557605,-0.734965,12.722222222222221,2,1,2.0292,1,1.29257,1.29257,0.734965,5.84,6
ENG-Premier League,2223,2022-10-29 Brighton-Chelsea,1,2022,18335,2022-10-29 14:00:00,220,80,Brighton,Chelsea,CHE,BRI,0,0.296,1,1.07554,1.07554,-1.8054599999999998,12.5,8,3,2.5709,4,2.881,2.881,1.8054599999999998,22.692307692307693,5
ENG-Premier League,2223,2022-10-29 Crystal Palace-Southampton,1,2022,18336,2022-10-29 14:00:00,78,74,Crystal Palace,Southampton,SOU,CRY,0,1.6206,0,1.35803,1.35803,0.35419,7.3,8,3,1.0788,1,1.00384,1.00384,-0.35419,11.608695652173912,7
ENG-Premier League,2223,2022-10-29 Fulham-Everton,1,2022,18337,2022-10-29 16:30:00,228,72,Fulham,Everton,EVE,FLH,1,0.9375,0,1.19166,1.19166,-0.5727200000000001,22.636363636363637,2,1,1.7925,0,1.76438,1.76438,0.5727200000000001,11.15,11
ENG-Premier League,2223,2022-10-29 Leicester-Manchester City,1,2022,18338,2022-10-29 11:30:00,75,88,Leicester,Manchester City,MCI,LEI,3,1.3047,1,0.703827,0.703827,0.010229999999999961,14.941176470588236,14,0,1.3143,0,0.693597,0.693597,-0.010229999999999961,31.875,2
ENG-Premier League,2223,2022-10-29 Liverpool-Leeds,1,2022,18339,2022-10-29 18:45:00,87,245,Liverpool,Leeds,LED,LIV,3,1.1673,2,1.61271,1.61271,-0.2961799999999999,29.285714285714285,6,0,1.5762,1,1.90889,1.90889,0.2961799999999999,10.916666666666666,14
ENG-Premier League,2223,2022-10-29 Newcastle United-Aston Villa,1,2022,18341,2022-10-29 14:00:00,86,71,Newcastle United,Aston Villa,AVL,NEW,0,0.011300000000000001,0,0.270814,0.270814,-3.156106,17.5,2,3,2.9801,4,4.18808,3.42692,3.156106,10.722222222222221,15
ENG-Premier League,2223,2022-10-30 Arsenal-Nottingham Forest,1,2022,18332,2022-10-30 14:00:00,83,249,Arsenal,Nottingham Forest,NOT,ARS,0,0.054400000000000004,0,0.206127,0.206127,-2.800863,26.25,2,3,2.9077,5,3.00699,3.00699,2.800863,7.7894736842105265,21
ENG-Premier League,2223,2022-10-30 Manchester United-West Ham,1,2022,18340,2022-10-30 16:15:00,89,81,Manchester United,West Ham,WHU,MUN,0,0.7785,0,1.00033,1.00033,-0.7510700000000001,16.466666666666665,5,3,1.9599000000000002,1,1.7514,1.7514,0.7510700000000001,13.5,6
ENG-Premier League,2223,2022-11-05 Everton-Leicester,1,2022,18344,2022-11-05 17:30:00,72,75,Everton,Leicester,LEI,EVE,3,1.9554,2,2.2679,2.2679,0.895,15.733333333333333,11,0,0.8298,0,1.3729,1.3729,-0.895,22.533333333333335,12
ENG-Premier League,2223,2022-11-05 Leeds-Bournemouth,1,2022,18345,2022-11-05 15:00:00,245,73,Leeds,Bournemouth,BOU,LED,0,0.8761000000000001,3,1.55594,1.55594,0.09179000000000004,15.384615384615385,5,3,1.8841,4,2.22532,1.46415,-0.09179000000000004,4.757575757575758,8
ENG-Premier League,2223,2022-11-05 Manchester City-Fulham,1,2022,18346,2022-11-05 15:00:00,88,228,Manchester City,Fulham,FLH,MCI,0,0.2887,1,0.843884,0.0827148,-1.5494352,35.46153846153846,1,3,2.5408000000000004,2,2.39332,1.63215,1.5494352,12.0625,11
ENG-Premier League,2223,2022-11-05 Nottingham Forest-Brentford,1,2022,18347,2022-11-05 15:00:00,249,244,Nottingham Forest,Brentford,BRE,NOT,1,1.3210000000000002,2,1.2204,0.459234,-0.837726,13.357142857142858,6,1,1.3615,2,1.29696,1.29696,0.837726,16.235294117647058,10
ENG-Premier League,2223,2022-11-05 Wolverhampton Wanderers-Brighton,1,2022,18351,2022-11-05 15:00:00,229,220,Wolverhampton Wanderers,Brighton,BRI,WOL,3,1.8116999999999999,3,1.87375,1.87375,1.3424,8.928571428571429,18,0,0.9174,2,1.29252,0.53135,-1.3424,21.944444444444443,2
ENG-Premier League,2223,2022-11-06 Aston Villa-Manchester United,1,2022,18342,2022-11-06 14:00:00,71,89,Aston Villa,Manchester United,MUN,AVL,0,1.2238,1,0.517189,0.517189,-0.06137400000000004,10.956521739130435,10,3,1.3351,3,0.578563,0.578563,0.06137400000000004,18.0,5
ENG-Premier League,2223,2022-11-06 Chelsea-Arsenal,1,2022,18343,2022-11-06 12:00:00,80,83,Chelsea,Arsenal,ARS,CHE,3,2.8162,1,2.37846,2.37846,2.099645,5.967741935483871,3,0,0.11019999999999999,0,0.278815,0.278815,-2.099645,8.551724137931034,5
ENG-Premier League,2223,2022-11-06 Southampton-Newcastle United,1,2022,18348,2022-11-06 14:00:00,74,86,Southampton,Newcastle United,NEW,SOU,3,1.1618,4,1.42101,1.42101,-0.23126999999999986,14.266666666666667,4,0,1.5574999999999999,1,1.65228,1.65228,0.23126999999999986,9.045454545454545,6
ENG-Premier League,2223,2022-11-06 Tottenham-Liverpool,1,2022,18349,2022-11-06 16:30:00,82,87,Tottenham,Liverpool,LIV,TOT,3,1.1415,2,1.46548,1.46548,-0.3518800000000002,17.058823529411764,7,0,1.6047,1,1.81736,1.81736,0.3518800000000002,15.458333333333334,4
ENG-Premier League,2223,2022-11-06 West Ham-Crystal Palace,1,2022,18350,2022-11-06 14:00:00,81,78,West Ham,Crystal Palace,CRY,WHU,3,2.1555,2,1.03344,1.03344,0.8408609999999999,31.333333333333332,9,0,0.5124,1,0.192579,0.192579,-0.8408609999999999,18.055555555555557,1
ENG-Premier League,2223,2022-11-12 Bournemouth-Everton,1,2022,18352,2022-11-12 15:00:00,73,72,Bournemouth,Everton,EVE,BOU,0,0.3039,0,0.768756,0.768756,-1.687664,5.5,7,3,2.5623,3,2.45642,2.45642,1.687664,22.428571428571427,8
ENG-Premier League,2223,2022-11-12 Liverpool-Southampton,1,2022,18355,2022-11-12 15:00:00,87,74,Liverpool,Southampton,SOU,LIV,0,0.5758,1,1.43427,1.43427,-1.3099100000000001,21.8,9,3,2.2507,3,2.74418,2.74418,1.3099100000000001,20.0,10
ENG-Premier League,2223,2022-11-12 Manchester City-Brentford,1,2022,18356,2022-11-12 12:30:00,88,244,Manchester City,Brentford,BRE,MCI,3,2.4331,2,3.29012,3.29012,1.68512,16.46153846153846,6,0,0.4285,1,1.605,1.605,-1.68512,4.2,26
ENG-Premier League,2223,2022-11-12 Newcastle United-Chelsea,1,2022,18357,2022-11-12 17:30:00,86,80,Newcastle United,Chelsea,CHE,NEW,0,0.461,0,0.359105,0.359105,-1.000995,10.681818181818182,2,3,2.2991,1,1.3601,1.3601,1.000995,8.485714285714286,7
ENG-Premier League,2223,2022-11-12 Nottingham Forest-Crystal Palace,1,2022,18358,2022-11-12 15:00:00,249,78,Nottingham Forest,Crystal Palace,CRY,NOT,0,1.2479,0,1.14552,0.384356,-0.853164,8.2,3,3,1.4003,1,1.23752,1.23752,0.853164,25.6,4
ENG-Premier League,2223,2022-11-12 Tottenham-Leeds,1,2022,18359,2022-11-12 15:00:00,82,245,Tottenham,Leeds,LED,TOT,0,0.8555999999999999,3,1.71731,1.71731,-0.8631500000000001,21.533333333333335,6,3,1.9404,4,2.58046,2.58046,0.8631500000000001,16.727272727272727,7
ENG-Premier League,2223,2022-11-12 West Ham-Leicester,1,2022,18360,2022-11-12 15:00:00,81,75,West Ham,Leicester,LEI,WHU,3,2.1716,2,1.60566,0.844493,0.1237720000000001,11.652173913043478,5,0,0.5972,0,0.720721,0.720721,-0.1237720000000001,12.238095238095237,6
ENG-Premier League,2223,2022-11-12 Wolverhampton Wanderers-Arsenal,1,2022,18361,2022-11-12 19:45:00,229,83,Wolverhampton Wanderers,Arsenal,ARS,WOL,3,2.6550999999999996,2,2.27996,2.27996,1.767621,13.142857142857142,4,0,0.2254,0,0.512339,0.512339,-1.767621,18.11764705882353,4
ENG-Premier League,2223,2022-11-13 Brighton-Aston Villa,1,2022,18353,2022-11-13 14:00:00,220,71,Brighton,Aston Villa,AVL,BRI,3,1.6934,2,1.15437,0.393198,-0.43590900000000005,16.38888888888889,6,0,0.9650000000000001,1,0.829107,0.829107,0.43590900000000005,4.96875,7
ENG-Premier League,2223,2022-11-13 Fulham-Manchester United,1,2022,18354,2022-11-13 16:30:00,228,89,Fulham,Manchester United,MUN,FLH,3,2.4579999999999997,2,3.37664,3.37664,1.67446,20.416666666666668,6,0,0.4,1,1.70218,1.70218,-1.67446,11.857142857142858,6
ENG-Premier League,2223,2022-12-26 Arsenal-West Ham,1,2022,18362,2022-12-26 20:00:00,83,81,Arsenal,West Ham,WHU,ARS,0,0.7037,1,1.02652,0.265347,-1.622933,19.526315789473685,1,3,2.0354,3,1.88828,1.88828,1.622933,7.576923076923077,14
ENG-Premier League,2223,2022-12-26 Aston Villa-Liverpool,1,2022,18363,2022-12-26 17:30:00,71,87,Aston Villa,Liverpool,LIV,AVL,3,2.4625000000000004,3,3.50694,3.50694,1.81539,12.318181818181818,8,0,0.4063,1,1.69155,1.69155,-1.81539,30.0,5
ENG-Premier League,2223,2022-12-26 Brentford-Tottenham,1,2022,18364,2022-12-26 12:30:00,244,82,Brentford,Tottenham,TOT,BRE,1,0.39239999999999997,2,0.883787,0.883787,-1.368843,8.8125,5,1,2.4435,2,2.25263,2.25263,1.368843,11.583333333333334,7
ENG-Premier League,2223,2022-12-26 Crystal Palace-Fulham,1,2022,18366,2022-12-26 15:00:00,78,228,Crystal Palace,Fulham,FLH,CRY,3,2.7766,3,2.69927,2.69927,2.277516,8.678571428571429,13,0,0.1444,0,0.421754,0.421754,-2.277516,18.11111111111111,2
ENG-Premier League,2223,2022-12-26 Everton-Wolverhampton Wanderers,1,2022,18367,2022-12-26 15:00:00,72,229,Everton,Wolverhampton Wanderers,WOL,EVE,3,1.3537,2,1.22076,1.22076,-0.005769999999999831,9.4,6,0,1.3318,1,1.22653,1.22653,0.005769999999999831,8.590909090909092,4
ENG-Premier League,2223,2022-12-26 Leicester-Newcastle United,1,2022,18369,2022-12-26 15:00:00,75,86,Leicester,Newcastle United,NEW,LEI,3,2.5989000000000004,3,1.76382,1.00265,0.69166,23.2,5,0,0.2514,0,0.31099,0.31099,-0.69166,6.966666666666667,4
ENG-Premier League,2223,2022-12-26 Southampton-Brighton,1,2022,18371,2022-12-26 15:00:00,74,220,Southampton,Brighton,BRI,SOU,3,0.7412000000000001,3,1.00714,1.00714,0.14921899999999988,11.0625,10,0,1.9778000000000002,1,1.70709,0.857921,-0.14921899999999988,20.227272727272727,5
ENG-Premier League,2223,2022-12-27 Chelsea-Bournemouth,1,2022,18365,2022-12-27 17:30:00,80,73,Chelsea,Bournemouth,BOU,CHE,0,0.33640000000000003,0,0.44307,0.44307,-1.47071,15.291666666666666,4,3,2.4991,2,1.91378,1.91378,1.47071,10.470588235294118,7
ENG-Premier League,2223,2022-12-27 Manchester United-Nottingham Forest,1,2022,18370,2022-12-27 20:00:00,89,249,Manchester United,Nottingham Forest,NOT,MUN,0,0.2949,0,0.477076,0.477076,-1.659604,41.625,2,3,2.5566,3,2.13668,2.13668,1.659604,5.695652173913044,22
ENG-Premier League,2223,2022-12-28 Leeds-Manchester City,1,2022,18368,2022-12-28 20:00:00,245,88,Leeds,Manchester City,MCI,LED,3,2.9045,3,4.16249,4.16249,3.558739,7.9,13,0,0.062,1,0.603751,0.603751,-3.558739,27.0,7
ENG-Premier League,2223,2022-12-30 Liverpool-Leicester,1,2022,18375,2022-12-30 20:00:00,87,75,Liverpool,Leicester,LEI,LIV,0,0.5978,1,0.863312,0.863312,-1.161318,22.0625,3,3,2.1905,2,2.02463,2.02463,1.161318,14.65,6
ENG-Premier League,2223,2022-12-30 West Ham-Brentford,1,2022,18380,2022-12-30 19:45:00,81,244,West Ham,Brentford,BRE,WHU,3,1.723,2,1.51436,1.51436,0.37456999999999985,30.444444444444443,7,0,1.0096,0,1.13979,1.13979,-0.37456999999999985,10.0,5
ENG-Premier League,2223,2022-12-31 Bournemouth-Crystal Palace,1,2022,18372,2022-12-31 15:00:00,73,78,Bournemouth,Crystal Palace,CRY,BOU,3,2.0931,2,1.75264,1.75264,0.8568209999999999,9.73076923076923,8,0,0.639,0,0.895819,0.895819,-0.8568209999999999,7.05,8
ENG-Premier League,2223,2022-12-31 Brighton-Arsenal,1,2022,18373,2022-12-31 17:30:00,220,83,Brighton,Arsenal,ARS,BRI,3,2.6530000000000005,4,3.22106,3.22106,2.0644299999999998,15.5,8,0,0.2419,2,1.15663,1.15663,-2.0644299999999998,8.125,9
ENG-Premier League,2223,2022-12-31 Fulham-Southampton,1,2022,18374,2022-12-31 15:00:00,228,74,Fulham,Southampton,SOU,FLH,0,0.6106,1,0.698711,0.698711,-0.03317000000000003,13.590909090909092,2,3,2.1262,2,1.49305,0.731881,0.03317000000000003,7.523809523809524,6
ENG-Premier League,2223,2022-12-31 Manchester City-Everton,1,2022,18376,2022-12-31 15:00:00,88,72,Manchester City,Everton,EVE,MCI,1,0.076,1,0.0760019,0.0760019,-2.2873281,33.9,2,1,2.8606000000000003,1,2.36333,2.36333,2.2873281,5.0,13
ENG-Premier League,2223,2022-12-31 Newcastle United-Leeds,1,2022,18377,2022-12-31 15:00:00,86,245,Newcastle United,Leeds,LED,NEW,1,0.1804,0,0.517099,0.517099,-2.271361,9.08695652173913,4,1,2.7312999999999996,0,2.78846,2.78846,2.271361,6.391304347826087,9
ENG-Premier League,2223,2022-12-31 Wolverhampton Wanderers-Manchester United,1,2022,18381,2022-12-31 12:30:00,229,89,Wolverhampton Wanderers,Manchester United,MUN,WOL,3,2.602,1,2.44728,2.44728,1.8596080000000001,8.73076923076923,13,0,0.2722,0,0.587672,0.587672,-1.8596080000000001,11.181818181818182,2
ENG-Premier League,2223,2023-01-01 Nottingham Forest-Chelsea,1,2022,18378,2023-01-01 16:30:00,249,80,Nottingham Forest,Chelsea,CHE,NOT,1,1.7223000000000002,1,1.37305,1.37305,0.38783100000000015,6.136363636363637,6,1,0.9858,1,0.985219,0.985219,-0.38783100000000015,19.291666666666668,10
ENG-Premier League,2223,2023-01-01 Tottenham-Aston Villa,1,2022,18379,2023-01-01 14:00:00,82,71,Tottenham,Aston Villa,AVL,TOT,3,1.9871,2,1.21733,1.21733,0.647947,17.27777777777778,7,0,0.7211000000000001,0,0.569383,0.569383,-0.647947,10.272727272727273,6
ENG-Premier League,2223,2023-01-02 Brentford-Liverpool,1,2022,18384,2023-01-02 17:30:00,244,87,Brentford,Liverpool,LIV,BRE,0,1.3323999999999998,1,2.10461,2.10461,0.005510000000000126,4.777777777777778,19,3,1.3942,3,2.0991,2.0991,-0.005510000000000126,16.11764705882353,0
ENG-Premier League,2223,2023-01-03 Arsenal-Newcastle United,1,2022,18382,2023-01-03 19:45:00,83,86,Arsenal,Newcastle United,NEW,ARS,1,1.356,0,0.959523,0.959523,-0.011113999999999957,11.909090909090908,4,1,1.3059,0,0.970637,0.970637,0.011113999999999957,7.466666666666667,9
ENG-Premier League,2223,2023-01-03 Everton-Brighton,1,2022,18387,2023-01-03 19:45:00,72,220,Everton,Brighton,BRI,EVE,3,2.3118,4,2.50731,2.50731,2.099522,21.2,4,0,0.4971,1,1.16896,0.407788,-2.099522,22.333333333333332,4
ENG-Premier League,2223,2023-01-03 Leicester-Fulham,1,2022,18389,2023-01-03 19:45:00,75,228,Leicester,Fulham,FLH,LEI,3,1.2708,1,1.33493,1.33493,-0.11728000000000005,15.227272727272727,4,0,1.4493,0,1.45221,1.45221,0.11728000000000005,6.25,6
ENG-Premier League,2223,2023-01-03 Manchester United-Bournemouth,1,2022,18390,2023-01-03 20:00:00,89,73,Manchester United,Bournemouth,BOU,MUN,0,0.1705,0,0.679022,0.679022,-2.2948079999999997,24.071428571428573,2,3,2.7469,3,2.97383,2.97383,2.2948079999999997,10.761904761904763,13
ENG-Premier League,2223,2023-01-04 Aston Villa-Wolverhampton Wanderers,1,2022,18383,2023-01-04 20:00:00,71,229,Aston Villa,Wolverhampton Wanderers,WOL,AVL,1,1.1548999999999998,1,0.832522,0.832522,-0.19973799999999997,13.7,2,1,1.5178999999999998,1,1.03226,1.03226,0.19973799999999997,18.692307692307693,4
ENG-Premier League,2223,2023-01-04 Crystal Palace-Tottenham,1,2022,18386,2023-01-04 20:00:00,78,82,Crystal Palace,Tottenham,TOT,CRY,3,2.1029,4,1.66514,1.66514,0.877615,14.235294117647058,9,0,0.6605000000000001,0,0.787525,0.787525,-0.877615,14.75,8
ENG-Premier League,2223,2023-01-04 Leeds-West Ham,1,2022,18388,2023-01-04 19:45:00,245,81,Leeds,West Ham,WHU,LED,1,1.4064,2,1.29245,0.531284,-0.7264160000000001,9.592592592592593,3,1,1.2828,2,1.2577,1.2577,0.7264160000000001,4.260869565217392,7
ENG-Premier League,2223,2023-01-04 Southampton-Nottingham Forest,1,2022,18391,2023-01-04 19:30:00,74,249,Southampton,Nottingham Forest,NOT,SOU,3,1.9408000000000003,1,1.22324,1.22324,0.5938700000000001,11.85,4,0,0.7590999999999999,0,0.62937,0.62937,-0.5938700000000001,5.565217391304348,4
ENG-Premier League,2223,2023-01-05 Chelsea-Manchester City,1,2022,18385,2023-01-05 20:00:00,80,88,Chelsea,Manchester City,MCI,CHE,3,2.42,1,1.71972,1.71972,1.226144,12.76923076923077,10,0,0.3875,0,0.493576,0.493576,-1.226144,13.583333333333334,5
ENG-Premier League,2223,2023-01-12 Fulham-Chelsea,1,2022,18262,2023-01-12 19:00:00,228,80,Fulham,Chelsea,CHE,FLH,0,2.5559,1,2.39911,2.39911,1.687844,8.73076923076923,7,3,0.2999,2,0.711266,0.711266,-1.687844,14.590909090909092,2
ENG-Premier League,2223,2023-01-13 Aston Villa-Leeds,1,2022,18392,2023-01-13 20:00:00,71,245,Aston Villa,Leeds,LED,AVL,0,1.9723,1,2.46295,2.46295,0.8169600000000001,6.219512195121951,1,3,0.8034999999999999,2,1.64599,1.64599,-0.8169600000000001,7.45,5
ENG-Premier League,2223,2023-01-14 Brentford-Bournemouth,1,2022,18393,2023-01-14 17:30:00,244,73,Brentford,Bournemouth,BOU,BRE,0,0.3588,0,0.269283,0.269283,-0.2677,10.142857142857142,2,3,2.4158999999999997,2,1.29815,0.536983,0.2677,13.0,3
ENG-Premier League,2223,2023-01-14 Brighton-Liverpool,1,2022,18394,2023-01-14 15:00:00,220,87,Brighton,Liverpool,LIV,BRI,0,0.6101000000000001,0,1.28853,1.28853,-1.11209,15.481481481481481,5,3,2.1797,3,2.40062,2.40062,1.11209,13.0,13
ENG-Premier League,2223,2023-01-14 Everton-Southampton,1,2022,18396,2023-01-14 15:00:00,72,74,Everton,Southampton,SOU,EVE,3,1.2537,2,1.08412,1.08412,-0.09779000000000004,6.84,8,0,1.4442,1,1.18191,1.18191,0.09779000000000004,13.071428571428571,4
ENG-Premier League,2223,2023-01-14 Manchester United-Manchester City,1,2022,18397,2023-01-14 12:30:00,89,88,Manchester United,Manchester City,MCI,MUN,0,0.3993,1,0.73695,0.73695,-1.24533,16.545454545454547,10,3,2.3972999999999995,2,1.98228,1.98228,1.24533,28.8125,9
ENG-Premier League,2223,2023-01-14 Nottingham Forest-Leicester,1,2022,18399,2023-01-14 15:00:00,249,75,Nottingham Forest,Leicester,LEI,NOT,0,0.6593,0,0.803421,0.803421,-0.949709,11.625,3,3,2.102,2,1.75313,1.75313,0.949709,17.05263157894737,6
ENG-Premier League,2223,2023-01-14 Wolverhampton Wanderers-West Ham,1,2022,18401,2023-01-14 15:00:00,229,81,Wolverhampton Wanderers,West Ham,WHU,WOL,0,1.2308000000000001,0,0.735105,0.735105,-0.07112699999999994,14.80952380952381,7,3,1.4042,1,0.806232,0.806232,0.07112699999999994,15.307692307692308,5
ENG-Premier League,2223,2023-01-15 Chelsea-Crystal Palace,1,2022,18395,2023-01-15 14:00:00,80,78,Chelsea,Crystal Palace,CRY,CHE,0,0.4668,0,0.837366,0.837366,-1.2925039999999999,11.5,3,3,2.3394,1,2.12987,2.12987,1.2925039999999999,5.739130434782608,9
ENG-Premier League,2223,2023-01-15 Newcastle United-Fulham,1,2022,18398,2023-01-15 14:00:00,86,228,Newcastle United,Fulham,FLH,NEW,0,0.6275,0,0.989872,0.228703,-1.733857,14.733333333333333,3,3,2.1173,1,1.96256,1.96256,1.733857,6.166666666666667,13
ENG-Premier League,2223,2023-01-15 Tottenham-Arsenal,1,2022,18400,2023-01-15 16:30:00,82,83,Tottenham,Arsenal,ARS,TOT,3,1.6227999999999998,2,2.04232,2.04232,0.3320000000000001,11.5,8,0,1.1280999999999999,0,1.71032,1.71032,-0.3320000000000001,16.923076923076923,8
ENG-Premier League,2223,2023-01-18 Crystal Palace-Manchester United,1,2022,18270,2023-01-18 15:30:00,78,89,Crystal Palace,Manchester United,MUN,CRY,1,2.2132,1,1.39437,1.39437,0.9810310000000001,7.958333333333333,12,1,0.5356,1,0.413339,0.413339,-0.9810310000000001,13.068965517241379,3
ENG-Premier League,2223,2023-01-19 Manchester City-Tottenham,1,2022,18267,2023-01-19 19:00:00,88,82,Manchester City,Tottenham,TOT,MCI,0,0.5789,2,1.16499,1.16499,-1.17667,19.58823529411765,8,3,2.2180999999999997,4,2.34166,2.34166,1.17667,12.619047619047619,11
ENG-Premier League,2223,2023-01-21 Bournemouth-Nottingham Forest,1,2022,18403,2023-01-21 15:00:00,73,249,Bournemouth,Nottingham Forest,NOT,BOU,1,1.1899,1,1.57544,1.57544,-0.2300500000000001,10.0,5,1,1.5412,1,1.80549,1.80549,0.2300500000000001,19.5,10
ENG-Premier League,2223,2023-01-21 Crystal Palace-Newcastle United,1,2022,18404,2023-01-21 17:30:00,78,86,Crystal Palace,Newcastle United,NEW,CRY,1,2.3175999999999997,0,1.44384,1.44384,1.110686,6.842105263157895,13,1,0.4495,0,0.333154,0.333154,-1.110686,7.870967741935484,3
ENG-Premier League,2223,2023-01-21 Leicester-Brighton,1,2022,18407,2023-01-21 15:00:00,75,220,Leicester,Brighton,BRI,LEI,1,1.83,2,1.94491,1.94491,0.5854999999999999,9.80952380952381,12,1,0.9098999999999999,2,1.35941,1.35941,-0.5854999999999999,32.81818181818182,2
ENG-Premier League,2223,2023-01-21 Liverpool-Chelsea,1,2022,18408,2023-01-21 12:30:00,87,80,Liverpool,Chelsea,CHE,LIV,1,1.7712999999999999,0,1.84467,1.84467,0.54342,9.814814814814815,7,1,0.9705999999999999,0,1.30125,1.30125,-0.54342,10.5625,7
ENG-Premier League,2223,2023-01-21 Southampton-Aston Villa,1,2022,18410,2023-01-21 15:00:00,74,71,Southampton,Aston Villa,AVL,SOU,3,1.7348,1,1.16432,1.16432,0.491876,7.571428571428571,8,0,0.9340999999999999,0,0.672444,0.672444,-0.491876,12.035714285714286,4
ENG-Premier League,2223,2023-01-21 West Ham-Everton,1,2022,18411,2023-01-21 15:00:00,81,72,West Ham,Everton,EVE,WHU,0,0.0847,0,0.286826,0.286826,-2.181964,10.526315789473685,4,3,2.8585,2,2.46879,2.46879,2.181964,21.2,3
ENG-Premier League,2223,2023-01-22 Arsenal-Manchester United,1,2022,18402,2023-01-22 16:30:00,83,89,Arsenal,Manchester United,MUN,ARS,0,0.0829,2,0.272246,0.272246,-2.630484,13.777777777777779,1,3,2.863,3,2.90273,2.90273,2.630484,11.833333333333334,15
ENG-Premier League,2223,2023-01-22 Leeds-Brentford,1,2022,18406,2023-01-22 14:00:00,245,244,Leeds,Brentford,BRE,LED,1,0.9567,0,0.17114,0.17114,-0.20359600000000003,7.037037037037037,5,1,1.4442,0,0.374736,0.374736,0.20359600000000003,7.260869565217392,7
ENG-Premier League,2223,2023-01-22 Manchester City-Wolverhampton Wanderers,1,2022,18409,2023-01-22 14:00:00,88,229,Manchester City,Wolverhampton Wanderers,WOL,MCI,0,0.0675,0,0.469277,0.469277,-2.097123,19.0,4,3,2.8917,3,3.32757,2.5664,2.097123,20.066666666666666,9
ENG-Premier League,2223,2023-01-23 Fulham-Tottenham,1,2022,18405,2023-01-23 20:00:00,228,82,Fulham,Tottenham,TOT,FLH,3,1.2361,1,0.993805,0.993805,-0.09958500000000003,12.952380952380953,7,0,1.4263,0,1.09339,1.09339,0.09958500000000003,9.275862068965518,7
ENG-Premier League,2223,2023-02-03 Chelsea-Fulham,1,2022,18415,2023-02-03 20:00:00,80,228,Chelsea,Fulham,FLH,CHE,1,0.5918,0,0.493341,0.493341,-0.9213689999999999,19.727272727272727,5,1,2.1542,0,1.41471,1.41471,0.9213689999999999,4.2727272727272725,5
ENG-Premier League,2223,2023-02-04 Aston Villa-Leicester,1,2022,18412,2023-02-04 15:00:00,71,75,Aston Villa,Leicester,LEI,AVL,3,2.0979,4,2.49784,2.49784,0.9989400000000002,13.333333333333334,5,0,0.6897,2,1.4989,1.4989,-0.9989400000000002,7.72,15
ENG-Premier League,2223,2023-02-04 Brentford-Southampton,1,2022,18413,2023-02-04 15:00:00,244,74,Brentford,Southampton,SOU,BRE,0,0.2808,0,0.644385,0.644385,-1.723085,8.578947368421053,5,3,2.5815,3,2.36747,2.36747,1.723085,12.058823529411764,12
ENG-Premier League,2223,2023-02-04 Brighton-Bournemouth,1,2022,18414,2023-02-04 15:00:00,220,73,Brighton,Bournemouth,BOU,BRI,0,0.3349,0,0.908298,0.908298,-1.648662,23.266666666666666,2,3,2.5242999999999998,1,2.55696,2.55696,1.648662,6.947368421052632,15
ENG-Premier League,2223,2023-02-04 Everton-Arsenal,1,2022,18416,2023-02-04 12:30:00,72,83,Everton,Arsenal,ARS,EVE,0,0.3624,0,0.690102,0.690102,-1.401808,5.777777777777778,11,3,2.4711,1,2.09191,2.09191,1.401808,18.0,4
ENG-Premier League,2223,2023-02-04 Manchester United-Crystal Palace,1,2022,18417,2023-02-04 15:00:00,89,78,Manchester United,Crystal Palace,CRY,MUN,0,0.8257,1,1.3798,1.3798,0.0706199999999999,16.466666666666665,4,3,1.9072,2,2.07035,1.30918,-0.0706199999999999,13.823529411764707,11
ENG-Premier League,2223,2023-02-04 Newcastle United-West Ham,1,2022,18418,2023-02-04 17:30:00,86,81,Newcastle United,West Ham,WHU,NEW,1,1.3900000000000001,1,1.27831,1.27831,0.04947999999999997,10.576923076923077,4,1,1.3,1,1.22883,1.22883,-0.04947999999999997,8.05,6
ENG-Premier League,2223,2023-02-04 Wolverhampton Wanderers-Liverpool,1,2022,18421,2023-02-04 15:00:00,229,87,Wolverhampton Wanderers,Liverpool,LIV,WOL,0,0.5375,0,1.30193,1.30193,-1.33135,11.7,14,3,2.291,3,2.63328,2.63328,1.33135,27.818181818181817,5
ENG-Premier League,2223,2023-02-05 Nottingham Forest-Leeds,1,2022,18419,2023-02-05 14:00:00,249,245,Nottingham Forest,Leeds,LED,NOT,0,2.1578,0,1.12331,1.12331,0.79081,3.3333333333333335,7,3,0.5509999999999999,1,0.3325,0.3325,-0.79081,14.428571428571429,1
ENG-Premier League,2223,2023-02-05 Tottenham-Manchester City,1,2022,18420,2023-02-05 16:30:00,82,88,Tottenham,Manchester City,MCI,TOT,0,0.7836,0,0.773747,0.773747,-0.6479330000000001,5.8,5,3,1.9440000000000002,1,1.42168,1.42168,0.6479330000000001,20.214285714285715,3
ENG-Premier League,2223,2023-02-08 Manchester United-Leeds,1,2022,18279,2023-02-08 19:00:00,89,245,Manchester United,Leeds,LED,MUN,1,0.3845,2,0.554798,0.554798,-1.4452720000000001,12.222222222222221,4,1,2.4416,2,2.00007,2.00007,1.4452720000000001,5.65,11
ENG-Premier League,2223,2023-02-11 Arsenal-Brentford,1,2022,18422,2023-02-11 15:00:00,83,244,Arsenal,Brentford,BRE,ARS,1,2.0312,1,2.17538,2.17538,0.808,12.0,15,1,0.7451000000000001,1,1.36738,1.36738,-0.808,6.466666666666667,21
ENG-Premier League,2223,2023-02-11 Bournemouth-Newcastle United,1,2022,18423,2023-02-11 17:30:00,73,86,Bournemouth,Newcastle United,NEW,BOU,1,1.332,1,1.54853,1.54853,0.003949999999999898,4.592592592592593,6,1,1.3287,1,1.54458,1.54458,-0.003949999999999898,15.5,4
ENG-Premier League,2223,2023-02-11 Crystal Palace-Brighton,1,2022,18424,2023-02-11 15:00:00,78,220,Crystal Palace,Brighton,BRI,CRY,1,2.5086,1,2.64981,2.64981,1.7215310000000001,3.6333333333333333,8,1,0.3426,1,0.928279,0.928279,-1.7215310000000001,21.61904761904762,2
ENG-Premier League,2223,2023-02-11 Fulham-Nottingham Forest,1,2022,18425,2023-02-11 15:00:00,228,249,Fulham,Nottingham Forest,NOT,FLH,0,0.5786,0,0.686824,0.686824,-1.0102160000000002,11.45,6,3,2.1977,2,1.69704,1.69704,1.0102160000000002,11.217391304347826,6
ENG-Premier League,2223,2023-02-11 Leicester-Tottenham,1,2022,18427,2023-02-11 15:00:00,75,82,Leicester,Tottenham,TOT,LEI,0,1.1009000000000002,1,1.11709,1.11709,-0.2949900000000001,16.1875,4,3,1.5917,4,1.41208,1.41208,0.2949900000000001,7.073170731707317,6
ENG-Premier League,2223,2023-02-11 Southampton-Wolverhampton Wanderers,1,2022,18430,2023-02-11 15:00:00,74,229,Southampton,Wolverhampton Wanderers,WOL,SOU,3,0.7284,2,0.615651,0.615651,-0.6863790000000001,5.947368421052632,2,0,1.9829999999999999,1,1.30203,1.30203,0.6863790000000001,8.470588235294118,7
ENG-Premier League,2223,2023-02-11 West Ham-Chelsea,1,2022,18431,2023-02-11 12:30:00,81,80,West Ham,Chelsea,CHE,WHU,1,1.1671,1,0.900465,0.900465,-0.17568499999999998,5.65,10,1,1.5019,1,1.07615,1.07615,0.17568499999999998,21.333333333333332,6
ENG-Premier League,2223,2023-02-12 Leeds-Manchester United,1,2022,18426,2023-02-12 14:00:00,245,89,Leeds,Manchester United,MUN,LED,3,0.9276,2,1.30375,1.30375,-0.58788,5.75,5,0,1.8255,0,1.89163,1.89163,0.58788,11.266666666666667,5
ENG-Premier League,2223,2023-02-12 Manchester City-Aston Villa,1,2022,18429,2023-02-12 16:30:00,88,71,Manchester City,Aston Villa,AVL,MCI,0,0.028499999999999998,1,0.275348,0.275348,-2.573352,23.6,4,3,2.9523,3,3.60987,2.8487,2.573352,8.090909090909092,7
ENG-Premier League,2223,2023-02-13 Liverpool-Everton,1,2022,18428,2023-02-13 20:00:00,87,72,Liverpool,Everton,EVE,LIV,0,0.2119,0,0.402331,0.402331,-1.830579,14.407407407407407,3,3,2.6658999999999997,2,2.23291,2.23291,1.830579,10.916666666666666,7
ENG-Premier League,2223,2023-02-15 Arsenal-Manchester City,1,2022,18312,2023-02-15 18:30:00,83,88,Arsenal,Manchester City,MCI,ARS,3,1.5791000000000002,3,2.00841,2.00841,1.068194,12.384615384615385,7,0,1.1446999999999998,1,1.70139,0.940216,-1.068194,8.777777777777779,9
ENG-Premier League,2223,2023-02-18 Aston Villa-Arsenal,1,2022,18432,2023-02-18 12:30:00,71,83,Aston Villa,Arsenal,ARS,AVL,3,2.8289,4,2.85981,2.85981,2.524058,9.157894736842104,14,0,0.1094,2,0.335752,0.335752,-2.524058,14.68421052631579,2
ENG-Premier League,2223,2023-02-18 Brentford-Crystal Palace,1,2022,18433,2023-02-18 15:00:00,244,78,Brentford,Crystal Palace,CRY,BRE,1,1.8361,1,1.12202,1.12202,0.511915,19.733333333333334,3,1,0.8538999999999999,1,0.610105,0.610105,-0.511915,7.32,12
ENG-Premier League,2223,2023-02-18 Brighton-Fulham,1,2022,18434,2023-02-18 15:00:00,220,228,Brighton,Fulham,FLH,BRI,3,0.0896,1,0.224214,0.224214,-2.489536,22.058823529411764,0,0,2.8478000000000003,0,2.71375,2.71375,2.489536,6.2,10
ENG-Premier League,2223,2023-02-18 Chelsea-Southampton,1,2022,18435,2023-02-18 15:00:00,80,74,Chelsea,Southampton,SOU,CHE,3,0.5426,1,0.619532,0.619532,-0.997698,7.119047619047619,3,0,2.2223,0,1.61723,1.61723,0.997698,5.862068965517241,11
ENG-Premier League,2223,2023-02-18 Everton-Leeds,1,2022,18436,2023-02-18 15:00:00,72,245,Everton,Leeds,LED,EVE,0,0.5959,0,0.597403,0.597403,-0.9407070000000001,12.117647058823529,6,3,2.1601,1,1.53811,1.53811,0.9407070000000001,10.157894736842104,7
ENG-Premier League,2223,2023-02-18 Newcastle United-Liverpool,1,2022,18438,2023-02-18 17:30:00,86,87,Newcastle United,Liverpool,LIV,NEW,3,1.6645,2,2.16549,2.16549,0.41697000000000006,7.076923076923077,7,0,1.0993,0,1.74852,1.74852,-0.41697000000000006,41.2,5
ENG-Premier League,2223,2023-02-18 Nottingham Forest-Manchester City,1,2022,18439,2023-02-18 15:00:00,249,88,Nottingham Forest,Manchester City,MCI,NOT,1,2.6523,1,2.80966,2.80966,1.68231,7.470588235294118,16,1,0.22080000000000002,1,1.12735,1.12735,-1.68231,39.625,1
ENG-Premier League,2223,2023-02-18 Wolverhampton Wanderers-Bournemouth,1,2022,18441,2023-02-18 15:00:00,229,73,Wolverhampton Wanderers,Bournemouth,BOU,WOL,3,1.6663000000000001,1,1.15274,1.15274,0.24132500000000012,21.235294117647058,4,0,0.9955,0,0.911415,0.911415,-0.24132500000000012,6.6,11
ENG-Premier League,2223,2023-02-19 Manchester United-Leicester,1,2022,18437,2023-02-19 14:00:00,89,75,Manchester United,Leicester,LEI,MUN,0,0.1849,0,1.39678,1.39678,-2.84985,11.586206896551724,7,3,2.7448,3,4.24663,4.24663,2.84985,10.545454545454545,12
ENG-Premier League,2223,2023-02-19 Tottenham-West Ham,1,2022,18440,2023-02-19 16:30:00,82,81,Tottenham,West Ham,WHU,TOT,0,0.4648,0,0.365173,0.365173,-1.065247,10.821428571428571,3,3,2.2909,2,1.43042,1.43042,1.065247,6.592592592592593,8
ENG-Premier League,2223,2023-02-24 Fulham-Wolverhampton Wanderers,1,2022,18445,2023-02-24 20:00:00,228,229,Fulham,Wolverhampton Wanderers,WOL,FLH,1,1.4116000000000002,1,0.997097,0.997097,0.08396400000000004,8.655172413793103,6,1,1.2562,1,0.913133,0.913133,-0.08396400000000004,9.481481481481481,6
ENG-Premier League,2223,2023-02-25 Bournemouth-Manchester City,1,2022,18442,2023-02-25 17:30:00,73,88,Bournemouth,Manchester City,MCI,BOU,3,2.6005,4,2.98206,2.98206,1.8967900000000002,7.571428571428571,15,0,0.2773,1,1.08527,1.08527,-1.8967900000000002,32.357142857142854,4
ENG-Premier League,2223,2023-02-25 Crystal Palace-Liverpool,1,2022,18443,2023-02-25 19:45:00,78,87,Crystal Palace,Liverpool,LIV,CRY,1,1.6729,0,1.35123,1.35123,0.3621439999999999,8.31578947368421,5,1,1.0333,0,0.989086,0.989086,-0.3621439999999999,18.681818181818183,1
ENG-Premier League,2223,2023-02-25 Everton-Aston Villa,1,2022,18444,2023-02-25 15:00:00,72,71,Everton,Aston Villa,AVL,EVE,3,1.7866,2,2.06037,1.2992,-0.24189000000000016,11.0,5,0,0.9604,0,1.54109,1.54109,0.24189000000000016,7.105263157894737,9
ENG-Premier League,2223,2023-02-25 Leeds-Southampton,1,2022,18446,2023-02-25 15:00:00,245,74,Leeds,Southampton,SOU,LED,0,0.9448,0,0.391128,0.391128,-0.32892000000000005,10.961538461538462,2,3,1.6297,1,0.720048,0.720048,0.32892000000000005,5.444444444444445,10
ENG-Premier League,2223,2023-02-25 Leicester-Arsenal,1,2022,18447,2023-02-25 15:00:00,75,83,Leicester,Arsenal,ARS,LEI,3,2.0591,1,0.722059,0.722059,0.7017127,7.947368421052632,10,0,0.4856,0,0.0203463,0.0203463,-0.7017127,15.722222222222221,2
ENG-Premier League,2223,2023-02-25 West Ham-Nottingham Forest,1,2022,18451,2023-02-25 15:00:00,81,249,West Ham,Nottingham Forest,NOT,WHU,0,0.049699999999999994,0,0.350849,0.350849,-2.699471,14.692307692307692,3,3,2.9177,4,3.05032,3.05032,2.699471,10.409090909090908,13
ENG-Premier League,2223,2023-02-26 Tottenham-Chelsea,1,2022,18450,2023-02-26 13:30:00,82,80,Tottenham,Chelsea,CHE,TOT,0,0.5469999999999999,0,0.262281,0.262281,-0.6640320000000001,8.033333333333333,5,3,2.1268,2,0.926313,0.926313,0.6640320000000001,11.48,5
ENG-Premier League,2223,2023-03-01 Arsenal-Everton,1,2022,18269,2023-03-01 20:00:00,83,72,Arsenal,Everton,EVE,ARS,0,0.4507,0,1.604,1.604,-1.4651899999999998,22.0,5,3,2.3790999999999998,4,3.06919,3.06919,1.4651899999999998,7.647058823529412,13
ENG-Premier League,2223,2023-03-01 Liverpool-Wolverhampton Wanderers,1,2022,18264,2023-03-01 20:00:00,87,229,Liverpool,Wolverhampton Wanderers,WOL,LIV,0,0.24180000000000001,0,0.78681,0.78681,-1.9150999999999998,8.461538461538462,4,3,2.6342999999999996,2,2.70191,2.70191,1.9150999999999998,7.628571428571429,11
ENG-Premier League,2223,2023-03-04 Arsenal-Bournemouth,1,2022,18452,2023-03-04 15:00:00,83,73,Arsenal,Bournemouth,BOU,ARS,0,0.9178,2,1.74267,1.74267,-0.7201200000000001,14.2,3,3,1.8469000000000002,3,2.46279,2.46279,0.7201200000000001,4.0,31
ENG-Premier League,2223,2023-03-04 Aston Villa-Crystal Palace,1,2022,18453,2023-03-04 15:00:00,71,78,Aston Villa,Crystal Palace,CRY,AVL,0,0.5474,0,0.152761,0.152761,-0.7378439999999999,9.405405405405405,0,3,2.0777,1,0.890605,0.890605,0.7378439999999999,8.576923076923077,8
ENG-Premier League,2223,2023-03-04 Brighton-West Ham,1,2022,18455,2023-03-04 15:00:00,220,81,Brighton,West Ham,WHU,BRI,0,0.014599999999999998,0,0.250045,0.250045,-2.488715,19.363636363636363,3,3,2.9741,4,3.49993,2.73876,2.488715,10.473684210526315,9
ENG-Premier League,2223,2023-03-04 Chelsea-Leeds,1,2022,18456,2023-03-04 15:00:00,80,245,Chelsea,Leeds,LED,CHE,0,0.48140000000000005,0,0.633995,0.633995,-1.2338049999999998,17.894736842105264,4,3,2.3222,1,1.8678,1.8678,1.2338049999999998,8.44,8
ENG-Premier League,2223,2023-03-04 Manchester City-Newcastle United,1,2022,18458,2023-03-04 12:30:00,88,86,Manchester City,Newcastle United,NEW,MCI,0,0.5315000000000001,0,0.359809,0.359809,-0.9816309999999999,14.545454545454545,7,3,2.1974,2,1.34144,1.34144,0.9816309999999999,10.545454545454545,12
ENG-Premier League,2223,2023-03-04 Southampton-Leicester,1,2022,18460,2023-03-04 17:30:00,74,75,Southampton,Leicester,LEI,SOU,0,1.6174,0,1.67051,1.67051,1.0883539999999998,5.964285714285714,12,3,1.0948,1,1.34332,0.582156,-1.0883539999999998,13.115384615384615,1
ENG-Premier League,2223,2023-03-04 Wolverhampton Wanderers-Tottenham,1,2022,18461,2023-03-04 15:00:00,229,82,Wolverhampton Wanderers,Tottenham,TOT,WOL,0,1.9382000000000001,0,1.25588,1.25588,0.6934030000000001,10.521739130434783,7,3,0.7682,1,0.562477,0.562477,-0.6934030000000001,19.357142857142858,3
ENG-Premier League,2223,2023-03-05 Liverpool-Manchester United,1,2022,18457,2023-03-05 16:30:00,87,89,Liverpool,Manchester United,MUN,LIV,0,0.15610000000000002,0,0.837542,0.837542,-2.605148,13.210526315789474,3,3,2.776,7,3.44269,3.44269,2.605148,5.956521739130435,14
ENG-Premier League,2223,2023-03-05 Nottingham Forest-Everton,1,2022,18459,2023-03-05 14:00:00,249,72,Nottingham Forest,Everton,EVE,NOT,1,2.1548,2,1.70877,0.947603,0.14786999999999995,7.909090909090909,12,1,0.593,2,0.799733,0.799733,-0.14786999999999995,6.904761904761905,5
ENG-Premier League,2223,2023-03-06 Brentford-Fulham,1,2022,18454,2023-03-06 20:00:00,244,228,Brentford,Fulham,FLH,BRE,0,0.8180000000000001,2,1.67531,1.67531,-0.007099999999999884,4.521739130434782,3,3,1.9436,3,2.44358,1.68241,0.007099999999999884,6.2105263157894735,7
ENG-Premier League,2223,2023-03-11 Bournemouth-Liverpool,1,2022,18462,2023-03-11 12:30:00,73,87,Bournemouth,Liverpool,LIV,BOU,0,2.1862,0,2.13465,1.37349,0.27221000000000006,5.0,12,3,0.5911,1,1.10128,1.10128,-0.27221000000000006,27.53846153846154,1
ENG-Premier League,2223,2023-03-11 Crystal Palace-Manchester City,1,2022,18463,2023-03-11 17:30:00,78,88,Crystal Palace,Manchester City,MCI,CRY,3,2.8136,1,2.1884,1.42723,1.241732,5.433333333333334,8,0,0.1106,0,0.185498,0.185498,-1.241732,17.41176470588235,0
ENG-Premier League,2223,2023-03-11 Everton-Brentford,1,2022,18464,2023-03-11 15:00:00,72,244,Everton,Brentford,BRE,EVE,0,1.5633,0,1.95088,1.95088,0.23489000000000004,6.055555555555555,7,3,1.1757,1,1.71599,1.71599,-0.23489000000000004,11.5,0
ENG-Premier League,2223,2023-03-11 Leeds-Brighton,1,2022,18466,2023-03-11 15:00:00,245,220,Leeds,Brighton,BRI,LED,1,2.1487000000000003,2,1.51388,1.51388,0.9171419999999999,7.88,10,1,0.619,2,0.596738,0.596738,-0.9171419999999999,11.689655172413794,9
ENG-Premier League,2223,2023-03-11 Leicester-Chelsea,1,2022,18467,2023-03-11 15:00:00,75,80,Leicester,Chelsea,CHE,LEI,3,0.7435,3,1.49478,1.49478,-0.8666100000000001,13.181818181818182,6,0,2.0370999999999997,1,2.36139,2.36139,0.8666100000000001,10.67741935483871,6
ENG-Premier League,2223,2023-03-11 Tottenham-Nottingham Forest,1,2022,18470,2023-03-11 15:00:00,82,249,Tottenham,Nottingham Forest,NOT,TOT,0,1.2992,1,1.62805,0.866885,-0.10676799999999997,16.263157894736842,6,3,1.3958,3,1.73482,0.973653,0.10676799999999997,8.75,10
ENG-Premier League,2223,2023-03-12 Fulham-Arsenal,1,2022,18465,2023-03-12 14:00:00,228,83,Fulham,Arsenal,ARS,FLH,3,2.695,3,2.64355,2.64355,2.0252299999999996,11.043478260869565,20,0,0.20170000000000002,0,0.61832,0.61832,-2.0252299999999996,17.05,5
ENG-Premier League,2223,2023-03-12 Manchester United-Southampton,1,2022,18468,2023-03-12 14:00:00,89,74,Manchester United,Southampton,SOU,MUN,1,1.5585,0,1.18053,1.18053,0.26961900000000005,8.92,4,1,1.1277,0,0.910911,0.910911,-0.26961900000000005,9.153846153846153,8
ENG-Premier League,2223,2023-03-12 Newcastle United-Wolverhampton Wanderers,1,2022,18469,2023-03-12 16:30:00,86,229,Newcastle United,Wolverhampton Wanderers,WOL,NEW,0,0.3304,1,0.709895,0.709895,-1.7453750000000001,13.090909090909092,3,3,2.5222,2,2.45527,2.45527,1.7453750000000001,10.652173913043478,12
ENG-Premier League,2223,2023-03-12 West Ham-Aston Villa,1,2022,18471,2023-03-12 14:00:00,81,71,West Ham,Aston Villa,AVL,WHU,1,1.2802,1,1.99139,1.99139,0.60622,23.0,10,1,1.4631999999999998,1,2.14634,1.38517,-0.60622,12.37037037037037,3
ENG-Premier League,2223,2023-03-15 Brighton-Crystal Palace,1,2022,18276,2023-03-15 19:30:00,220,78,Brighton,Crystal Palace,CRY,BRI,0,1.9244999999999999,0,1.21452,1.21452,0.625793,10.5,7,3,0.7793999999999999,1,0.588727,0.588727,-0.625793,8.481481481481481,5
ENG-Premier League,2223,2023-03-15 Southampton-Brentford,1,2022,18265,2023-03-15 19:30:00,74,244,Southampton,Brentford,BRE,SOU,3,2.6128,2,1.66591,1.66591,1.306933,11.807692307692308,4,0,0.2338,0,0.358977,0.358977,-1.306933,5.4,6
ENG-Premier League,2223,2023-03-17 Nottingham Forest-Newcastle United,1,2022,18479,2023-03-17 20:00:00,249,86,Nottingham Forest,Newcastle United,NEW,NOT,3,2.7075,2,2.50027,1.7391,1.207115,4.925925925925926,15,0,0.1872,1,0.531985,0.531985,-1.207115,10.818181818181818,3
ENG-Premier League,2223,2023-03-18 Aston Villa-Bournemouth,1,2022,18473,2023-03-18 15:00:00,71,73,Aston Villa,Bournemouth,BOU,AVL,0,0.0734,0,0.50014,0.50014,-2.9546,7.771428571428571,5,3,2.8841,3,3.45474,3.45474,2.9546,8.24,16
ENG-Premier League,2223,2023-03-18 Brentford-Leicester,1,2022,18474,2023-03-18 15:00:00,244,75,Brentford,Leicester,LEI,BRE,1,2.1993,1,1.42133,1.42133,0.944863,9.88,5,1,0.5523,1,0.476467,0.476467,-0.944863,9.133333333333333,7
ENG-Premier League,2223,2023-03-18 Chelsea-Everton,1,2022,18476,2023-03-18 17:30:00,80,72,Chelsea,Everton,EVE,CHE,1,1.1829,2,1.64675,1.64675,0.5076499999999999,12.958333333333334,1,1,1.5468,2,1.90027,1.1391,-0.5076499999999999,7.133333333333334,9
ENG-Premier League,2223,2023-03-18 Southampton-Tottenham,1,2022,18480,2023-03-18 15:00:00,74,82,Southampton,Tottenham,TOT,SOU,1,0.9445000000000001,3,1.88473,1.88473,0.12512999999999996,7.576923076923077,6,1,1.8373,3,2.52077,1.7596,-0.12512999999999996,10.444444444444445,12
ENG-Premier League,2223,2023-03-18 Wolverhampton Wanderers-Leeds,1,2022,18481,2023-03-18 15:00:00,229,245,Wolverhampton Wanderers,Leeds,LED,WOL,3,0.7138,4,1.6549,1.6549,-1.10868,18.5,3,0,2.092,2,2.76358,2.76358,1.10868,4.466666666666667,11
ENG-Premier League,2223,2023-03-19 Arsenal-Crystal Palace,1,2022,18472,2023-03-19 14:00:00,83,78,Arsenal,Crystal Palace,CRY,ARS,0,1.1096,1,1.19194,1.19194,-0.34373999999999993,17.22222222222222,5,3,1.6022,4,1.53568,1.53568,0.34373999999999993,12.6875,13
ENG-Premier League,2223,2023-04-01 Arsenal-Leeds,1,2022,18482,2023-04-01 14:00:00,83,245,Arsenal,Leeds,LED,ARS,0,0.07239999999999999,1,0.497609,0.497609,-2.036701,16.8,6,3,2.8822,4,3.29548,2.53431,2.036701,8.444444444444445,6
ENG-Premier League,2223,2023-04-01 Bournemouth-Fulham,1,2022,18483,2023-04-01 14:00:00,73,228,Bournemouth,Fulham,FLH,BOU,0,0.0732,1,0.601049,0.601049,-2.539491,7.038461538461538,6,3,2.8838999999999997,2,3.14054,3.14054,2.539491,12.041666666666666,10
ENG-Premier League,2223,2023-04-01 Brighton-Brentford,1,2022,18484,2023-04-01 14:00:00,220,244,Brighton,Brentford,BRE,BRI,1,0.19589999999999996,3,1.2788,1.2788,-1.7795300000000003,11.956521739130435,4,1,2.7147,3,3.8195,3.05833,1.7795300000000003,6.3125,11
ENG-Premier League,2223,2023-04-01 Chelsea-Aston Villa,1,2022,18485,2023-04-01 16:30:00,80,71,Chelsea,Aston Villa,AVL,CHE,3,0.3856,2,0.765794,0.765794,-1.614446,12.291666666666666,2,0,2.449,0,2.38024,2.38024,1.614446,4.542857142857143,19
ENG-Premier League,2223,2023-04-01 Crystal Palace-Leicester,1,2022,18486,2023-04-01 14:00:00,78,75,Crystal Palace,Leicester,LEI,CRY,0,0.22569999999999998,1,0.198959,0.198959,-1.735751,8.407407407407407,2,3,2.6233,2,1.93471,1.93471,1.735751,12.952380952380953,14
ENG-Premier League,2223,2023-04-01 Manchester City-Liverpool,1,2022,18488,2023-04-01 11:30:00,88,87,Manchester City,Liverpool,LIV,MCI,0,0.0746,1,0.318171,0.318171,-2.694259,25.444444444444443,3,3,2.8769,4,3.01243,3.01243,2.694259,11.0,18
ENG-Premier League,2223,2023-04-01 Nottingham Forest-Wolverhampton Wanderers,1,2022,18490,2023-04-01 14:00:00,249,229,Nottingham Forest,Wolverhampton Wanderers,WOL,NOT,1,0.6775,1,0.383739,0.383739,-0.7306709999999998,5.5,5,1,1.9963,1,1.11441,1.11441,0.7306709999999998,16.307692307692307,5
ENG-Premier League,2223,2023-04-02 Newcastle United-Manchester United,1,2022,18489,2023-04-02 15:30:00,86,89,Newcastle United,Manchester United,MUN,NEW,0,0.0499,0,0.334127,0.334127,-2.997493,6.230769230769231,5,3,2.9128000000000003,2,3.33162,3.33162,2.997493,7.323529411764706,11
ENG-Premier League,2223,2023-04-02 West Ham-Southampton,1,2022,18491,2023-04-02 13:00:00,81,74,West Ham,Southampton,SOU,WHU,0,0.4503,0,0.318261,0.318261,-1.085369,7.758620689655173,3,3,2.3066999999999998,1,1.40363,1.40363,1.085369,8.972972972972974,3
ENG-Premier League,2223,2023-04-03 Everton-Tottenham,1,2022,18487,2023-04-03 19:00:00,72,82,Everton,Tottenham,TOT,EVE,1,1.9082000000000001,1,1.39177,0.630599,-0.192766,8.61111111111111,9,1,0.8078000000000001,1,0.823365,0.823365,0.192766,12.655172413793103,7
ENG-Premier League,2223,2023-04-04 Bournemouth-Brighton,1,2022,18266,2023-04-04 18:45:00,73,220,Bournemouth,Brighton,BRI,BOU,3,2.3928,2,2.63392,2.63392,1.4807,11.0,13,0,0.4467,0,1.15322,1.15322,-1.4807,11.5,7
ENG-Premier League,2223,2023-04-04 Chelsea-Liverpool,1,2022,18281,2023-04-04 19:00:00,80,87,Chelsea,Liverpool,LIV,CHE,1,0.12179999999999999,0,0.202217,0.202217,-1.9868129999999997,10.419354838709678,8,1,2.7888,0,2.18903,2.18903,1.9868129999999997,15.75,12
ENG-Premier League,2223,2023-04-04 Leeds-Nottingham Forest,1,2022,18271,2023-04-04 18:45:00,245,249,Leeds,Nottingham Forest,NOT,LED,0,0.2799,1,0.613917,0.613917,-1.818563,10.434782608695652,4,3,2.5911,2,2.43248,2.43248,1.818563,5.392857142857143,12
ENG-Premier League,2223,2023-04-04 Leicester-Aston Villa,1,2022,18263,2023-04-04 18:45:00,75,71,Leicester,Aston Villa,AVL,LEI,3,1.6521,2,1.00159,1.00159,0.329993,10.4,11,0,1.0131000000000001,1,0.671597,0.671597,-0.329993,10.222222222222221,2
ENG-Premier League,2223,2023-04-05 Manchester United-Brentford,1,2022,18448,2023-04-05 19:00:00,89,244,Manchester United,Brentford,BRE,MUN,0,0.9061999999999999,0,0.64499,0.64499,-0.4995100000000001,17.705882352941178,2,3,1.7546,1,1.1445,1.1445,0.4995100000000001,9.473684210526315,12
ENG-Premier League,2223,2023-04-05 West Ham-Newcastle United,1,2022,18268,2023-04-05 19:00:00,81,86,West Ham,Newcastle United,NEW,WHU,3,2.6578,5,2.84091,2.84091,2.0074899999999998,6.36,11,0,0.2293,1,0.83342,0.83342,-2.0074899999999998,11.583333333333334,3
ENG-Premier League,2223,2023-04-08 Aston Villa-Nottingham Forest,1,2022,18492,2023-04-08 14:00:00,71,249,Aston Villa,Nottingham Forest,NOT,AVL,0,0.3483,0,0.232452,0.232452,-1.194728,12.391304347826088,1,3,2.4333,2,1.42718,1.42718,1.194728,6.052631578947368,8
ENG-Premier League,2223,2023-04-08 Brentford-Newcastle United,1,2022,18493,2023-04-08 14:00:00,244,86,Brentford,Newcastle United,NEW,BRE,3,0.5442,2,1.02337,1.02337,0.4804989999999999,5.481481481481482,9,0,2.2487999999999997,1,2.06521,0.542871,-0.4804989999999999,12.5625,5
ENG-Premier League,2223,2023-04-08 Fulham-West Ham,1,2022,18494,2023-04-08 14:00:00,228,81,Fulham,West Ham,WHU,FLH,3,2.0868,1,1.23261,1.23261,0.776086,16.57894736842105,4,0,0.6348,0,0.456524,0.456524,-0.776086,4.277777777777778,9
ENG-Premier League,2223,2023-04-08 Leicester-Bournemouth,1,2022,18496,2023-04-08 14:00:00,75,73,Leicester,Bournemouth,BOU,LEI,3,2.2461,1,1.92396,1.92396,1.191995,10.681818181818182,7,0,0.5454,0,0.731965,0.731965,-1.191995,12.176470588235293,5
ENG-Premier League,2223,2023-04-08 Manchester United-Everton,1,2022,18498,2023-04-08 11:30:00,89,72,Manchester United,Everton,EVE,MUN,0,0.1005,0,0.949183,0.949183,-3.4365969999999995,12.214285714285714,4,3,2.8542,2,4.38578,4.38578,3.4365969999999995,10.642857142857142,18
ENG-Premier League,2223,2023-04-08 Southampton-Manchester City,1,2022,18499,2023-04-08 16:30:00,74,88,Southampton,Manchester City,MCI,SOU,3,2.8709999999999996,4,3.05999,2.29883,1.806029,8.88888888888889,11,0,0.0771,1,0.492801,0.492801,-1.806029,54.888888888888886,1
ENG-Premier League,2223,2023-04-08 Tottenham-Brighton,1,2022,18500,2023-04-08 14:00:00,82,220,Tottenham,Brighton,BRI,TOT,0,2.1066,1,1.47549,1.47549,0.881351,6.392857142857143,10,3,0.6321,2,0.594139,0.594139,-0.881351,13.571428571428571,7
ENG-Premier League,2223,2023-04-08 Wolverhampton Wanderers-Chelsea,1,2022,18501,2023-04-08 14:00:00,229,80,Wolverhampton Wanderers,Chelsea,CHE,WOL,0,1.4924999999999997,0,0.815308,0.815308,0.21415499999999998,10.176470588235293,14,3,1.1256,1,0.601153,0.601153,-0.21415499999999998,10.035714285714286,3
ENG-Premier League,2223,2023-04-09 Leeds-Crystal Palace,1,2022,18495,2023-04-09 13:00:00,245,78,Leeds,Crystal Palace,CRY,LED,3,2.6913,5,3.22687,3.22687,2.20612,11.0,6,0,0.20879999999999999,1,1.02075,1.02075,-2.20612,5.186046511627907,7
ENG-Premier League,2223,2023-04-09 Liverpool-Arsenal,1,2022,18497,2023-04-09 15:30:00,87,83,Liverpool,Arsenal,ARS,LIV,1,0.10389999999999999,2,1.53631,1.53631,-2.3426400000000003,13.238095238095237,1,1,2.8477,2,4.64012,3.87895,2.3426400000000003,7.423076923076923,19
ENG-Premier League,2223,2023-04-15 Aston Villa-Newcastle United,1,2022,18502,2023-04-15 11:30:00,71,86,Aston Villa,Newcastle United,NEW,AVL,0,0.317,0,0.425086,0.425086,-1.492934,5.7631578947368425,6,3,2.5232,3,1.91802,1.91802,1.492934,6.962962962962963,12
ENG-Premier League,2223,2023-04-15 Chelsea-Brighton,1,2022,18503,2023-04-15 14:00:00,80,220,Chelsea,Brighton,BRI,CHE,3,2.6734,2,2.52107,2.52107,2.05776,10.375,11,0,0.2155,1,0.46331,0.46331,-2.05776,15.55,6
ENG-Premier League,2223,2023-04-15 Everton-Fulham,1,2022,18504,2023-04-15 14:00:00,72,228,Everton,Fulham,FLH,EVE,3,1.141,3,1.92209,1.92209,-0.32053,13.466666666666667,8,0,1.6252,1,2.24262,2.24262,0.32053,13.5625,5
ENG-Premier League,2223,2023-04-15 Manchester City-Leicester,1,2022,18506,2023-04-15 16:30:00,88,75,Manchester City,Leicester,LEI,MCI,0,1.6119,1,1.92692,1.92692,1.0810659999999999,21.789473684210527,7,3,1.0881,3,1.60702,0.845854,-1.0810659999999999,9.6,2
ENG-Premier League,2223,2023-04-15 Southampton-Crystal Palace,1,2022,18508,2023-04-15 14:00:00,74,78,Southampton,Crystal Palace,CRY,SOU,3,1.5492,2,0.86306,0.86306,0.18461100000000008,9.090909090909092,8,0,1.0869,0,0.678449,0.678449,-0.18461100000000008,8.478260869565217,9
ENG-Premier League,2223,2023-04-15 Tottenham-Bournemouth,1,2022,18509,2023-04-15 14:00:00,82,73,Tottenham,Bournemouth,BOU,TOT,3,0.6973,3,1.20598,1.20598,-1.1000599999999998,13.157894736842104,5,0,2.0974,2,2.30604,2.30604,1.1000599999999998,8.909090909090908,8
ENG-Premier League,2223,2023-04-15 Wolverhampton Wanderers-Brentford,1,2022,18511,2023-04-15 14:00:00,229,244,Wolverhampton Wanderers,Brentford,BRE,WOL,0,1.8684000000000003,0,1.5133,1.5133,0.5741800000000001,12.952380952380953,4,3,0.8375999999999999,2,0.93912,0.93912,-0.5741800000000001,14.0,3
ENG-Premier League,2223,2023-04-16 Nottingham Forest-Manchester United,1,2022,18507,2023-04-16 15:30:00,249,89,Nottingham Forest,Manchester United,MUN,NOT,3,2.6994,2,3.33747,3.33747,2.28458,6.888888888888889,17,0,0.2022,0,1.05289,1.05289,-2.28458,16.529411764705884,5
ENG-Premier League,2223,2023-04-16 West Ham-Arsenal,1,2022,18510,2023-04-16 13:00:00,81,83,West Ham,Arsenal,ARS,WHU,1,1.978,2,2.71782,1.95665,0.7568699999999999,6.5,10,1,0.7921,2,1.96095,1.19978,-0.7568699999999999,15.8,4
ENG-Premier League,2223,2023-04-17 Leeds-Liverpool,1,2022,18505,2023-04-17 19:00:00,245,87,Leeds,Liverpool,LIV,LED,3,2.3787000000000003,6,2.65476,2.65476,1.48728,4.28125,13,0,0.45539999999999997,1,1.16748,1.16748,-1.48728,32.35294117647059,2
ENG-Premier League,2223,2023-04-21 Arsenal-Southampton,1,2022,18512,2023-04-21 19:00:00,83,74,Arsenal,Southampton,SOU,ARS,1,0.7431,3,1.43063,1.43063,-0.96546,18.928571428571427,3,1,2.0364,3,2.39609,2.39609,0.96546,4.16,23
ENG-Premier League,2223,2023-04-22 Brentford-Aston Villa,1,2022,18514,2023-04-22 14:00:00,244,71,Brentford,Aston Villa,AVL,BRE,1,1.1498000000000002,1,1.66602,1.66602,-0.36560000000000015,8.3125,4,1,1.6088,1,2.03162,2.03162,0.36560000000000015,9.23076923076923,7
ENG-Premier League,2223,2023-04-22 Crystal Palace-Everton,1,2022,18516,2023-04-22 14:00:00,78,72,Crystal Palace,Everton,EVE,CRY,1,1.3073000000000001,0,0.433712,0.433712,0.065575,8.818181818181818,3,1,1.1770999999999998,0,0.368137,0.368137,-0.065575,9.4375,5
ENG-Premier League,2223,2023-04-22 Fulham-Leeds,1,2022,18517,2023-04-22 11:30:00,228,245,Fulham,Leeds,LED,FLH,0,0.9746,1,1.07482,1.07482,-0.36280999999999985,6.3125,4,3,1.6787,2,1.43763,1.43763,0.36280999999999985,12.176470588235293,1
ENG-Premier League,2223,2023-04-22 Leicester-Wolverhampton Wanderers,1,2022,18518,2023-04-22 14:00:00,75,229,Leicester,Wolverhampton Wanderers,WOL,LEI,0,0.1747,1,0.59626,0.59626,-1.31186,6.482758620689655,5,3,2.7367000000000004,2,2.66929,1.90812,1.31186,14.157894736842104,5
ENG-Premier League,2223,2023-04-22 Liverpool-Nottingham Forest,1,2022,18519,2023-04-22 14:00:00,87,249,Liverpool,Nottingham Forest,NOT,LIV,0,0.1197,2,0.724666,0.724666,-2.6027839999999998,32.45454545454545,8,3,2.8211999999999997,3,3.32745,3.32745,2.6027839999999998,2.5294117647058822,11
ENG-Premier League,2223,2023-04-23 Bournemouth-West Ham,1,2022,18513,2023-04-23 13:00:00,73,81,Bournemouth,West Ham,WHU,BOU,3,2.4041999999999994,4,2.52322,2.52322,1.548533,14.0,8,0,0.43679999999999997,0,0.974687,0.974687,-1.548533,9.352941176470589,8
ENG-Premier League,2223,2023-04-23 Newcastle United-Tottenham,1,2022,18521,2023-04-23 13:00:00,86,82,Newcastle United,Tottenham,TOT,NEW,0,0.1091,1,0.883001,0.883001,-3.102319,14.166666666666666,2,3,2.8387999999999995,6,3.98532,3.98532,3.102319,14.176470588235293,12
ENG-Premier League,2223,2023-04-25 Aston Villa-Fulham,1,2022,18528,2023-04-25 18:45:00,71,228,Aston Villa,Fulham,FLH,AVL,0,0.5112,0,0.079864,0.079864,-0.7592949999999999,8.125,1,3,2.0634,1,0.839159,0.839159,0.7592949999999999,15.3125,7
ENG-Premier League,2223,2023-04-25 Leeds-Leicester,1,2022,18523,2023-04-25 19:00:00,245,75,Leeds,Leicester,LEI,LED,1,1.3744,1,2.08594,2.08594,-0.01051000000000002,5.12,7,1,1.39,1,2.09645,2.09645,0.01051000000000002,7.275862068965517,2
ENG-Premier League,2223,2023-04-25 Wolverhampton Wanderers-Crystal Palace,1,2022,18527,2023-04-25 18:30:00,229,78,Wolverhampton Wanderers,Crystal Palace,CRY,WOL,0,0.7442,0,0.580294,0.580294,0.21317599999999998,8.75,5,3,1.9463,2,1.12829,0.367118,-0.21317599999999998,9.5,3
ENG-Premier League,2223,2023-04-26 Chelsea-Brentford,1,2022,18529,2023-04-26 18:45:00,80,244,Chelsea,Brentford,BRE,CHE,3,0.8825000000000001,2,0.695344,0.695344,-0.5158960000000001,14.4,3,0,1.8124999999999998,0,1.21124,1.21124,0.5158960000000001,8.333333333333334,10
ENG-Premier League,2223,2023-04-26 Manchester City-Arsenal,1,2022,18531,2023-04-26 19:00:00,88,83,Manchester City,Arsenal,ARS,MCI,0,0.2988,1,0.398372,0.398372,-1.6133080000000002,16.842105263157894,6,3,2.5443,4,2.01168,2.01168,1.6133080000000002,10.464285714285714,9
ENG-Premier League,2223,2023-04-26 Nottingham Forest-Brighton,1,2022,18524,2023-04-26 18:30:00,249,220,Nottingham Forest,Brighton,BRI,NOT,0,1.2946,1,2.33064,2.33064,1.414513,4.52,15,3,1.4584000000000001,3,2.43846,0.916127,-1.414513,20.35,6
ENG-Premier League,2223,2023-04-26 West Ham-Liverpool,1,2022,18526,2023-04-26 18:45:00,81,87,West Ham,Liverpool,LIV,WHU,3,1.9903,2,1.7045,1.7045,0.7651519999999999,4.78125,12,0,0.7462,1,0.939348,0.939348,-0.7651519999999999,25.842105263157894,2
ENG-Premier League,2223,2023-04-27 Everton-Newcastle United,1,2022,18522,2023-04-27 18:45:00,72,86,Everton,Newcastle United,NEW,EVE,3,2.7298,4,2.86368,2.86368,2.086672,9.0,9,0,0.178,1,0.777008,0.777008,-2.086672,11.363636363636363,6
ENG-Premier League,2223,2023-04-27 Southampton-Bournemouth,1,2022,18530,2023-04-27 18:45:00,74,73,Southampton,Bournemouth,BOU,SOU,3,1.7941,1,0.988554,0.988554,0.51152,10.222222222222221,5,0,0.859,0,0.477034,0.477034,-0.51152,7.884615384615385,5
ENG-Premier League,2223,2023-04-27 Tottenham-Manchester United,1,2022,18525,2023-04-27 19:15:00,82,89,Tottenham,Manchester United,MUN,TOT,1,1.1016000000000001,2,1.96508,1.96508,-0.4073100000000003,12.470588235294118,12,1,1.6641000000000001,2,2.37239,2.37239,0.4073100000000003,15.285714285714286,2
ENG-Premier League,2223,2023-04-29 Brentford-Nottingham Forest,1,2022,18534,2023-04-29 14:00:00,244,249,Brentford,Nottingham Forest,NOT,BRE,0,0.9707999999999999,1,0.939693,0.939693,-0.38089699999999993,18.75,3,3,1.6869,2,1.32059,1.32059,0.38089699999999993,11.583333333333334,5
ENG-Premier League,2223,2023-04-29 Brighton-Wolverhampton Wanderers,1,2022,18535,2023-04-29 14:00:00,220,229,Brighton,Wolverhampton Wanderers,WOL,BRI,0,0.0935,0,0.603985,0.603985,-3.000725,15.285714285714286,3,3,2.8604000000000003,6,3.60471,3.60471,3.000725,7.133333333333334,12
ENG-Premier League,2223,2023-04-29 Crystal Palace-West Ham,1,2022,18536,2023-04-29 11:30:00,78,81,Crystal Palace,West Ham,WHU,CRY,0,1.1248999999999998,3,1.98262,1.98262,0.4249100000000001,8.75,1,3,1.5977000000000001,4,2.31888,1.55771,-0.4249100000000001,7.55,13
ENG-Premier League,2223,2023-04-30 Bournemouth-Leeds,1,2022,18533,2023-04-30 13:00:00,73,245,Bournemouth,Leeds,LED,BOU,0,0.5937,1,1.33691,1.33691,-1.18032,6.870967741935484,9,3,2.2065000000000006,4,2.51723,2.51723,1.18032,12.55,8
ENG-Premier League,2223,2023-04-30 Fulham-Manchester City,1,2022,18537,2023-04-30 13:00:00,228,88,Fulham,Manchester City,MCI,FLH,3,2.7486,2,2.32338,1.56221,1.130397,9.333333333333334,11,0,0.1533,1,0.431813,0.431813,-1.130397,18.952380952380953,2
ENG-Premier League,2223,2023-04-30 Liverpool-Tottenham,1,2022,18539,2023-04-30 15:30:00,87,82,Liverpool,Tottenham,TOT,LIV,0,0.6961,3,1.44927,1.44927,-0.21866999999999992,27.733333333333334,3,3,2.0989,4,2.42911,1.66794,0.21866999999999992,8.75,7
ENG-Premier League,2223,2023-04-30 Manchester United-Aston Villa,1,2022,18540,2023-04-30 13:00:00,89,71,Manchester United,Aston Villa,AVL,MUN,0,0.6027,0,0.434738,0.434738,-0.870862,23.642857142857142,4,3,2.1153,1,1.3056,1.3056,0.870862,9.56,12
ENG-Premier League,2223,2023-04-30 Newcastle United-Southampton,1,2022,18541,2023-04-30 13:00:00,86,74,Newcastle United,Southampton,SOU,NEW,0,0.035500000000000004,1,0.897175,0.897175,-3.017395,15.352941176470589,4,3,2.9389,3,3.91457,3.91457,3.017395,6.08,12
ENG-Premier League,2223,2023-05-01 Leicester-Everton,1,2022,18538,2023-05-01 19:00:00,75,72,Leicester,Everton,EVE,LEI,1,1.3268,2,3.28648,2.52531,-0.03837999999999964,8.692307692307692,9,1,1.4183,2,3.32486,2.56369,0.03837999999999964,7.523809523809524,5
ENG-Premier League,2223,2023-05-02 Arsenal-Chelsea,1,2022,18532,2023-05-02 19:00:00,83,80,Arsenal,Chelsea,CHE,ARS,0,0.26580000000000004,1,0.785202,0.785202,-1.997998,23.76923076923077,8,3,2.6199000000000003,3,2.7832,2.7832,1.997998,12.458333333333334,13
ENG-Premier League,2223,2023-05-03 Liverpool-Fulham,1,2022,18477,2023-05-03 19:00:00,87,228,Liverpool,Fulham,FLH,LIV,0,0.5823999999999999,0,0.740125,0.740125,-0.17242599999999997,28.416666666666668,4,3,2.1703,1,1.67372,0.912551,0.17242599999999997,9.964285714285714,10
ENG-Premier League,2223,2023-05-03 Manchester City-West Ham,1,2022,18478,2023-05-03 19:00:00,88,81,Manchester City,West Ham,WHU,MCI,0,0.123,0,0.492075,0.492075,-2.5070050000000004,32.75,2,3,2.8071,3,2.99908,2.99908,2.5070050000000004,6.833333333333333,15
ENG-Premier League,2223,2023-05-04 Brighton-Manchester United,1,2022,18475,2023-05-04 19:00:00,220,89,Brighton,Manchester United,MUN,BRI,0,0.8245,0,1.32105,1.32105,-0.017309999999999937,17.095238095238095,9,3,1.9441,1,2.09953,1.33836,0.017309999999999937,6.642857142857143,6
ENG-Premier League,2223,2023-05-06 Bournemouth-Chelsea,1,2022,18542,2023-05-06 14:00:00,73,80,Bournemouth,Chelsea,CHE,BOU,3,1.8037,3,1.76852,1.76852,0.5509700000000002,6.3478260869565215,13,0,0.9384999999999999,1,1.21755,1.21755,-0.5509700000000002,19.3125,9
ENG-Premier League,2223,2023-05-06 Liverpool-Brentford,1,2022,18545,2023-05-06 16:30:00,87,244,Liverpool,Brentford,BRE,LIV,0,0.0888,0,0.183892,0.183892,-1.808108,9.0,3,3,2.8451999999999997,1,1.992,1.992,1.808108,7.695652173913044,13
ENG-Premier League,2223,2023-05-06 Manchester City-Leeds,1,2022,18546,2023-05-06 14:00:00,88,245,Manchester City,Leeds,LED,MCI,0,0.0489,1,0.140924,0.140924,-1.932626,22.842105263157894,0,3,2.9147999999999996,2,2.83472,2.07355,1.932626,7.5,14
ENG-Premier League,2223,2023-05-06 Tottenham-Crystal Palace,1,2022,18549,2023-05-06 14:00:00,82,78,Tottenham,Crystal Palace,CRY,TOT,0,0.546,0,0.306669,0.306669,-0.8499809999999999,10.793103448275861,4,3,2.1627,1,1.15665,1.15665,0.8499809999999999,7.814814814814815,1
ENG-Premier League,2223,2023-05-06 Wolverhampton Wanderers-Aston Villa,1,2022,18551,2023-05-06 14:00:00,229,71,Wolverhampton Wanderers,Aston Villa,AVL,WOL,0,1.9155000000000002,0,1.50158,1.50158,0.6955299999999999,7.142857142857143,7,3,0.8073,1,0.80605,0.80605,-0.6955299999999999,8.357142857142858,2
ENG-Premier League,2223,2023-05-07 Newcastle United-Arsenal,1,2022,18547,2023-05-07 15:30:00,86,83,Newcastle United,Arsenal,ARS,NEW,3,1.3011000000000001,2,1.29061,1.29061,-0.08162999999999987,7.961538461538462,8,0,1.4103,0,1.37224,1.37224,0.08162999999999987,8.208333333333334,11
ENG-Premier League,2223,2023-05-07 West Ham-Manchester United,1,2022,18550,2023-05-07 18:00:00,81,89,West Ham,Manchester United,MUN,WHU,0,0.9068,0,1.1942,1.1942,-0.5719800000000002,7.739130434782608,15,3,1.8431,1,1.76618,1.76618,0.5719800000000002,28.846153846153847,4
ENG-Premier League,2223,2023-05-08 Brighton-Everton,1,2022,18543,2023-05-08 16:30:00,220,72,Brighton,Everton,EVE,BRI,3,1.2187000000000001,5,2.94223,2.94223,-0.29494,17.05,10,0,1.5493,1,3.23717,3.23717,0.29494,3.0588235294117645,16
ENG-Premier League,2223,2023-05-08 Fulham-Leicester,1,2022,18544,2023-05-08 14:00:00,228,75,Fulham,Leicester,LEI,FLH,0,2.1988000000000003,3,2.92566,1.31616,-0.4366000000000001,10.642857142857142,4,3,0.616,5,1.75276,1.75276,0.4366000000000001,7.296296296296297,10
ENG-Premier League,2223,2023-05-08 Nottingham Forest-Southampton,1,2022,18548,2023-05-08 19:00:00,249,74,Nottingham Forest,Southampton,SOU,NOT,0,2.2749,3,3.31096,2.54979,1.3976899999999999,10.857142857142858,12,3,0.5508,4,1.91326,1.1521,-1.3976899999999999,13.0,8
ENG-Premier League,2223,2023-05-13 Aston Villa-Tottenham,1,2022,18553,2023-05-13 14:00:00,71,82,Aston Villa,Tottenham,TOT,AVL,0,0.8294,1,1.18505,0.423878,-1.375992,8.875,6,3,1.8896000000000002,2,1.79987,1.79987,1.375992,10.423076923076923,10
ENG-Premier League,2223,2023-05-13 Chelsea-Nottingham Forest,1,2022,18555,2023-05-13 14:00:00,80,249,Chelsea,Nottingham Forest,NOT,CHE,1,2.1382000000000003,2,1.96797,1.96797,0.968789,13.884615384615385,2,1,0.652,2,0.999181,0.999181,-0.968789,5.15,10
ENG-Premier League,2223,2023-05-13 Crystal Palace-Bournemouth,1,2022,18556,2023-05-13 14:00:00,78,73,Crystal Palace,Bournemouth,BOU,CRY,0,0.38649999999999995,0,0.262022,0.262022,-1.140348,13.347826086956522,5,3,2.3794,2,1.40237,1.40237,1.140348,14.31578947368421,9
ENG-Premier League,2223,2023-05-13 Leeds-Newcastle United,1,2022,18558,2023-05-13 11:30:00,245,86,Leeds,Newcastle United,NEW,LED,1,1.613,2,2.35118,0.82884,-0.4256599999999999,3.6206896551724137,9,1,1.0808,2,2.01567,1.2545,0.4256599999999999,7.892857142857143,5
ENG-Premier League,2223,2023-05-13 Manchester United-Wolverhampton Wanderers,1,2022,18560,2023-05-13 14:00:00,89,229,Manchester United,Wolverhampton Wanderers,WOL,MUN,0,0.0686,0,0.268789,0.268789,-2.832391,13.5,4,3,2.8855999999999997,2,3.10118,3.10118,2.832391,8.580645161290322,13
ENG-Premier League,2223,2023-05-13 Southampton-Fulham,1,2022,18561,2023-05-13 14:00:00,74,228,Southampton,Fulham,FLH,SOU,3,2.4343,2,1.27085,1.27085,1.1212010000000001,7.869565217391305,11,0,0.33399999999999996,0,0.149649,0.149649,-1.1212010000000001,12.777777777777779,0
ENG-Premier League,2223,2023-05-14 Arsenal-Brighton,1,2022,18552,2023-05-14 15:30:00,83,220,Arsenal,Brighton,BRI,ARS,3,2.2904,3,2.21276,2.21276,1.2541089999999997,9.55,2,0,0.5195,0,0.958651,0.958651,-1.2541089999999997,10.484848484848484,8
ENG-Premier League,2223,2023-05-14 Brentford-West Ham,1,2022,18554,2023-05-14 13:00:00,244,81,Brentford,West Ham,WHU,BRE,0,0.0057,0,0.203312,0.203312,-4.222397999999999,19.133333333333333,2,3,2.9901,2,4.42571,4.42571,4.222397999999999,12.947368421052632,7
ENG-Premier League,2223,2023-05-14 Everton-Manchester City,1,2022,18557,2023-05-14 13:00:00,72,88,Everton,Manchester City,MCI,EVE,3,1.1956,3,1.04338,1.04338,-0.14259,17.153846153846153,9,0,1.4578,0,1.18597,1.18597,0.14259,25.4,1
ENG-Premier League,2223,2023-05-15 Leicester-Liverpool,1,2022,18559,2023-05-15 19:00:00,75,87,Leicester,Liverpool,LIV,LEI,3,2.3369999999999997,3,1.77085,1.77085,1.243354,5.466666666666667,13,0,0.45299999999999996,0,0.527496,0.527496,-1.243354,12.166666666666666,3
ENG-Premier League,2223,2023-05-18 Newcastle United-Brighton,1,2022,18449,2023-05-18 18:30:00,86,220,Newcastle United,Brighton,BRI,NEW,0,0.0424,1,0.593493,0.593493,-3.5200970000000003,7.0,2,3,2.932,4,4.11359,4.11359,3.5200970000000003,9.27027027027027,15
ENG-Premier League,2223,2023-05-20 Bournemouth-Manchester United,1,2022,18562,2023-05-20 14:00:00,73,89,Bournemouth,Manchester United,MUN,BOU,3,2.0648,1,1.71783,1.71783,0.902107,13.227272727272727,12,0,0.6884,0,0.815723,0.815723,-0.902107,20.0,8
ENG-Premier League,2223,2023-05-20 Fulham-Crystal Palace,1,2022,18564,2023-05-20 14:00:00,228,78,Fulham,Crystal Palace,CRY,FLH,1,1.1376000000000002,2,1.70785,1.70785,0.51383,11.933333333333334,10,1,1.5603,2,1.95519,1.19402,-0.51383,9.136363636363637,12
ENG-Premier League,2223,2023-05-20 Liverpool-Aston Villa,1,2022,18565,2023-05-20 14:00:00,87,71,Liverpool,Aston Villa,AVL,LIV,1,1.8779,1,1.46948,0.708313,-0.21019500000000002,12.681818181818182,2,1,0.8110999999999999,1,0.918508,0.918508,0.21019500000000002,3.0789473684210527,10
ENG-Premier League,2223,2023-05-20 Nottingham Forest-Arsenal,1,2022,18568,2023-05-20 16:30:00,249,83,Nottingham Forest,Arsenal,ARS,NOT,0,0.7008,0,0.4902,0.4902,-0.6495,2.789473684210526,11,3,1.9992,1,1.1397,1.1397,0.6495,16.88235294117647,5
ENG-Premier League,2223,2023-05-20 Tottenham-Brentford,1,2022,18569,2023-05-20 11:30:00,82,244,Tottenham,Brentford,BRE,TOT,3,1.0321,3,1.15344,1.15344,-0.46323000000000003,19.625,5,0,1.6936,1,1.61667,1.61667,0.46323000000000003,13.266666666666667,3
ENG-Premier League,2223,2023-05-20 Wolverhampton Wanderers-Everton,1,2022,18571,2023-05-20 14:00:00,229,72,Wolverhampton Wanderers,Everton,EVE,WOL,1,2.217,1,2.46976,2.46976,1.18,9.03125,9,1,0.5913,1,1.28976,1.28976,-1.18,8.19047619047619,6
ENG-Premier League,2223,2023-05-21 Brighton-Southampton,1,2022,18563,2023-05-21 13:00:00,220,74,Brighton,Southampton,SOU,BRI,0,0.42950000000000005,1,0.863659,0.863659,-1.550521,19.11111111111111,2,3,2.3956999999999997,3,2.41418,2.41418,1.550521,10.857142857142858,22
ENG-Premier League,2223,2023-05-21 Manchester City-Chelsea,1,2022,18566,2023-05-21 15:00:00,88,80,Manchester City,Chelsea,CHE,MCI,0,1.3201,0,1.15648,1.15648,-0.04909000000000008,22.842105263157894,7,3,1.3873,1,1.20557,1.20557,0.04909000000000008,9.695652173913043,12
ENG-Premier League,2223,2023-05-21 West Ham-Leeds,1,2022,18570,2023-05-21 12:30:00,81,245,West Ham,Leeds,LED,WHU,0,0.2746,1,0.645828,0.645828,-1.8341820000000002,9.89655172413793,8,3,2.6020000000000003,3,2.48001,2.48001,1.8341820000000002,9.705882352941176,15
ENG-Premier League,2223,2023-05-22 Newcastle United-Leicester,1,2022,18567,2023-05-22 19:00:00,86,75,Newcastle United,Leicester,LEI,NEW,1,0.1178,0,0.0839072,0.0839072,-1.9669827999999998,28.727272727272727,0,1,2.7851000000000004,0,2.05089,2.05089,1.9669827999999998,4.1875,13
ENG-Premier League,2223,2023-05-24 Brighton-Manchester City,1,2022,18515,2023-05-24 19:00:00,220,88,Brighton,Manchester City,MCI,BRI,1,1.2703,1,1.92973,1.92973,-0.18513000000000024,13.066666666666666,9,1,1.4881,1,2.11486,2.11486,0.18513000000000024,11.878787878787879,6
ENG-Premier League,2223,2023-05-25 Manchester United-Chelsea,1,2022,18520,2023-05-25 19:00:00,89,80,Manchester United,Chelsea,CHE,MUN,0,0.0826,1,1.68364,1.68364,-2.47751,11.7,11,3,2.8789,4,4.92231,4.16115,2.47751,14.538461538461538,18
ENG-Premier League,2223,2023-05-28 Arsenal-Wolverhampton Wanderers,1,2022,18572,2023-05-28 15:30:00,83,229,Arsenal,Wolverhampton Wanderers,WOL,ARS,0,0.0827,0,0.38772,0.38772,-2.63694,15.928571428571429,3,3,2.8693999999999997,5,3.02466,3.02466,2.63694,12.625,12
ENG-Premier League,2223,2023-05-28 Aston Villa-Brighton,1,2022,18573,2023-05-28 15:30:00,71,220,Aston Villa,Brighton,BRI,AVL,0,0.4947,1,1.23117,1.23117,-1.32728,5.909090909090909,3,3,2.3253,2,2.55845,2.55845,1.32728,8.32258064516129,9
ENG-Premier League,2223,2023-05-28 Brentford-Manchester City,1,2022,18574,2023-05-28 15:30:00,244,88,Brentford,Manchester City,MCI,BRE,0,1.1285999999999998,0,1.18649,1.18649,-0.25244,14.666666666666666,11,3,1.5944999999999998,1,1.43893,1.43893,0.25244,8.125,12
ENG-Premier League,2223,2023-05-28 Chelsea-Newcastle United,1,2022,18575,2023-05-28 15:30:00,80,86,Chelsea,Newcastle United,NEW,CHE,1,1.0561,1,1.51899,1.51899,-0.5002499999999999,16.333333333333332,5,1,1.7055999999999998,1,2.01924,2.01924,0.5002499999999999,6.724137931034483,17
ENG-Premier League,2223,2023-05-28 Crystal Palace-Nottingham Forest,1,2022,18576,2023-05-28 15:30:00,78,249,Crystal Palace,Nottingham Forest,NOT,CRY,1,0.8152999999999999,1,0.436439,0.436439,-0.571421,16.5625,1,1,1.8398,1,1.00786,1.00786,0.571421,7.380952380952381,11
ENG-Premier League,2223,2023-05-28 Everton-Bournemouth,1,2022,18577,2023-05-28 15:30:00,72,73,Everton,Bournemouth,BOU,EVE,0,0.681,0,0.432084,0.432084,-0.6972459999999999,7.45,4,3,2.016,1,1.12933,1.12933,0.6972459999999999,13.884615384615385,4
ENG-Premier League,2223,2023-05-28 Leeds-Tottenham,1,2022,18578,2023-05-28 15:30:00,245,82,Leeds,Tottenham,TOT,LED,3,2.0183,4,2.03315,2.03315,0.8416399999999999,13.733333333333333,5,0,0.7657999999999999,1,1.19151,1.19151,-0.8416399999999999,8.689655172413794,6
ENG-Premier League,2223,2023-05-28 Leicester-West Ham,1,2022,18579,2023-05-28 15:30:00,75,81,Leicester,West Ham,WHU,LEI,0,0.6372,1,0.970352,0.970352,-1.059778,15.65,8,3,2.1522,2,2.03013,2.03013,1.059778,14.666666666666666,8
ENG-Premier League,2223,2023-05-28 Manchester United-Fulham,1,2022,18580,2023-05-28 15:30:00,89,228,Manchester United,Fulham,FLH,MUN,0,0.8456,1,1.88167,1.1205,-1.6271600000000002,16.875,8,3,1.9385000000000001,2,2.74766,2.74766,1.6271600000000002,7.67741935483871,14
ENG-Premier League,2223,2023-05-28 Southampton-Liverpool,1,2022,18581,2023-05-28 15:30:00,74,87,Southampton,Liverpool,LIV,SOU,1,2.7285,4,4.00345,4.00345,2.66381,3.75,20,1,0.1953,4,1.33964,1.33964,-2.66381,31.09090909090909,4
